delta1,delta2,hRate,nu_p
1.9999955816646953,15.493888595591374,0.1947470646587172,3.2074393362857396
3.1876950849344796,2.402713416341431,0.547953526532471,3.23243029954544
4.887998118450176,7.476852110249025,0.8574676399515596,4.038317892578537
1.889421816920098,1.6504665095986142,0.7367047858816815,4.835164836015468
4.46223923809443,7.140779025938898,0.7870682753540195,2.584091582226606
7.4486836006834,6.122913922747626,0.032638779010732914,2.1493374153896805
3.6651167892551237,6.292973638662002,0.31887154945859025,1.7305566316449794
1.8938830644219697,3.9277554805842088,0.5228004068546565,1.4549761208180418
7.991268591468153,13.800298935132046,0.19190194730456972,4.196222344700768
6.398755774582549,13.282519588776566,0.24197672643238846,3.02125361315957
6.11346862261963,2.173366589391518,0.577699466895685,3.0998195999388503
1.23101538471646,8.015338365989265,0.09415597349304908,1.8171557216674585
6.6742675285302715,10.312256164657871,0.6838458731449217,2.969175390968745
1.3699628003499584,13.936121323631934,0.7629006183825624,3.409817995904174
5.002812443954625,11.274486970703835,0.68322641705724,4.625920254855842
3.382689550423622,13.805148010822869,0.1980801832947361,2.948374535731738
2.5326070394335014,8.713111213682387,0.564618258212822,4.4858996992927995
6.35150049219315,13.2973626168222,0.5748207687385148,2.6121461288822903
7.634825280529995,6.269164920573661,0.5995545936893216,4.359341723757906
5.9456551831887205,7.553205686026291,0.6097900136024615,1.9231812517644429
7.5222092138506955,3.6367204782942264,0.8548453882786378,1.5128444972306614
4.077768919727777,7.657043716241295,0.08262403562358141,3.4401336515225593
5.392152620018678,1.3347772776220355,0.9992380828177867,3.7748227382652035
5.674373576834421,8.138588316488333,0.9231885002757746,1.5004942587321997
1.5582790490346532,1.222861683257826,0.5721081053224116,1.6981904266715486
1.4784547739558078,2.177726019949968,0.2288482952319579,3.1510567611711298
4.388882833726759,12.20486717814338,0.338843733105706,1.4734054088153663
7.197962898320238,1.2073312137537753,0.7816461541515635,3.038608381574845
6.610195389761771,13.64072074293007,0.88825136578799,4.650744867855479
6.190040367908705,13.735233714437172,0.26539148837077126,4.150089299061877
2.635946127480158,12.442073615594662,0.8197894937400582,3.2971415421879113
7.590819584251222,16.90058612869053,0.38931504215771384,4.299655918295797
7.460902313505465,9.617061830761559,0.3781698459969745,1.5466729954482925
4.362996147082079,13.449769390930136,0.7779857422224201,1.9060542104196125
6.862125818236403,5.68526535040444,0.6305517911417649,3.7257455101089523
1.7811931497054942,3.086184842182067,0.42257015405272097,3.9116690547927466
4.691136322985386,3.7081468041791474,0.9498386184613412,2.6295960903327007
2.0287225790696612,12.696889172799587,0.6462818241558557,4.451304198263894
1.1627381257025795,4.218910714311124,0.036705424301083686,4.944761910142896
3.5261825051030913,6.355353348631654,0.7591611954519935,4.477615376637952
6.699541434207508,15.462770519344923,0.4471697145880941,4.3977852156317585
7.041384309911565,1.51382401101523,0.22497486237496508,4.2508913756134445
4.143636788975518,6.52423215512395,0.022978474995068197,2.4601410650350752
1.7395897420092115,14.185078479504059,0.7704339421145929,3.829322490121673
7.120798580377516,7.124767891654204,0.5062792833242451,4.988597130773961
3.0724300856533433,7.926497701783672,0.9756907176189334,1.4442843015938587
6.624437838278941,6.807430093074975,0.861961196008858,1.5451430826138268
2.0460790805570257,5.130436323013875,0.9621935725159647,1.4815250989032491
2.13191029448817,15.03355680383368,0.8993381122307292,1.8786378290756387
1.4796804034878825,14.503347193650976,0.7203257446601428,2.3229079806025132
6.455152267511416,1.7023016111484746,0.9363562172915566,4.246657162842654
7.419133448112728,5.678870208990088,0.5591474561850517,2.951400304139185
5.98322043200139,16.94894718021552,0.44477884578262983,3.176808801291099
3.755132664074593,14.648465200030344,0.6461905738067426,3.463922476111692
5.324946581833874,8.909786284578068,0.5115059125218887,2.1072425101108507
1.9759236315557132,14.942756714215918,0.05941569064879337,1.4591563369275056
5.83119898284269,5.622750022488324,0.4982822477846175,1.5506259387592436
1.7668507601953283,8.917690629596859,0.3379865467413348,3.780162286963418
5.949161977004724,10.105380237834977,0.7463562026148289,3.958630363994306
6.49854001459109,10.128226865144901,0.005196727066755173,2.68093960426594
4.248032435649182,10.480696188595255,0.7127886712053217,1.9901501707589866
1.8130100427118245,16.55006754891893,0.09080881928318245,2.276830626513396
2.983826254558394,15.786754013072033,0.08795217739666113,3.3446382641494594
2.1972709986272,4.933558687438667,0.9456569196160289,2.6766077867192517
5.470347514551963,8.817578578480122,0.8290976050402846,4.8745528201162465
2.139102339412089,11.947612734234557,0.9949584021371614,1.581908258111837
4.902240088195812,1.0901702375415117,0.8567642527587228,3.7584725151566567
4.7613103514313915,6.619268055365008,0.14922401447158676,3.130564362349531
6.202058977535392,4.359368361796007,0.935560797929223,4.7088210259164
3.15586111293832,12.715413382642211,0.7296883113959998,2.9943499775992377
7.872022266346141,4.31819234507359,0.06990477577604441,4.646629312705325
3.521891601251915,12.8132769638253,0.667712535620756,2.379231087085516
7.153707490663692,1.8244445235548366,0.6576289618834658,4.292090098914382
5.703594314412198,13.660457264464,0.5501015861994477,2.3696749826166883
4.797834080229171,12.10590095280064,0.7756990094287419,4.034384929335927
4.988929859961219,7.944788778923329,0.4598732673527152,4.322083629820363
6.852905319712096,9.892896570761533,0.7523324693912067,4.854791825934563
6.319055083722603,3.508386881793566,0.7943276047119018,3.433844399335146
6.791240017560405,13.85708550028299,0.7577669208883236,1.4491470505135016
6.1321874776349095,11.236784957769565,0.01734781119891655,4.443425100450659
7.2481269080909945,12.332295293112887,0.7647959831254896,1.7505347420517585
3.231148269826019,7.047766113361828,0.4124464449071739,1.8730993302674017
3.0250575737391308,12.228902283786228,0.6123147424978064,3.9081859109260186
2.5039088013277166,12.7332472082232,0.8003360563877505,4.269274827022253
4.211854891874232,10.912230446784072,0.8842818767193985,2.4587738614979173
2.5861405289799966,16.71821082338321,0.834818900763317,2.1807352755263207
3.4717195395132365,15.804860062347899,0.6698411444592833,2.406728402029478
5.325976590568959,8.203636852299953,0.007092505541843088,3.447257930895462
5.258336907067332,11.982693954446965,0.8025835646000491,2.0477572987454145
4.197298649120773,14.359979464911445,0.2121759925844049,3.742212566444608
1.2347203276013394,6.397133687028335,0.7787018883166767,4.9142124112331524
1.6941314415618203,15.227481100745607,0.7629007670056253,3.1878740261286813
7.447933992859847,10.142439721663376,0.797191549424926,1.646044006037237
7.620875746713855,1.8885257613556754,0.23285432230165864,2.163155626479658
6.377689303681646,9.9569336070976,0.7868614677053107,4.769736795212205
7.360002812397135,7.001830164987307,0.9553637942884287,4.891857413167933
3.390131614245662,16.68068102332079,0.76334646062762,3.506029724498961
7.164831718664891,14.29421426457894,0.8018805586191627,4.745092510126696
4.828087403052814,2.2741737946182923,0.314531429586882,4.094199969385772
4.458556714680217,9.497944197933185,0.6763454081242081,1.4571339880113996
7.337104026137199,10.147313757190558,0.8668333517985559,3.799395848059783
4.837422840820391,14.95526415777622,0.7711325663228227,1.7013965105454716
7.819160050838563,8.115720593177778,0.08882896294520154,1.970559974244106
1.098322454433117,4.356890146576376,0.5556318388311802,2.537206634090046
3.850129601526727,7.6780424248307675,0.914067158950872,2.568154994834346
3.7101259291412623,5.4805086317762,0.016991352087449164,4.58514756872253
4.863285933669469,6.296121218870463,0.8265573842957895,4.554120127427106
4.290512686457632,9.040872820475071,0.27912059810879675,3.8571473063012807
5.7083203309147335,11.103671260371614,0.1794136685346343,2.343784011900101
2.0572506786467653,10.73326010672313,0.7903723031263032,3.6801642125619702
7.279067559533768,14.649483617883853,0.2142569398109033,4.4040124752035945
3.140406788451845,16.515206931416255,0.012650535832923594,3.4895490687647617
6.466832285388601,5.023029614218929,0.040039733401402565,2.6080497464579246
4.747682285986494,4.212299273038272,0.8853562486198175,4.892777168885219
5.544086638346199,13.837848508685564,0.34572450778324154,4.303880160651491
4.0167015978289475,14.834329740139529,0.4058735247156107,4.673866993905054
7.287030581346316,11.568983137557693,0.03303499457043964,1.5771132063182387
1.4524220721895846,13.648750254524554,0.703911103327315,2.5485277856224724
5.3022241120731515,5.082043043961787,0.43304407044207754,3.817054289853193
2.941362524049058,11.142012181325025,0.841709487678088,4.640426677762595
3.6424627290319314,16.752591123016657,0.8658175623099538,4.827149203632571
7.759423703094239,5.727405047741466,0.9003270940116368,4.181017321912537
5.026656911916538,1.596427051611382,0.35605476171765227,3.57928242868694
4.0784270687474296,11.426221559934765,0.8750913323419441,4.3690892307187035
4.601201725602366,15.434759174632498,0.42808678569909503,2.1580491381501727
6.574098655102283,10.799614113767323,0.6526380718020852,3.213185299856204
6.14816958868609,3.310510153010429,0.9282791738561891,4.189137841421667
7.044586965608905,16.218196321102088,0.05268071032527577,2.813636718421852
5.033014589948002,12.18567046268824,0.82654666558086,3.7677986655780056
2.711741462379774,9.815775294388365,0.1691385867473902,3.661738488661322
6.457185253680888,12.642579326904634,0.17501327453249327,2.753034434616936
3.657325752516969,6.45454146097979,0.1909280370898897,2.3547196669804227
3.0675638629663995,1.3873054246438508,0.753780116222984,4.921923695786996
2.0117082032746825,9.448988473006677,0.6779947571723874,1.6712789924950753
2.6787247469278426,5.553359010988103,0.36613738957344627,2.3407786821408374
7.259096129214222,16.961618966292814,0.3146214460092441,4.8572568829636
2.0504243648344223,7.847250071471718,0.5644962730105911,3.653808858029838
1.390731524831383,16.028268618363622,0.5399683943660667,2.365131643713186
1.4600222309291986,12.03358850740264,0.1768461588703829,1.9139729946123263
1.5207007383616058,7.249677985331626,0.8181538860625331,3.4241641395825164
5.671159208824111,15.270441851767057,0.5399900190387901,2.291127718576351
6.037634680429233,4.5649478999890585,0.19810421520765406,3.8673274414339707
2.788875350569336,8.258988728683024,0.6993132015627118,1.7302914730385257
1.4690528597566046,5.397538518646171,0.5198974328623164,4.777227715339153
1.9110526883437957,7.667649307950742,0.8856815615417183,2.8008289713438246
1.5950537483800142,10.983175576540713,0.17355675027818093,4.6538479700786635
4.293903143336812,7.277672376303935,0.8474226552251162,4.655239024285342
6.736684995896248,7.938676113652282,0.5123517172636765,3.2073646443501733
3.681077143181513,8.641831251541934,0.41871220148984256,3.5502825446590003
6.28133944022271,3.641340578194873,0.3889547116719256,2.612563550660048
2.9534268916988062,8.380007278594777,0.639707392405553,1.4534821214237743
6.988814736714469,5.7595581940147405,0.5577889868794111,2.938140241352801
5.184081916115262,5.022677628783513,0.5037585973419259,4.364467909465264
5.1316170051494066,8.281891740613311,0.003354812008411862,4.788160226231675
5.329311177746572,1.6432316121302106,0.5471483769895209,3.8880315276440243
3.1902441972915603,9.858702399374119,0.03779992758941593,2.1197285006009126
3.2933679748070688,16.391869504884166,0.7363192413435302,4.26263828649017
6.849227366477012,16.570215473354693,0.5923268110096714,4.9406921866393025
1.2055805481568347,7.192459903950124,0.38739815191754673,3.1440882579525167
2.2607920986127112,3.618054398258446,0.04542295185344019,4.65607165515543
2.7120695972386004,11.721915951622703,0.9239637028493924,2.002913523489995
7.92185128167807,12.049379366224581,0.25102517539529945,1.5748569442014608
6.123545841323088,3.6077478046124827,0.44965515204177753,2.3465678358642705
7.270991661094454,9.720458060586665,0.24342792736036795,1.5193505297688013
7.352145899966637,14.112896565135694,0.17699400754457598,3.537289883069795
5.5878470666512285,15.022521698050713,0.7516876173612742,4.695806508257851
3.768977037914421,16.513066131349934,0.953411556824335,3.1230502115424272
4.0054496480877555,10.345245844973627,0.5976477206278414,3.229980527674469
5.210399769870308,6.574105726964164,0.32784958779391904,3.3858854752648315
2.964548062384205,12.865637812426133,0.09923480668174504,3.8160263898807325
3.7461045050724313,13.932361932892347,0.38443704347827884,4.280320456079922
1.3823477607050758,14.385451388201028,0.5492508836639124,4.239116505580594
1.7494913719181218,9.172092856976821,0.5969307791469617,1.508837947204401
4.15735618461332,2.2239360444466545,0.15580569045424156,2.3452172539964935
7.324083155571626,8.784264925430405,0.2195214043609171,4.7248485511585265
3.1484407956806635,12.128749099065963,0.11496402159118783,4.601975186275104
3.3789599506212697,4.717423811225402,0.18669177096837264,2.9790304159186594
7.649292677705965,4.7529691954989675,0.9270359183123048,2.748164845942365
4.803016909385,12.521290803676965,0.23331176322634503,2.143622584873931
1.691416112582359,1.507266171284148,0.7529828395838278,3.343967637796909
7.418420864035776,10.893968352999382,0.019221778216613722,4.769417217086016
5.30324495157913,3.5437768279372173,0.6795362230473094,3.406560544082789
1.209825887226253,1.5156946901274628,0.6585956306073227,2.6030186454061504
1.1702385936984139,1.0591231897696287,0.6492855089541928,3.86200589727603
7.129100115870096,9.205216559405224,0.33897834352228495,3.6692954601671577
5.128160375684401,8.353619618095538,0.8340323807554166,3.5732416496539163
2.657750862097921,9.335419922397353,0.22587526110454578,3.5671814957824295
2.6409593632374198,3.62373411218206,0.5944107076456202,2.4653699648281164
1.8477228138142912,12.828822115908563,0.1640556458052567,3.1674500551837004
3.159516099038197,7.174500290433885,0.05495958715359481,4.098478308530898
4.3932032163710435,11.01086746934448,0.8250566244399821,2.1012719217216724
6.353646764112283,7.163501125853428,0.299559895424359,2.6614836196059932
1.366019078545538,14.96039507139191,0.6155370590899608,1.909631585289414
5.83226335803448,13.85256059141877,0.5754660015348447,2.302843556905432
5.2287980071240865,5.372217641811494,0.8203867247093671,1.6933096894001987
7.58986817572632,5.748521888839112,0.6718873498361824,2.868102090665769
6.057191994059088,2.5570651703347282,0.16700015578881483,2.8634820024162626
4.455095598539154,4.475122449338289,0.21897447943500747,2.8782236337289526
3.3411632072871282,4.915013488652468,0.5212090029368848,3.785754015227233
1.6661822861347209,14.224016824022405,0.7789420544789336,2.7813840864948483
3.8533384629830416,6.932092638776921,0.3257350357310784,3.949440392831294
1.7854766177435726,4.994328599446461,0.7029089003234383,3.634648660128288
2.8978342881198906,10.050437232439535,0.9246240835940955,4.050069204793768
5.910322646396556,2.411637728581401,0.8809300197958221,4.586878759858021
6.638284643889455,3.89650774247328,0.6417462777322469,3.5876045842660695
6.174506370856003,11.867555625343142,0.6750201019966112,4.782593808865521
1.4868215593533083,8.314769406047255,0.011292503983421232,2.1385662475007075
3.0366859614758352,7.459214068725691,0.18958196968282545,1.6414838704737555
6.265037080167217,6.388648665784673,0.367577597716846,3.304847872817732
1.950324331269998,12.94518242807683,0.445385389246744,2.6343226346134054
7.665835554891858,12.11146886391233,0.48333932155445497,2.782644819148601
5.459062535825161,3.5060489252109335,0.0847362932297489,3.2917951156600633
1.0793053946595157,11.953810823375719,0.35832184132864137,3.3394266300044517
3.8306623797068524,10.403855246413281,0.3836838508339598,1.62323946110524
6.255825921900086,1.6136955469186187,0.8741217956661314,2.808836147266676
7.962427198279999,5.667404973036306,0.13078169134517517,2.807553923980341
5.7002013731827885,7.614805472904987,0.7587285515024836,4.462625709721582
2.537447502788424,1.8769355954398192,0.5668822781303392,4.201520373978937
4.679265505675771,2.404826053371962,0.72321024072884,2.89510069545591
3.7975635894798554,2.0058923779680105,0.09857130137053606,3.434020631619973
1.603896901479561,16.761356863352468,0.051995024857956575,3.035506487424403
1.3395416105660165,13.83959013871742,0.8223077890968127,2.1835038652997794
1.2692061034970477,10.624744217560458,0.7814781835659695,2.5713721105552643
7.237562341939583,11.036502477811478,0.3650505834298438,3.3693893858611315
1.2875334549835857,7.621987586265197,0.20070933496326257,1.9933351202387126
3.4286620360441398,10.735352918398574,0.5992704655250648,1.6159722523300313
2.8570970206166195,11.598287875164594,0.14531514009884924,3.2758673202498843
2.5687674379540115,5.7994059544439,0.16610428899605004,2.911336289645944
6.999831626094004,14.594225230975129,0.7853819211091146,4.497638099197003
3.061572776034197,3.1179158104450586,0.6399704725145328,3.508959923877732
2.699289904083143,7.500738864654719,0.23673910231524528,3.601697187010031
2.298144354977156,5.021557959102325,0.27759817692644867,4.462786727138922
7.919296669111888,12.521784224962722,0.518341969871556,4.765303449618088
1.693267276693311,11.114436776095495,0.32053709609258574,3.621343306551008
5.927385642653033,5.841214735041835,0.21000673909789006,4.091572279053186
7.270432072757097,2.716855366231139,0.3291079087537391,2.608955486546359
5.53447690706222,2.238045983558321,0.9446180327225708,3.8521833602937168
6.034880627227931,13.823699512147611,0.07366764571096075,2.0509269261066354
4.175507563082137,3.370773561036048,0.7500240821864465,2.9339428808522863
1.6387197703188046,6.16528844702879,0.37295279534664233,1.6850781483696717
2.794024428253228,16.922989451691908,0.31227314116344435,2.641266361641295
5.892051051684018,6.794064808811258,0.3024413919898082,3.120624856680025
1.614359156650211,2.1670236164247276,0.9551021692406532,2.784979905761668
3.037871063442653,9.257655092799137,0.9543347104788803,4.529354556002539
4.373222218915741,14.555091081176732,0.8701660402768854,4.540758378811585
3.150500663553636,2.1381305379176987,0.1212676146952964,1.7182752076888823
7.5506716897548145,15.099793145872225,0.30983593970702433,2.9671044685563595
2.952390130095998,5.353362042899924,0.5922892710255332,3.0429494084152084
1.26130335856405,12.457231282847218,0.011064473216000974,2.365018853058494
7.1608962359078125,11.753885151045552,0.04815636447790321,2.235286000961001
7.387562346899431,4.985571786068306,0.7087771384130238,2.0563087659351287
3.1374745142258798,10.756709520771373,0.4177489332247744,2.5016194429669727
7.3336775712603774,4.284828347955247,0.6113127289098023,3.881385384760772
6.449543751950051,7.210693350091794,0.28398896956034264,4.911627943939588
1.227920138014965,9.824235253274,0.17840475284893542,3.913531210460204
7.144237647830369,13.227270727928293,0.036671635498895565,4.282432180869864
2.8993254469285965,13.085472544224958,0.7100103005390221,3.496697372450002
3.3530304515108087,7.250616054114938,0.34181973926218345,1.7283649849549196
2.6457903133849308,7.44202984908249,0.2785439619164804,3.6847890607625384
5.414920004585531,3.267066585661806,0.41873927790938414,4.297247376112549
5.9865081047993005,15.792083908826351,0.9320777313683821,3.8122558217612914
1.0693404434057616,14.728203228396643,0.7999424324082487,2.330507800461982
1.5207515124668398,14.422864672124827,0.83180697788947,3.8391383228450198
3.6170842527667952,5.468540708393213,0.34619435470783283,3.9200216418577987
3.2625138121611483,13.803757630571093,0.4135485467978141,3.299565148594319
7.995440556879146,10.479144308790698,0.28944910937826945,3.7531023915024386
4.2724409468593345,13.936575944282035,0.6463005544065733,2.3246048515872237
2.3692304223335174,3.9494756346230755,0.8873885438619804,1.474336076155535
6.272112026068649,15.902322742613755,0.23588635450601494,2.369725602820753
6.236052570486538,12.141645384713968,0.9003668874266699,3.4049102363715593
3.850388106446365,1.312689506271978,0.029622613233287635,2.1996112086043564
5.099668909738851,6.279430029095027,0.46323535757327516,1.5487694741101314
5.3716653373882,14.845555626449924,0.0025131151490628474,3.5295604140119337
2.598684328367473,6.767609180846282,0.17863367143537887,1.564647289816195
7.467389615342698,10.279708912070088,0.016564745712173447,1.8653284395995293
4.362064313513454,14.174986507515062,0.04858243783725308,3.5906731333140636
1.904573799929219,2.000909475764025,0.8345574295100844,3.8575905887664863
3.199267249044637,9.856969744580447,0.3927497975602502,1.4315142935401943
7.595791953817735,12.30624382412605,0.16105160461002452,4.950428624971336
2.3146376091026934,5.827429504658948,0.007247759145046802,4.841192858073128
5.783786317497269,7.460732338740973,0.09103383148516625,3.92655403517065
2.900482113943698,6.968555657637664,0.6984733961127286,2.4664047728778526
3.6700822772338446,13.51006329174873,0.5129154988647603,4.2632650110914865
6.295121373269272,13.536837970794986,0.15126286491688226,4.773348510391932
3.3150166254464732,1.1313550867881084,0.6334125871793579,1.6156718255920082
4.8967739700554604,1.099744537046448,0.44764910035688665,4.332673206454669
6.914733574533713,16.239678342703566,0.5099634664694038,4.3301269691158595
1.4503747246413017,16.753658894897853,0.011971512420594235,1.8381709966064372
6.418669645053869,3.311076335143524,0.018396097671341767,2.939048294627295
6.290698825793098,4.496691582295966,0.4062595625664377,2.1728094029886376
7.234872156298644,5.69885699452837,0.5898791041990085,2.851631338791465
3.6036228149040683,13.174332947805388,0.11672344199134145,3.23085131844566
5.3582043305607545,12.63524782911252,0.42110783367854565,4.536881161943947
1.95347574096148,3.1008632112496666,0.11735693594585626,3.276329727772561
1.8190682568987542,13.565079366266405,0.6163646856872689,3.9425752462991714
3.2711233371092163,7.681919084985472,0.005679848439652409,3.7040046435631777
3.786748115818244,5.421031746317004,0.26195820647979995,4.222860267986105
6.420480677076058,11.114158880733767,0.05831487356614226,3.138821226376786
4.142693403826291,12.9014272080862,0.011249240220471772,3.352918287801086
3.4770268019995694,11.994828249774919,0.305881838215494,3.091568528254543
4.243787775747991,6.947189780878209,0.7942632781626284,2.254682161204142
6.917229804161785,6.956830127676395,0.04148965662206079,3.2598868809056536
3.655969767015307,15.064094680452763,0.7340820862103032,2.205673114208973
3.0227478116381157,9.779658285174103,0.6426344910760419,3.4015296422818118
5.914770447991532,1.3448857814803945,0.6414475191417199,3.5598617191300086
6.955698042664644,9.348139643347428,0.8672348369077316,3.6964146621483573
5.1853951415750235,11.730641913959182,0.1281369308816616,3.0206952232786937
2.086161286539275,6.443063088293261,0.6009089728978921,2.914394288947888
7.505803384611121,1.455643187115281,0.23196120450704968,2.100833330617501
6.1828603141025145,14.045605869635915,0.5765641577761023,3.103646151048125
7.062041247386594,14.364639528656046,0.8023204872434571,3.4673799272456507
3.180283801863805,15.835730135517618,0.9880038565200001,3.6799911705869857
3.6289419333985613,5.715373795190139,0.23640500477361548,3.326215829742711
1.5126512345986327,14.710258296080356,0.07029489280996828,4.124737955263217
7.769864360000296,1.709040664673225,0.29022703256183646,2.5699037446174007
2.978399603472704,14.538875862519623,0.38410794850912633,2.1846763859197704
1.6867356139592757,13.313756589045955,0.06046329886440316,4.038994811406566
6.653803422778545,12.899399607343115,0.5983602095500697,4.432000546162975
1.366973156300315,2.332124891869971,0.35265897599284457,4.800752513638619
5.4424658474370355,7.7414852575545945,0.22733210392797104,3.3587818485350853
7.649101516247942,8.017010813401958,0.4224805317931043,2.2582414753720492
5.045462653902458,3.8685995980282,0.3899928829989786,4.355764896108771
5.500376419319536,7.172376112914206,0.4123135060160863,4.963787951742628
6.419338859882392,2.955339435199014,0.7125018010336042,2.9830557484857176
2.2905315816657845,11.987941366839776,0.5910820556655076,2.1012405344411387
6.271086306392127,9.586383079297176,0.5606954208579833,1.837867008738234
6.421775834780506,2.8653903781791357,0.7775005592900373,4.873798009628803
4.8438393037530725,6.84341331089576,0.8429976855120205,1.7284727079787854
6.398324479355458,4.20887614741899,0.9980230324423919,1.6410308482766138
6.043378327580666,5.994900759778181,0.4759047937028211,1.8260130524888962
3.735340656710975,3.7199504322201586,0.9871348206495687,1.4788990139660274
1.832110542638744,15.84514535885287,0.1526972095810658,3.805749763424746
7.8122318888869176,1.0193735834075153,0.7011434029088071,4.008826580525848
5.387412564162348,13.622456568145616,0.1297132788391417,4.212558732888808
1.0731571355649967,13.451911856082166,0.8879773562643521,4.170889239092747
4.624039658711368,2.7932258440537368,0.4956858274300605,1.7260247136537152
2.7975980318042195,5.902038919313541,0.13375172891460665,2.991186111292273
6.5572398940861225,2.5173216985229434,0.4846595611883976,1.9308629010172758
4.080626935458324,1.1695201734276068,0.3209866875509426,4.843338026634288
4.62334557969482,9.580040764452502,0.8367602204870888,4.675012804540843
6.379119720619098,8.981325402117193,0.5018878506161842,2.5175225216713772
1.8235236755533535,16.626225465470977,0.9892150880262361,4.015974777112879
5.352590476171428,1.9222869602493589,0.8668204916390009,4.529574600871743
2.2508305650660887,3.1817657093495253,0.24356902205444486,3.811686649025716
7.250559482482242,12.325843551827852,0.1855572075856189,3.378899977830973
6.2952113032941845,16.002077214219142,0.06355516472212108,3.43324460942039
5.8661030145666775,7.553649435861142,0.33748034721315545,2.712280383492035
2.7361364258378145,3.8334506597521263,0.054835030196098755,4.9219114523544985
7.379827144332887,10.242374531787911,0.46925933291754157,1.43133605914302
6.276204509061666,4.975381678799622,0.7513346727290984,2.3267713744730965
6.195422567201797,2.903775332194198,0.8917205948002425,3.5792807991298394
7.6515464924600165,15.760342257765226,0.3970723238850149,3.1257638871840854
2.327026784131535,8.978225982542194,0.9478814778860555,2.917133161254367
2.8075930085774097,10.536555727055722,0.4492540593488772,4.087386291970678
4.7387869219801315,7.6808063685208126,0.24736347806781694,2.0607468185893585
1.8058764546312465,9.318394230713288,0.3488461021148625,3.8635053105950683
1.412099505732901,3.154238063210447,0.6615114315627278,3.3598228545854427
7.227353531649721,5.7306653222531665,0.0852117056815745,3.5487710882812857
3.742383899058826,13.752311323599935,0.979790921377049,2.1116764609168857
4.917328341352967,14.648227223821268,0.7785409813727182,4.436817462643467
6.64202727664958,6.230273848240841,0.121166715333125,4.169058553761278
3.934831180500468,7.938543262260906,0.3082240680113756,3.027598399164902
6.566085157745101,14.798143126283076,0.5672383391585916,2.789590716009573
4.976441851863636,12.935052865648098,0.955754202393468,2.5232087443181235
2.218459072814264,9.672488856624106,0.15020498911993624,4.395997024743436
5.308914770337981,3.0837347835196516,0.720182650556597,3.186611763505734
1.010058354731256,10.673824763596597,0.10244329104950525,2.650121898102156
2.854106585587925,9.34511110006759,0.05630988483579548,2.79965879487951
6.053742504522516,3.8285659204185345,0.059528295116324084,4.005344288473124
2.196314986531639,10.124520840196757,0.5138847454111225,4.990205091256577
3.993273498786727,7.240482397974152,0.777876280251071,3.1363354721621532
6.815355972368111,2.9595820943174913,0.3072506961626965,4.339276997757481
1.8529705398006282,8.51080006175818,0.12059424528089296,2.4208005143862406
3.256556109584862,8.405005995669077,0.16023077958754764,2.658378137196883
7.033996224455954,16.99164814866594,0.2643616812499414,3.5463910619578445
1.502263208992357,9.720880985921713,0.08629686500015767,2.6680185210859593
6.704765673173202,1.7391240734300986,0.8786494509903474,2.3776614428352203
3.696823066664374,15.249011636827758,0.9956982121118073,2.8487605531880664
5.177296218451019,14.863971819042332,0.3615681583486219,3.838801467500977
6.037670647225919,1.577772369151017,0.6657784021725299,2.3526565998812607
4.389477253843696,16.519854662156344,0.02679070742374528,3.5113227827510856
6.988452834939107,16.67389553875732,0.6846942983881742,3.2359893747764086
4.023685913920578,13.305556837759918,0.648903820227467,4.509776363208888
6.920473217648477,10.956080843670959,0.3898810918379347,3.5530296231087553
3.441278202050575,10.269083335563161,0.7667346472504609,3.5021046160189795
7.109695071296929,2.5053990497537475,0.48437754220661133,2.392186064158651
4.387176808925778,6.777426455428661,0.4489752286382375,3.2801240886779675
1.1532784767732542,1.8813791528141093,0.23819814165130462,4.919154908425258
3.5799360347275675,1.9469994634770322,0.627286364477906,4.545398854302827
3.6863761025609563,11.766720041635926,0.570219507510733,4.832702526956847
6.98265574055615,13.906078031269429,0.08532038465825176,4.435292114602437
7.808109622453933,15.492699550713263,0.46041558463930293,2.3735695975109783
4.256036884463651,11.343744733254159,0.08525055034358041,1.921187237657394
2.0300663628118283,12.589311134501605,0.7855846357290794,2.5236923580923163
6.7958309861,13.004499425797738,0.15513194997890015,4.022218615432438
6.8389670885137654,10.014674854650401,0.694825486044561,1.9205388310601974
1.7122199421349094,12.140366627415045,0.08108409501360003,1.5247478495568418
2.051841663273349,11.520061728353552,0.849639579279548,2.426128702168148
5.531536509460048,4.784553092634929,0.8559978752603274,4.287981872970271
7.693182731128407,8.460849892513803,0.5875335926647822,2.380491150112719
7.6073460688625625,5.945431155638659,0.31978216769327944,4.454105590206911
2.9701969859172035,2.3350045423986403,0.6644635816878323,3.4177788336163495
2.591107308136054,14.16532792433071,0.31741021290578664,3.8555381588068953
2.107955957213541,11.570903342842156,0.37690388595456115,3.5442335023371214
7.096865249858357,9.184486183900242,0.6780876477450319,4.456267828998913
4.437222927244432,4.11237087545422,0.6173756962609375,2.0240406609790296
2.001172897752037,16.813007373257406,0.5140554706494639,1.899752399336343
7.395045209058739,12.877543794965785,0.7440675476274775,2.0427390929790668
4.653938794775548,4.173001156918344,0.8259320404009025,4.060972797223621
3.1257006386564137,3.566744405721024,0.5347072587639553,2.2920104080784616
3.6667323062930812,2.39408859123509,0.7231967537309537,4.948081021023909
7.377868239797089,16.31672247010015,0.44939165486204835,1.6495856418619412
5.713841808497678,14.827419170856668,0.8012834773939294,3.1749597999395145
4.163397446306252,3.2294482545111616,0.5365937787940914,2.9600307192599593
6.994350567944145,7.039028907487568,0.5976367394017815,3.5269438520197314
3.285312418271733,12.023936748357553,0.44453078779625727,3.800399241686397
2.636753348466827,6.356632961894867,0.11260446729663823,2.0678216108168836
4.577347597737811,16.129366678585548,0.868954068399323,3.69728255224147
2.826951400035933,3.2357241087884883,0.11778375337587373,4.251987991091052
2.225880488553976,8.791719229057087,0.9217772459671818,2.8764458946836253
7.890559685189722,4.786638971531247,0.03971063478402017,2.2094538114543374
3.690930595958067,15.65712489910003,0.2574262195453121,4.308623962654681
7.675544119702538,15.560053448485553,0.8470023611758783,2.5061451732034654
1.3529344141009736,9.619040601758892,0.6377948768413698,2.9929724454147326
4.9263846884719635,14.446893104765763,0.9926081781630971,4.543303216804871
5.274292119608724,16.011221522749263,0.03248888703865127,1.8317358406451199
1.4563092050286097,4.880375314315189,0.6922392404987994,3.153993990300851
7.120600175638294,4.10870433014149,0.29582898944544994,3.978945939187797
1.1072601905532284,5.363817250183033,0.26367363899303803,3.2873927674598553
7.449658139015254,4.7036993678513825,0.1964909364961561,2.810878375463272
6.030143458348152,12.89447552815195,0.9342730797563511,2.620710767242551
1.0354793870798016,8.217592084312951,0.5293506090400206,4.347596639814023
5.040778174003819,15.248667772424575,0.7655079590373822,2.8226785557711844
7.3093767081199745,12.102226057019319,0.6181545446150915,2.162963402356802
4.126002205415016,9.854935605927448,0.5456254935151303,1.6660629453715838
2.6311309805008363,7.014368368152204,0.33511102821985017,4.957712965964209
6.139305613402728,7.496211851817676,0.6641718132994279,1.6690400094845896
3.426406805910476,8.069987633659773,0.7836781784446085,4.909461797761768
3.0710326496332834,1.3912317062142339,0.6581409815514515,3.8583553138248057
1.6370407375298137,11.450045164914842,0.7827970510669754,2.6576055064515645
2.331953130998294,9.229098301801576,0.6907213385734517,3.705877553449236
7.974819625942303,14.26063454307502,0.07066902621183191,1.7835906505021277
4.456087688196618,7.475290856806171,0.5659610090898854,1.9101214424761113
2.6582508451183866,2.9025876982759313,0.3875587579635908,2.627779670673538
3.629400673756322,5.596842090662014,0.9603107748101266,4.980866801178983
3.088135131399044,10.10101084766165,0.5989245411764167,3.5834687469362843
5.3143437346673235,13.830879807960024,0.1959397389415122,4.252162638245846
5.109545998809939,15.666907482870123,0.4553619012178872,3.4063479123445135
4.798248861036237,16.412781906883485,0.3312071535038796,4.407113018157627
1.3688240178521396,5.363646727424036,0.7386056415033275,4.3057911551266095
5.492949433089587,6.1370433208863835,0.07993169492062485,4.342903174789073
6.650079794426069,7.885940862453747,0.1259602569543245,4.217706357541574
5.920480970182099,7.50086050885787,0.6481131904882008,4.943102825363812
7.935352247327598,16.942277417653376,0.757917442930086,2.080784768737475
7.854454102267873,4.01326826108446,0.32579891385698106,4.580232540963177
7.243223245404701,6.1830922189204625,0.07298466949919442,4.356776177240568
1.6915193073585353,1.0333971789152323,0.585558929243273,4.1019919033982895
2.951280915863792,6.366843583144462,0.7657547439775461,2.7639405243710264
2.620552201626282,7.514136177509372,0.063445446173441,4.733439065186003
6.216034188339339,1.65656183158086,0.5816535693385236,4.890108864453643
1.154750696051704,9.828888765714105,0.8089848459967084,3.647848472617602
5.550747324781274,2.575356841994782,0.11671863507218791,1.4340606602590804
5.970177204966005,16.100773035452587,0.14144793861019012,3.3440254482747065
1.2903371903910763,12.453344707817925,0.3905582074980375,2.633707540367842
3.250186890739791,10.60055200004553,0.39854343437907025,3.7891572361325623
1.6526206535072705,12.036756282070398,0.8526226329488024,2.4559855327569595
4.574282011785664,12.83288093773264,0.19323132371459445,4.603138561541938
2.0953107348064233,6.77808106785512,0.6495634440764082,3.9656673359793317
6.541364601513294,7.616210735519148,0.4133474290816543,4.504058180171029
6.009621345721816,8.066983440890288,0.10080006177556684,2.4331178081179745
6.683448977266298,6.580309299834845,0.2678885795648506,2.4341930548990813
6.317248354704454,4.954591013443074,0.19317555735558178,4.405949489209848
4.167166588799475,10.548714838425598,0.851621634269328,4.269715057444649
6.393608731127125,12.95423512997505,0.6270015100080346,4.396048508281684
5.924932556117489,6.1515382334156135,0.24156184759186383,3.883965564897539
6.691691230276647,9.860066225096546,0.437799267194429,2.2492803466236833
6.326000401219369,15.08226922018668,0.4392708730966831,2.6732051186611456
6.038461022417081,7.736212600677776,0.8536358196315321,4.155124719112701
2.356040932285605,4.929149345734087,0.8635482890005587,2.1519551096212233
2.4297795554848935,3.8619914422848476,0.5226094474859321,2.460288819405588
2.287885694064063,8.799267592674456,0.47249957174565604,3.305967933134494
5.48951053232421,13.745960374131675,0.6281147099005563,2.195097221230899
2.620583072137657,14.465146937835824,0.9597708582436488,2.599920282014666
3.0017987882379233,11.78988297408083,0.3879625659443195,3.0982337016876818
3.7258111497244544,16.937864203089966,0.532300574270524,3.507582724464393
2.8049852800076294,11.033619392714444,0.9306057650025806,4.954376737299133
6.072467619744543,8.726173351893841,0.9299312933395122,2.197316108377087
3.2583084442255608,8.87864307967294,0.21413617815082406,3.117094844937456
7.7435675947190985,2.7609577434902564,0.38749799389985196,3.6518770768891704
3.9366080276096347,13.913691076568796,0.488007928112075,1.7950519739399513
3.799112295986769,3.499978884276455,0.9282062052200897,2.1630624217953276
4.519045491804617,16.189324741439265,0.5135652843689874,3.1319645806655028
4.818580513208651,5.339672995672575,0.2645433526364332,4.340054219137759
1.2076154143359183,1.9461086103019625,0.4057097556985622,1.7131089180096928
7.896066935599592,3.0851576845226854,0.4798199040413277,3.5331691458357803
2.2203054759001746,2.957832970844484,0.3606146803872701,4.912459362156439
2.0314056742292665,4.663389569581048,0.9326788279589775,2.178522843863928
2.2105770634873108,5.731604457779527,0.1108003899193745,1.5470262195439302
7.622033778776584,8.884807028180607,0.7589693636237497,4.6624763607956465
4.354980691619572,3.820859549857387,0.6865758636739041,4.476544173735795
2.60581721669771,15.871933715885117,0.24339090687018475,3.2387108222559253
2.182815168949945,14.915871922002863,0.7787305418090608,4.30580114619706
4.2123406788100635,5.923113488239875,0.7802987192648619,2.707611000983813
5.04781997091182,6.824778363836255,0.08913735749022705,2.7677929323171715
6.3249090520011535,8.496808204457599,0.10486251868781984,3.775627702450321
3.089547547778111,6.602311840677279,0.28920769563833093,2.6519904504134453
4.735412998185462,14.550725594497132,0.5346269734892994,1.531688055536422
4.159031632531712,2.2827484457696134,0.7030880554912385,4.609510719917861
3.4950810814626414,2.1970582335900763,0.7635199197071397,2.492318831000206
7.93346899558618,1.737527591697182,0.15235434367443967,3.266986662771056
5.593698465400103,4.962301129417906,0.2878536754282867,2.9934262793047637
3.6822409269629053,6.520364028271254,0.8560643745372543,2.7717618153409846
3.740423952841348,13.452921334120358,0.25991599944327964,1.6392543166229836
4.91174954790126,7.754786635811116,0.6776264371873087,4.897496129527927
2.830263067999911,3.445320745525475,0.6185674991823185,3.1339035502647494
2.869454656713968,16.434404578185056,0.9761151665208702,4.456293767479474
4.943808647052553,11.656315624026831,0.0522113761941514,4.183603107790699
5.404492293719317,5.366845260150646,0.7509157438270726,2.74054818471902
1.3098436146805483,5.539741006760769,0.6594099288758328,2.035582236879936
7.508446684854271,10.808064986522654,0.5265289621317647,1.7587753887619684
3.510546065083332,5.808220847682739,0.5362863470987601,3.854940014051598
2.281857432938566,6.215611669615136,0.1237806035819695,1.9233000065595698
2.8455777813665954,3.657421847753201,0.26989083499774347,2.710023522933077
7.032596124765192,13.907943187527554,0.4916316669319582,2.3211692586148476
4.644862170213364,14.408165761836097,0.3147493026060531,4.83385554758971
4.34783996326123,9.813185015723148,0.37112528808466033,4.185907522881836
2.95759745810926,12.303225185826749,0.9566495361546868,3.269878493939095
1.7889582792723273,1.9252014020261605,0.49607147656506706,1.5006731346599036
3.3977210035366947,1.2957143655588301,0.0320301997549515,3.119293031293033
3.80336320019143,16.099320383309074,0.7093845002223292,3.0360122053856617
3.3470867762405407,12.192885898285756,0.4920534088007784,2.5672190664303467
1.586943961726718,5.1521279496741625,0.1119689268363075,3.2305707827037744
2.7189238712588057,9.065280974745713,0.4001795677322088,3.278873063233997
4.988922780938235,5.094864069152477,0.4241300344705001,4.849252576091499
2.6506677483677215,14.639794247277946,0.723576417739403,4.656580273485973
5.844709920845762,15.66435273437775,0.32680639493298,2.1242751247286695
4.840733004884327,6.157603387557738,0.0814526587643486,2.0464001192594927
1.8798059036830648,8.184284961893221,0.2616821222830574,2.148127955740792
3.633876251749216,16.928341453498163,0.3972419247344277,2.363541518083422
4.153589585043031,9.755327843163457,0.06283479517433402,2.4934612376564975
6.399411672131332,4.779713959396478,0.9786180192701893,3.2955036864954264
4.443603078546538,16.598143063148285,0.4587416604383897,3.3661977656583164
6.536000798533534,2.5628508893345696,0.5995933190816481,1.7835762737906147
5.373384660224863,11.896931183759136,0.7125569797701581,1.4558852605870813
1.2488710090203514,9.577769181095778,0.5914086613075861,1.6057492149888604
2.154479436171984,13.070337932630206,0.6941400164259023,3.7472828893352137
1.2774463082011402,16.934733454349065,0.7405873234086826,3.463820463982228
1.418433232709267,9.88623645649375,0.40369271685959834,2.5897669239657986
4.578513764579638,16.465123507141165,0.7064045493376041,3.2427508857100724
4.828103065394415,13.747708359854325,0.01781594154057727,3.224235462954762
1.5062204259354217,1.8485414718087967,0.850992291797655,3.7234976567405345
2.093442468636483,8.017044933082097,0.2669872846707579,2.8835780267159077
6.518814003413406,4.687660264893028,0.5365556390684872,1.914727278831349
3.768226750508395,11.93441411093752,0.05906856191254788,4.184588617738292
1.347937848832824,7.221798689096499,0.8726222048870531,3.904825358920473
4.180121703019781,5.930866924582675,0.4088921774002444,1.9549336077497137
7.792451466044106,13.523354027660096,0.8984423677476433,4.4751822025221335
6.550595467754804,15.770088059011394,0.2936851300039621,4.752714690682835
2.4037865193703802,11.5906575996828,0.9210765605814544,1.5530604572361868
6.636358291121804,2.7557860007003128,0.2066685145238727,2.401440862910494
7.2897031641805565,15.762398827670163,0.4531443915773862,3.4905913600023895
1.0321301415526614,16.373199126768842,0.08891890979113536,3.380391871895212
1.6087618057206392,4.457653191094196,0.264407985860292,4.104218525544449
3.1492191857013085,4.421417263277889,0.5109432306335712,2.122755167373282
5.875725132261323,3.1648811363831086,0.7633272805009648,3.3049180918191494
6.449200682196768,1.3690702693064427,0.20541008551182804,2.471293395913996
4.761326165432448,9.915498165324392,0.8800903411329242,2.7772804948630085
5.641395907567279,8.504501150906577,0.1844920000557831,2.320925266890464
3.197955802590647,6.988255793576796,0.8224929536632083,3.200173640843258
4.5094634881753,3.8771847830991724,0.48133767269779004,3.061908807716766
2.7070606382261393,15.067936699038334,0.38414971269126014,1.70684319584618
3.761433277920866,6.627031547975282,0.544045135002262,3.845780194215925
5.007599998540916,5.37698625842772,0.7934698100184079,3.189676422304414
2.2978698983316272,14.495766885403023,0.609897795598969,4.160494407244116
6.320642972628092,10.222506144172486,0.5382475204380996,3.965589733613713
3.419995890416094,16.707579777301074,0.4993242523254812,2.0164003048728345
3.198122337667294,15.424517539597502,0.2566454176737652,3.5212649365247475
1.6163167802533571,15.917282113117842,0.1564802030191577,3.1574706177463123
3.130887920514159,13.96849620021054,0.7709659540490361,3.482859773717103
3.3532919461582056,3.5345367563721712,0.8408428553579999,2.6126686080539687
7.459748712165785,4.851157587237189,0.7384446359407276,4.7261690555835605
1.3637622595812875,7.1744345738455495,0.08675101155074133,3.6132696279540935
5.4617908592144016,1.170745045615179,0.8438395017513045,3.2815424811763374
3.213717232513364,3.8186895722786534,0.8706919836664464,2.844057380553951
1.6892941323561503,12.35994810580389,0.5167319779585516,3.282573003151838
4.794188912540925,14.684104398032217,0.9426725952194019,3.497936759697815
7.380442957629786,10.612456728319662,0.3896087895587199,1.5561560642954266
1.0765164989264857,2.0648519734009554,0.8978329831195485,4.138960504338797
6.5689095297668105,14.329463523928274,0.8162783845256483,3.2694907777605566
5.61959609203412,12.735430649227181,0.26276846823179234,4.041572263853471
2.233507697588369,8.075202620366651,0.8241849424781811,2.2285705167041994
7.801742787520998,3.3093289069450673,0.1292195425346435,4.0870970776127775
5.156379178656298,12.008116814899914,0.3768176099306249,3.3645595367048964
3.7619301257524222,6.0112711878112455,0.31753085112551466,3.0741709703625957
4.127390577756924,3.7835034040241293,0.464180893989833,4.903076886098017
2.3573145926008046,8.449308202396395,0.9706123434167674,3.782020335808859
2.909722723464629,3.8017510573362108,0.33045223518925426,4.972182622598023
3.1415481242411856,1.1947244854436623,0.04305443068259075,4.3545235488322644
5.03063461389547,10.111474458121467,0.5796018794576394,2.601237308501946
1.1265550289126738,6.926646141399582,0.7495061949658126,2.353952267116513
2.796193723592435,13.11222791271007,0.8968100679160784,4.495580191131803
6.102988761084887,8.46786817660598,0.4746757451365236,2.486660320172787
5.50130675379874,1.9512855179516138,0.44976545002307716,4.209799848252003
6.520166931387589,7.641296666812061,0.4000805403775827,3.470180083139707
4.336285213787835,3.773507327813209,0.6640169501773282,3.644973021362798
6.897106739964248,8.973877222147774,0.45418656703334714,4.068350342164596
2.293505365888682,2.495177700865983,0.3120825755470199,3.882876592634231
3.6317080578289405,14.021823971767308,0.6313581165557113,3.734362395709926
2.2897523408823885,4.485846374159972,0.7777561881984479,3.7678767731257956
5.01514736486495,6.59473446848842,0.8491224288905891,4.8288660890389945
7.145666973906006,11.511956110786318,0.5731802515126146,2.1922230175329815
2.7959172378244705,6.1288244842557384,0.37453285437855316,2.332302839831715
7.328480392978132,10.605024436386985,0.35202329767788954,1.6778605914199998
2.5120490276045957,6.402236163271686,0.7061247643515193,2.570170166080697
4.499327600495742,5.952083301567601,0.9694171917356847,3.5761591233671153
7.005865356459348,8.766760862833156,0.6731467312025758,4.937895215075736
1.7414437786911037,1.3709343073575757,0.1981500366596829,4.7635315738126005
7.446235749274684,5.034702137156935,0.05690605675958855,2.6609341499173103
4.230605343667239,9.664633651858445,0.2462044895413684,1.9898965455951372
5.273874930045994,2.653681597552877,0.1311570590034212,2.8795363416614284
3.1620028051595335,3.29128814304756,0.6709349145447119,4.918786160934808
7.5139188685184495,16.92411565713064,0.5183460438202707,2.9904129208627803
1.9722766293727263,5.519723294948194,0.6935086054042854,4.688000556665095
2.7604495415707517,3.646973029549258,0.4606590446592372,3.0267302564300618
7.266758145437995,5.627722930794232,0.572238368488589,4.8927007612418425
4.041292034785106,15.93485037772202,0.5499681105611418,2.2078743795039895
3.347759885132498,16.61712354104713,0.10186078283393749,4.826953171493962
2.1456482264961036,16.935308354329393,0.10980694573086894,2.611830191223205
1.9348104395807668,9.59309383159542,0.03820623696569316,2.274593706672343
5.898492554668552,1.5498769396953456,0.7823557069697687,3.001306523981044
5.510950718296932,9.274900607934226,0.585275601823613,3.162295458605983
4.608803451193252,7.943641143026014,0.21484987574813927,3.430396695169343
7.299326836382349,6.982457836264266,0.010195362237610764,4.596165276195984
2.4150952383696347,2.013927269091901,0.6152650631722307,2.4342487313400776
1.7947791213998046,3.760981900244602,0.14024327319108187,3.848733851745928
1.2869714203785316,13.441377225548035,0.15564870183712717,3.029441594959901
4.3876846412373425,15.241138190616423,0.029787691084332248,3.8125969928517516
3.9405534042915535,7.577397048113459,0.10508095675695649,3.4798884278113857
2.3060197980325734,16.741128088320924,0.9513461079101373,4.122677463976415
5.200442109736029,9.035974664248393,0.5593042476591437,1.9551063622943408
2.892448787838584,12.11593159960013,0.5102819774105789,4.3218155595979955
6.549200825969978,3.700469965549215,0.28861225350338837,2.0139436918243567
6.9449439483436075,14.470491200517804,0.9668177051007161,3.7271333311829675
4.376687226858459,6.09517526589204,0.9430316832916662,2.8790011087179517
2.59512857326342,9.253538945818065,0.48091558248134725,3.5064597743467485
6.148131690845327,7.406580678406369,0.10420716105155384,4.865786254627606
7.11192037958358,11.873100552516679,0.15224372923803306,2.3320771731155214
2.701798018720769,14.442577753754192,0.3116262116672829,2.244625691650497
3.948463422491184,2.264948958829239,0.5482055010572264,1.586467401631726
2.09948487359642,8.990796081743916,0.4797925896435447,4.251567524787941
1.9393964024913455,7.74503314408071,0.38894003025289386,2.789026176560415
5.662056160869995,3.9885966176835224,0.07215168636099181,1.8324607099242196
4.933542747878025,15.858616177629811,0.5324430577105046,4.72245472897939
2.0072606523195136,16.720404479432542,0.2486936884059141,2.0462791378562177
4.202090627822029,6.1868373686330544,0.575467151805667,2.8576298706330667
4.125411954868574,9.227942906363854,0.8058525348780112,4.331618906776577
6.708442847050246,12.786243895141364,0.7120362767396252,3.757667110467136
3.4814245233605554,1.4447915901513702,0.32077349510306324,3.2237380559468867
7.750960418176014,1.8612227923110685,0.4117051594966397,3.7405216458865387
5.598603874130228,8.610844471509012,0.3559365140331513,2.857442325477238
7.795125377627048,8.925771482962881,0.235794153492122,4.802908749312958
7.701569703733131,11.401681570530773,0.13832189823814717,3.0293360792743544
2.295383574186573,8.69966119127507,0.47697394922971476,1.4664839303580115
4.813935023431366,9.475511166802892,0.7784460791219032,4.661260497914584
7.975736885050967,16.974686429838908,0.9913569292529385,1.4292430698619232
6.918268319939127,8.640318391663406,0.03811856641883604,3.4546500978970487
5.813652794565489,12.922788468387276,0.17016960263125205,2.0967691819504783
1.33675942948109,13.364281635513166,0.2272591977636566,1.5541403683238688
2.9850778828885947,14.926022807498825,0.05936317117249049,1.4522902457057734
5.1372298049606755,5.440265256909033,0.34513131104988526,2.212025111511346
4.119225417224618,13.567309413892277,0.5554346177422116,3.8374693538433
2.802221386648434,4.104720287444561,0.8196278239513569,2.4554730031652223
3.890574262189246,11.899397558304855,0.7884910512248292,3.9344397871021357
6.570604722997734,5.784317562069761,0.669862524576317,3.784516942855758
2.2526363386646993,15.2976412636289,0.7750389163657033,2.2751665490321478
6.129776888063793,11.443782042416466,0.05509064919561748,4.848157925771611
6.0314066426888555,16.78152091788191,0.7136043997380993,2.169560955891792
6.52766411435196,2.555521982259105,0.16361303426133958,4.5494656979294605
1.4462284346071599,15.733591264353388,0.7284614061884083,3.8683500527283363
4.1647776454809735,8.58017710407176,0.40877374014201884,2.0670008996742393
7.248455049618922,16.08417819426213,0.5796820902805303,2.1649024691441188
6.52121277370888,3.737457365724222,0.5686158051971347,2.838021638541465
4.962861172656067,3.5979345172578876,0.4336107695513508,2.2689906303095513
4.974904327951901,14.861212384573328,0.2103674673955738,4.285122410747216
5.861837354531372,9.662756569348293,0.1556573066013894,4.948731088921429
4.808047822591714,2.254953643412807,0.5221911061614517,4.138241174827295
5.368035892109527,6.503277052861729,0.6664632730814654,4.720124578758421
7.021802452990262,10.600117257479027,0.0060734071442056625,3.4706430047221843
4.301408815289235,13.07504775398174,0.512072255495924,4.627825891302764
6.694366846707034,7.245109435097964,0.7239849855345697,4.432148853757026
6.567564150939997,12.502549092103099,0.4790123064069526,3.1189829630335386
1.5147460559369232,8.956372057018141,0.011380503520924973,2.9592684647621685
7.893425716240825,5.498881171799756,0.5889039332997532,2.682895134112734
6.54070005495926,11.153289972673829,0.1685305727979843,1.6832584224685871
7.847345905725289,1.8787403842105452,0.795526958338243,2.1823782013435533
7.264812337355252,1.7454248335779066,0.5545320488807178,4.2013510141672485
6.547780179198881,4.465929456176715,0.08466343335398005,3.4085414053133363
3.3059843016928263,4.864711007979053,0.5001636612801844,2.976043110422715
3.972931802220506,4.686625105301105,0.37331237930055083,2.8398133384225814
2.678610868645664,5.902798760778858,0.1195254641253448,3.9880448540162763
7.06316477091632,8.488999356462777,0.9667995447734112,1.4284110595180606
2.0998400573111593,14.290424915473137,0.9635146042009071,1.5649204891986674
5.330515702654463,5.4969304636528635,0.9860322316664228,2.6797381626303287
1.5226040957850526,14.193527855397381,0.05654344932913754,4.377145505779789
4.235354450472418,7.443604148793966,0.20773976160875202,2.8020286479573335
7.051004496072577,7.066433608176612,0.45337247713246426,2.102253837896045
5.386012852563619,9.831371602971931,0.2949979924667505,2.956188732855675
3.0293190279821673,7.675751089893597,0.5706416186882501,4.478972410300473
4.856989821870934,15.958053959098109,0.5564687070922807,4.757789558171583
4.0297647385592645,10.75409633964505,0.20737987986015452,3.8446303808114326
2.6638218186406024,1.5982665092197184,0.4106577755081957,2.076459960055046
5.209450050492031,3.7778337264540967,0.7137328602127676,1.7703147528786944
3.155782902534358,1.6601618369532,0.8798159712153474,4.089605204338756
7.572775943416648,16.195755525158063,0.48183896377255314,3.252408856945879
2.3326404564974976,13.528329953374188,0.20962701308330936,2.989541818378796
6.274421656780642,1.0922297585388372,0.2732362934257402,3.1872432663351637
3.65241959753929,15.803453961075252,0.5932718705607113,2.659969468043969
6.998850389575542,15.420992383059806,0.6511123121951262,3.3314331847309395
2.3294661534901335,16.530349119612573,0.4029260726555533,4.470995659372478
6.28327484481338,5.912552578515358,0.6935835290686376,3.647322830904336
7.597261771567236,11.389012574602281,0.8951646061566927,3.011920401984718
3.1665559501979,3.428016628569842,0.9186541173828564,4.715831460573335
7.777444188301439,4.224366451403309,0.6600764589529071,2.9866755219509673
4.701680410014422,7.848094595195354,0.8587895137169752,3.2837075927530135
5.430068092535958,15.144984812636709,0.8759045884232403,4.838707535217896
2.7005508879032534,2.619527328902447,0.4629252027981558,3.8300759239096345
6.115982076312554,10.489009665500804,0.1834092558994558,2.770920101145384
5.100660977452947,12.667775832549577,0.33476538297555963,3.95700586288347
5.057381864146279,5.798876397344341,0.6196074553833545,2.1334313829281846
4.8698407575465765,1.3213183922286598,0.9471193686986356,4.7152230898677265
1.1122308314834455,10.618088583047252,0.905180598649527,4.0217986054668
3.0719237367270824,1.694414855324317,0.1680072081904401,3.028948273880118
1.0346411962764512,14.204594879328605,0.7141489986321178,4.820990862828596
4.073838111858795,7.655954857592754,0.022493534836284176,1.6278295575975739
3.1808606939632127,7.944974938578093,0.6343731606834196,3.6018287781564666
3.945386268497141,15.726843833922377,0.29621434110373007,4.101134644759473
4.556533766996973,13.822264212449246,0.33616016608010096,2.03390110600117
3.490292415093969,9.192178871076152,0.7717251612081905,4.96738116950234
6.05097669260211,15.236469902427157,0.36613059042769175,4.649334948259836
2.552342750137262,15.629811941565343,0.6957793844049885,3.055183570415337
4.021342380587947,16.016580631003347,0.926759663076336,4.31529252385629
3.2333674592584027,5.813066209209444,0.8574606345372038,2.484635292119197
6.6763277626942745,15.726792295293327,0.612308916409497,3.702874373175788
5.268729118890461,10.81000391787132,0.10322850193076381,1.4643305251521646
5.908608906923299,9.636347400880917,0.007331877726600568,1.8332483767790466
5.35674157309137,11.725457150402507,0.27370482170558214,2.137680530326366
5.348346613140824,2.4309015675784833,0.11018091373295515,2.0422191774912584
6.220941794780065,3.0453241631430186,0.27961097323621964,1.9033810838060283
7.102136983412315,15.516852202030515,0.2689197035078055,2.1488410538416853
7.971714222608185,12.531002541597418,0.18288347735614782,4.097089741541979
5.606269640072632,9.622267141851188,0.43301451602229957,2.221123049916169
2.2933938620326026,5.73679679114811,0.5522450708212553,4.04592819135553
3.9496259925490134,16.361280129235094,0.5931005364769618,2.272648115704348
4.514914299227491,3.4677979795376324,0.5650946884433744,2.47145278730889
1.0544546351941755,14.069230138521792,0.876818182155963,3.5744800871490545
5.013114914413371,6.096795639436726,0.5947935559269154,4.267257074687306
5.593422271436053,7.524989183303131,0.7095215925742506,4.5449271134171765
6.809685934976479,9.114959907146948,0.04051837430727765,2.2452933931326777
6.639393637078429,3.8201091187087046,0.000756553809582837,2.352406822119518
1.3866888912162074,10.41132104667953,0.5875276467157811,2.387681870463372
6.655313766225789,3.1081145296425245,0.5781126454167204,3.500254332173058
5.832863045757655,2.821797029231158,0.4387698913778959,1.6135078467620558
4.694448165413483,13.596047561448515,0.27810075224200786,3.3935974180400614
2.7217626913166044,14.964891236732498,0.7474270085962507,3.7715002962627517
6.879406416765512,2.734601585626657,0.41349023645687155,2.3041328235554324
3.0581237519351676,14.800157484865064,0.7857593534043477,4.440352160265845
6.487850927964626,10.645269598504111,0.19618773945631549,1.807796022970066
1.2598385176421802,4.877462803340628,0.7480906099044758,2.615017892520595
7.637133842616076,14.338404527551125,0.7461633723029848,1.54326745377209
4.530079648782866,4.467856626577625,0.8541358249043842,4.9767352812174925
5.63284821137971,1.7025887874742622,0.8107615313389641,3.241734358646285
4.145719826320823,3.8659681685308995,0.38570807033470766,4.102800740474953
5.335680647927976,2.135289352734118,0.01650844418139955,4.895596332606984
5.19901772710231,12.345278495414163,0.27102108203150005,4.99408564363715
6.9960098894259675,8.60330756238477,0.7260449625658617,3.9798846444944354
3.8393922298460628,16.14311531329443,0.6215915998031558,4.000387248082726
2.899120616577146,2.455608020752617,0.971940112541938,3.7988475950564813
2.3554415250614675,1.9407214310374632,0.7639259399937337,3.99619573735639
3.69272531599821,7.350191280921579,0.6142642856144024,4.554417999497082
6.226289720808311,10.526958512791559,0.95078912395425,4.263188389248276
1.7491094902282467,1.3929152678671566,0.5138478692162787,4.401195028838612
6.841310407202556,13.464582161234386,0.2507094387238806,2.3493700000275006
4.477165955161399,3.080103923808232,0.7751820469597827,2.126970815816137
1.3333791278421003,11.583789636114254,0.7516918198936144,2.933646332076536
3.356307608721531,9.02933962722437,0.41923798856390565,3.925072755407732
3.052021017442024,3.544633540579332,0.816168066330816,2.517520001046496
1.9114637621814679,15.930012142845781,0.07318099656866978,2.80081072685848
3.0232368505789826,13.732411267602172,0.048380137281141634,2.4273749496288093
7.675441793103948,1.9827190237624326,0.13131581878822066,4.232826490738502
5.676956600354755,3.8263304780587353,0.1401989971774349,3.0316552477752436
1.5136902085721338,3.3424482391566563,0.9854720876417719,2.239693823978741
1.165741811339691,11.653363560824921,0.24037052879192786,2.026417243339997
2.1196536048117047,10.633647684000252,0.948213333878203,4.20775171693338
3.629986738888391,1.7097619762068854,0.37341991167363503,3.37398640039229
6.098003767445344,16.427489264293044,0.07701368581021042,4.755545754436376
2.8951176971958423,3.2533748338522295,0.268128733129482,4.0063760665684365
1.3904098784692782,11.621028975917772,0.029774525189382135,2.6186789369732133
5.054564939092435,12.578465365156102,0.350935667484376,4.559704452182918
6.955109674792832,12.913135195616835,0.8607444472727207,2.2382733284865455
1.3297281803443137,4.648914049383996,0.3735726335031578,4.787720801439811
3.6325090550296064,1.491318487336584,0.10856725027591604,2.9969531303094303
6.73301665431846,5.055647016821101,0.6835121612886348,1.8176280339976165
3.7737076772705738,11.588823412691982,0.33039826957844237,2.0247056575898275
2.926733995071003,4.530292307413299,0.07415506122014716,4.019898199482566
4.220500775175075,16.386211552327378,0.596172544841322,4.422895882505466
2.9581233623499346,9.6276137802675,0.8687065831038604,3.5235979195123046
1.7384705434725245,5.611416111282645,0.011847415569449076,3.9379073350823877
4.911743581379608,10.963003420350857,0.9568632824205888,4.631281648023064
3.2320464595930267,13.602875385798452,0.8910399860283867,4.711565461465464
4.024829071681581,12.12644959348277,0.48777802463519526,3.671105129783913
6.414026589771841,5.054274433104761,0.3513778895146343,2.6316381640476805
6.902878249704698,5.675139565019716,0.5086211180341965,2.3564122956295375
2.007259915899432,6.094026881592319,0.0829928623847707,2.902838465345314
7.39453624666334,3.9397298764248783,0.25628146881052605,4.100867175634487
4.114057306139447,12.182391199733495,0.7027991361915675,4.706163247455182
1.468590421123867,9.415772591951583,0.2945970050582429,4.946118635139557
3.0419645716023176,16.593924773178887,0.9754790532754768,4.375937570440082
2.669177219545923,10.016199976781175,0.3425726236663556,3.960246255137819
7.692806669822336,15.160832200296609,0.1875773187977555,4.358643866838117
4.536805450359556,9.205142956507478,0.23939783593592945,2.870987382213024
5.768707875133488,8.613483961809413,0.082074304314944,2.2433983912799182
5.071689984032679,15.056335499533741,0.39778638693772517,2.516536183809537
4.071502653029003,3.288518076307582,0.976994486430317,1.9508705697006694
7.360208092068851,9.366289773012584,0.44088022854793446,2.474691466898806
3.2667965748518717,8.193139307965213,0.7629533783134245,4.233076374580313
1.4957729437545424,10.307043639901142,0.6578721329092371,2.193446557807061
4.8326677042863775,1.6392637782394648,0.929295985509409,2.7517331415538013
3.6389468849511095,11.431237739353977,0.8453895060559137,1.7179363777866654
1.2788257158419478,13.80002799979467,0.935367801777148,2.6214106791810554
3.1299263877238745,8.818998784543929,0.39077657050033876,4.312539497523379
7.756675222699816,1.6082413242760047,0.7063545418374275,4.0294392912612915
7.070429652813441,5.141041605358612,0.3200417449904496,4.7032830525095015
5.399461103071901,5.430927276103766,0.020507594277435915,2.31397678457118
1.6918770912978678,3.9548415296950794,0.588636817686203,3.2194232280767996
1.332429722884484,6.5999441953740625,0.6737734289836336,4.247050060951681
3.3632296259994887,14.477690623806652,0.72646182880201,4.207252702299334
2.4388239707236203,3.2345491487017304,0.8291098994538292,4.279135662760579
1.7411158086895706,12.391406323301064,0.07714374345399717,1.4289896577577383
3.877082334199646,15.231946778540019,0.6036117951694853,2.274043219760663
5.562942350886653,12.439133868502093,0.804949103416988,3.9462570962368093
5.68947374067661,1.4852862771700897,0.29338552974998894,3.67233315712389
1.785531866424843,2.298822289017041,0.511131093913815,3.2850434355540843
1.8298764123424933,7.6796982359961605,0.2645046143688493,4.839590752060913
7.585839945556363,10.709346839319698,0.9801779687740515,1.838783235051246
7.2497515879690155,7.444230217209195,0.8687630622535798,4.527170060534027
2.745536498096743,14.304897925863951,0.41390986187104245,1.5484350603988237
2.4304013924062065,12.127561118129616,0.16178408233621372,2.6711288811051817
2.2415521807875445,3.131433000501904,0.5132634438506117,4.281727906655631
3.6865733018648195,11.448481914897764,0.43986995934045964,1.71785009381813
6.990412822291305,8.84435734405148,0.03394171952168709,3.8682051191978686
2.2312842794077135,16.996246684050426,0.8211013656378422,3.9786368073876246
7.1920545802630755,12.251757434008855,0.8486421476501532,2.5718505043596025
5.1787576345367565,5.908867351070046,0.6809549379522236,1.6975287987161594
2.255096034746871,2.9420262699751523,0.35604165613260536,3.317202078988883
3.3644639868334165,9.156862906430584,0.43327814720574237,2.5199510246283157
4.2357880842602205,16.606054637878607,0.5394527290552283,4.420794069866376
2.315614246668904,3.86687439893507,0.4781954962181902,4.011303538175519
3.422057949846467,7.929749790575894,0.36418992112941423,3.2225469625323564
5.710006325920524,15.809134486531436,0.08590189059292508,3.170192486469453
2.2862922781203276,8.037876417937122,0.7280065669857437,2.4369868625584608
5.81492260824264,5.897719019909436,0.8119634020786036,1.8253195348902613
7.503141030848602,10.075266009748711,0.6264242510726773,2.3244669197628802
6.81065660595645,8.008413148323942,0.10404291599228098,3.3525103611466234
3.984641574951344,8.761208108999023,0.8830730197686741,4.684722280125736
2.7111643150009215,4.316560416122851,0.033392208274836924,3.2369282357282394
1.1779658367232653,16.748919983366303,0.4551324373669542,2.8716059382684183
4.043798746535225,13.1489197787355,0.4375817065353364,3.775531816409035
4.27751455227877,7.258505553299277,0.03808689462945555,4.97544538644974
2.8880008432902304,7.862808034440515,0.35977225015430686,3.1319762535988427
6.604918044564273,12.981888911703383,0.0992230677321744,3.27401699925734
1.2456231682782526,6.730312392005705,0.5489532423052581,3.2083289535671704
7.049088765787235,3.7629174077425156,0.6223529763680727,2.515423917826977
3.1938055900615963,8.664784050794678,0.5184448425963045,1.6968109544265768
5.730992950512732,7.669520780322371,0.13821826938743523,1.8880707140641053
5.5024009318775695,13.734153049134969,0.7197197640663207,1.713279777413737
2.4155452698091158,2.8190823558044817,0.15508419603413673,4.195036641770075
1.8184689060734955,10.146396347670446,0.8099408431287578,2.7852875658094276
2.7567682905482753,2.1907341628216184,0.06991314417246133,2.34070058258513
2.5619672088593934,10.438502170540955,0.6269395629251194,1.740265331058661
5.532882737450335,16.78893292567966,0.6004686483695043,1.6733138466089492
2.8917571072797505,6.125403930801835,0.22049900380329013,4.8858940587557305
1.5692538136987948,15.581182751156694,0.9198508294592639,2.656440615532449
3.0777226783280045,5.553893658939236,0.537252200202847,4.322945355670453
5.278815913572662,9.428838321814162,0.945491998760495,3.1090408045727385
4.712179875075287,9.639033019202653,0.07761806595327556,1.8458716634585006
4.2883615785072235,2.382868488299363,0.5479499787803997,4.092780284113811
5.095343545710598,7.359149777562383,0.5114521473368331,3.8753130719306
5.096430023161542,15.928089900289562,0.9799605493397735,4.99669569263801
2.6062551626930275,8.207270735306183,0.9862164729950914,3.793400264723285
5.710309658907547,12.073679074024753,0.23215499266365783,3.0593236027236808
7.166390986433716,10.110884215207083,0.6153927526112449,2.941562851503312
3.090678921618935,10.268197918347358,0.3870518578085441,3.1538478872421423
1.7777946588603204,16.112501732067994,0.7915294302710194,3.676826691568791
2.0991007176457988,15.703615742886665,0.8448403746102254,3.4172748803014366
6.657532476642657,10.992470981481285,0.5326589717367203,3.258048638130521
4.123483620221244,2.358754404716965,0.5159811064234577,1.508072319836088
6.889649236521027,16.09711891835291,0.5456633496922034,1.4683601989527568
4.015971667879963,8.945233644866505,0.9088795125787396,3.8061920598425494
1.599179201179543,1.3698894633081702,0.2361821365816902,4.602969087780348
5.824927615631641,2.245587035626346,0.06313660453864174,2.9824705754902543
4.122322365262988,13.501525009689145,0.5964037384375751,4.045813198684068
1.258574354592845,9.279193637686255,0.5213700732531078,1.4183847693506784
4.188701551496406,11.909143295670075,0.7543008969933952,1.9352314644070872
3.5371212152650338,10.272758849004763,0.18285198668489744,4.571738802202613
6.305044832659238,6.445958744488337,0.9102074634199263,4.9817624610972135
7.262546670688354,7.3506899930851946,0.33991115524442067,4.56509671825876
4.036794298444531,3.0493160807938837,0.9758840825947585,2.818609470979915
1.9161957282593916,1.8381796211288273,0.5441852512187629,1.965263880885874
1.1543312620315793,3.325145923092387,0.3386463964092965,4.35494273179313
3.541743265449641,16.439527905123974,0.05484120978298837,2.1704401141841725
7.228355475050085,11.15406401697131,0.23799433826193075,1.433581477885009
7.512796565465461,11.845347742826567,0.4011270076097199,3.023191348161754
3.194316522856949,14.980054263471521,0.6467776742463531,1.6758253744089264
5.782385209450837,16.759996489713835,0.8802109082130524,4.446000552046822
4.495656211171492,1.6845895812772773,0.04534288547444291,2.2877433306151875
6.767323524952009,10.97469812539684,0.4381761396884354,4.304907859957233
2.1471728790656486,6.281929696480179,0.8833144653778816,1.7718226787076141
6.691966162559987,15.91037052504793,0.26040764741540734,4.040820848027844
3.2855035671511494,12.599736870797372,0.5073184410062106,4.991025966514652
1.864720450847855,6.71742996826633,0.9099297749590459,4.287655213037237
5.239661225742161,11.941834779482296,0.6978431915607404,1.973991710894798
3.8896524850718577,11.588358075961565,0.6598664597335774,4.785409207407335
6.201928218165875,13.091676285547585,0.6484664625254704,4.109267095749156
2.0735395999054282,7.539478995798074,0.9214727805326248,4.356195400787283
1.6836998448635083,6.886589974616604,0.16908864899373544,3.2488107424372266
7.84963506319015,6.632145447177454,0.4441452784037289,1.984415958495177
7.260675944941265,4.75584161188256,0.6323447517889855,3.35125870966205
3.412823482309644,11.910686839484958,0.4389191896485857,3.7546920373000896
7.844806556515679,6.674254507117874,0.5912023137066276,1.9520011835284563
3.2569541227364267,12.000079284065547,0.5327466957903515,2.9970642523384003
2.641870733444737,4.262737589314751,0.08008129279597119,1.8049918637027904
1.5673774352305418,10.490397088428475,0.7502354963262963,3.998700166212403
3.4989915570720482,14.996276270150704,0.574913546341777,2.830225557879164
1.9221505080005683,13.08200854530105,0.11621572650663649,2.3006348291551704
4.797847553096237,14.887330305606119,0.7711530459614631,2.385722624428389
1.0531543176870326,1.4400144890931899,0.3629238872999541,2.081267195273538
4.622336455128914,12.132830837951081,0.5619029091378998,2.30324842094905
4.9436426146773265,4.845862219024943,0.6559737542854545,4.264674291494967
3.532334189993375,10.830514111949519,0.4421422478823,1.700150027667999
1.3066311452093344,4.7535351245677795,0.9312808581709623,3.353184531692131
7.671879584846201,3.841458366892785,0.22329145918491836,2.3991724974585495
4.754768090601631,10.802116994143972,0.08190315776723871,4.000253291904923
1.8858806381592097,1.695243856438501,0.21624044997756178,4.313917323618341
2.8276473480711966,5.318523430117085,0.8757653706382893,4.632512098317038
4.206188423759594,3.495987073516737,0.8459700960780894,4.980669192305213
2.1729454621308117,14.69806728629821,0.718903344632498,4.574791363613825
7.522098433842933,5.6058007131661505,0.03921667009198916,3.396987247374898
2.687170983142296,16.371596756839917,0.8352027818516065,3.744960362618336
4.120675230378795,15.305608573316862,0.8814154039258632,1.918819165515117
3.40111223785653,5.058994262651461,0.45270071393823336,2.329054564739393
2.0843863850020243,1.0983673345585703,0.09692207146925977,2.8417898372307415
3.9164388133575456,15.917825394500854,0.8632130655746135,4.163523300426023
7.073930463703794,10.9812990392905,0.8232963540837194,2.6411558813188623
1.17164584117516,8.181810159266684,0.168470959232556,4.799971032027028
5.4875741999755885,6.416057402344379,0.04870523630081098,4.001119387676971
5.392647421597343,6.507202494931302,0.6567939381908819,3.3196503086442055
2.511632282788261,4.884237919083538,0.4424236785286389,4.071711458686606
6.215333908985952,9.509489316140582,0.1347759592588159,4.482660432704014
5.156100423257962,7.778331817769167,0.7673947581762457,3.7466772331498563
5.780859956886342,9.064248293031929,0.21256950139314168,2.612657841910374
3.8419063066518166,8.672928856941589,0.10508501276600078,3.7456820483131983
4.01573177813046,9.016943876442266,0.9801713799510171,3.908212276208365
3.5670805011093027,15.990500977169463,0.4033818056635409,4.338899519597004
6.372624411837584,1.955338642655174,0.5604031966952834,4.9817012358355575
4.057776566287037,6.2026426905753596,0.3200456331717487,4.413418212997327
2.796467955442357,13.74105573397064,0.5880044017746864,3.6252281495321967
3.0044905266195907,2.295272256029306,0.12484004291909585,4.639874570374008
3.4072022361088132,8.301437429070319,0.5879762469632985,2.3134441496276557
5.3859953737949215,13.378474600039613,0.07198057929338346,3.6770054022073335
2.9291156758198587,1.9813534779392732,0.15752728920097103,3.9434174897488985
2.5810504399194043,15.301645053939152,0.708241002606211,3.9705379871930213
6.7152938464499865,3.5456962106679883,0.3277993738342723,1.424139146596937
1.112881756292995,1.7898766506566652,0.42520641785140145,3.9070187361304294
1.3852972335595033,16.854126539079918,0.7956135712625846,3.375868522127623
7.984437523532771,6.18215421654971,0.04388643423697094,3.690593967629364
5.534999238365477,12.69506490598701,0.06455543541402911,3.2054025031741937
3.5318477971448266,8.762468063998371,0.8683884494456506,4.970899732583678
1.859846042017271,3.73344390862009,0.572188837550912,3.4385383683954003
1.6099051164471332,15.64469638267965,0.8339831842689569,4.416692026324968
5.375486813092692,13.51029486855549,0.43251084887581087,1.810348280385439
6.792016897585547,16.97050890293067,0.4281565345088709,2.4163920363348383
6.0085471815207026,6.052256408029612,0.770510211559326,2.5170781846294967
1.8265160727283862,7.943349266837392,0.785662874199158,4.999431365354359
3.2247748075304354,13.148532163773343,0.6513809128747075,4.082484530150985
5.452474820489313,9.384441111480525,0.9466911994983521,4.69703652892672
7.380089679356141,15.92137438755306,0.6244768384602242,2.7549598856345265
1.856570116665746,4.257899548117836,0.9968979506734371,2.823947084521662
7.158401469157314,4.84626774788972,0.982689984476403,4.5584075088885205
3.5522299820459606,9.550044573900754,0.5931016689744184,1.5720074624476854
7.499674238047554,2.597260956392919,0.941928655420691,3.9726627621128214
4.116238762901192,9.074989360112976,0.3685225003829525,2.2811248630452408
6.8055312661096,2.2193653986245643,0.1768148679268059,4.7277739657765006
6.483550384296858,16.130512786363255,0.6226242497847195,3.5431988614895773
2.774130642001503,7.760669479031185,0.2732857056948716,4.7328080488464686
2.8799970936606623,7.970327750135328,0.22000712782319082,3.4274197970921003
1.4212367529253385,12.02613131088723,0.9231946532535225,1.5273775243126675
7.521721306563945,2.734152560489522,0.17302885189188807,3.195243703747836
2.3444262934873707,13.698677916457696,0.5078999379886648,2.4911720128339288
3.92243459681148,7.196643181145685,0.8981980628752929,3.8750013197993978
4.705303902055997,14.42616480614473,0.7982770792731876,4.080805001775486
