Kp,Ki,Kd,lamda
0.2840384604967319,0.11852240617048761,0.16962852073379342,0.9843341723451791
-0.21987528791176525,0.9232353736226704,0.39246053062889025,0.5738547570039761
0.3419924588985678,0.8817344877626283,0.004112081311702736,0.6691041451612495
-0.5256248774383483,0.30266370530045383,0.11903272415633016,0.5623947946216559
0.9560794881359259,0.595959716289541,0.2853634327466744,0.5182283574870565
0.19369500976045978,0.6046051658862485,-0.13520532345540473,0.5738310998830766
0.814935452538348,0.07724195713132938,-0.07234813894694944,0.7907490642041138
-0.5047262276046621,0.9175688350861156,-0.14788140918808784,0.6637306447049718
-0.5185664360400081,0.7691756968065535,0.20535868140169503,0.7184694121482093
-0.6363703542716228,0.17908464399046545,-0.11176450416051643,0.765443896613719
0.6403324769385836,0.13313825480523733,0.11242743257057704,0.6257710805880419
-0.6300884305335754,0.21931490474955195,0.08569294256936255,0.9312282010657149
-0.3970988379303209,0.08646843391000202,0.33308210449370956,0.5054274282396161
0.04058410556659348,0.1353544297988795,0.1066951357668201,0.8342536116584147
-0.2861255903993594,0.19513968787569225,-0.020024880883238175,0.8716080420556167
-0.37077395463563934,0.8064235851976377,-0.09318013168793297,0.5304640377835131
0.7809626268726659,0.5903675406189937,-0.005076534083776714,0.6655128899960435
-0.11014260544926237,0.5350012561671154,0.03429155517464425,0.668386516900169
0.6738730179669471,0.4298845245582768,0.09664607751006304,0.9055401692741144
0.10386979210566147,0.3742929931506522,0.22731655531447936,0.9017623492620027
-0.04100987584177708,0.41249920093990056,-0.2008138354243078,0.9069156246425173
0.4157744629241114,0.41284562227404886,-0.07726721837948414,0.7274834653126082
0.06882294128199926,0.39710968480200803,0.27522486674123015,0.9610391908128991
-0.38974126868195996,0.7489066748666566,0.31172400691246227,0.552176028577597
0.15324828839038335,0.14121176412898662,0.26702934952124646,0.6876090101361618
0.6555368194039269,0.762145051098813,0.20341161993775358,0.9689655152269732
-0.5025562753024314,0.9454399782353159,0.2766177953341327,0.5468263417751182
-0.19856519995284078,0.27478741567831694,-0.12372583886492815,0.7225995903310558
-0.006043316747893591,0.4895176071040481,0.1403139830732911,0.6146324977752087
0.6832614335784714,0.21452830781164198,-0.11464477983653366,0.5618729120073624
-0.413140249803655,0.13578969450885503,0.23287607527378532,0.6259936064865372
-0.04370159255752365,0.5505463247423829,-0.19329150139434007,0.7179141771632609
0.9086644287780682,0.28823567381013426,0.2963237305392968,0.5306762429613622
0.3260761275727185,0.029541866392221353,0.08947181498260703,0.8117009134005034
0.5465621339810731,0.44992196858887296,0.16826280069902794,0.8289394816281561
-0.3130179682877941,0.07172073636315839,-0.19380762720909395,0.6782161031062304
-0.11737865204995065,0.3000731850313353,-0.08320811029785058,0.9497477026074849
-0.46769492510001315,0.5664519310822235,0.23931573825509647,0.659740417056057
-0.36445426079011783,0.7012968914194361,0.3125154554805035,0.9306911937235193
-0.3062907446539606,0.10616386824906866,0.36744750184548813,0.694827771179944
-0.4580463908442924,0.5753006571292215,0.3887397075328169,0.718983146503622
0.9338920633424425,0.049343520858128084,0.17717452555828656,0.5316451093941104
0.5278323955548523,0.5449969841616499,0.2933616222491172,0.5530821807493244
-0.34574741186196023,0.1891005704294755,-0.05548843093879753,0.5228280140489431
-0.5113279343356499,0.37082391461770264,0.34535062874409506,0.9664865313326163
-0.5710659177712206,0.20423567978507245,-0.2136695091770085,0.6666788496061167
-0.5406832659701621,0.037823735003004094,0.017367645735996397,0.9163062925788511
0.453294675362902,0.08530600530274722,0.21213320984735765,0.6797294053263926
-0.16292474749721528,0.046613450676518176,0.37473551307125297,0.9502129619946306
0.10847982990410296,0.02445054115712009,-0.16037789984389342,0.6390132136344313
-0.2782647355862299,0.7622098142238501,0.36127613380295875,0.6659636088117846
0.14039418631869785,0.5841353543705738,0.15909594380932157,0.8728074210518277
0.7139778789713658,0.9961642690078489,-0.09854657221275166,0.7641468369399944
-0.4257228387019956,0.8005828322839789,-0.14807630255478257,0.5824067751382596
0.1121571605026848,0.35330421401136985,0.09281862621669316,0.6007683788933482
-0.6397475997350353,0.02340074587420545,-0.08737633533635082,0.6001155149955156
-0.08757331614974638,0.7316658090424254,0.04982289617017934,0.5802958356625934
0.021787662328317397,0.5671500037788019,0.35484024455824387,0.8662115719703093
-0.23035819275895922,0.063283992334545,0.04684364281885412,0.9291278047752167
-0.03894886296997797,0.7672430903476524,-0.1497459723085374,0.7944848373116331
-0.2108356359546067,0.11246160270516145,0.32859950986983427,0.9005462286840059
0.8420983758736151,0.7509029815633719,0.006643628387660304,0.7744773356905756
-0.5729428543906827,0.16028026405848106,-0.10972860530587514,0.7908068931686403
0.3876027439912682,0.40707031180449504,-0.19257597074711766,0.6510494927627111
0.7815986581898925,0.5382414197556302,-0.13787784898552796,0.6980706125575356
-0.03882656689356173,0.6984354284710544,0.3154091170520483,0.5622369067552464
0.6343536821082382,0.9244258083272293,0.134000509577047,0.6383539407590639
0.09994850377957384,0.8958282968236956,0.07852453201315115,0.9639274375653113
0.027796567931197752,0.5013143015117928,-0.14547851077435156,0.6662088132538743
0.7734182673397769,0.15677538619048825,0.22266445659287754,0.8195872140603263
-0.07135989728711392,0.7441648950906459,0.14267449380441558,0.752787275291329
0.3771445256642071,0.14901572063154683,0.26418882720067527,0.7493610905497246
-0.23270691576850705,0.8662312411907727,0.35063659955307797,0.5403189067449755
0.9293908944090088,0.5402602180448078,0.169478937297614,0.6296767646167122
-0.293352547583298,0.989697391944075,-0.1902899108923889,0.6877626043544931
0.48399969110670277,0.7366509066237941,0.01043814129880001,0.9795687398757719
0.19621263929726956,0.3898407520191578,-0.16605079920787105,0.5694971830737365
-0.22542342423184974,0.8222174975802713,0.19368466601990578,0.8562583966329974
-0.36396550229866187,0.2342829811014671,0.37944398089292053,0.7825516007333382
0.1397836098949198,0.6177839794904739,-0.06897583889615704,0.7777490677585369
-0.12069444953263617,0.634349677468178,-0.17357299845606394,0.7872989219170572
-0.2876239156898985,0.8337903040502268,0.3168178833783068,0.9733202223409269
0.9854219401058367,0.5707105739997214,0.14330227895899222,0.6321951608564983
-0.6564139888901928,0.14145951237028923,-0.050275887109240594,0.9180493709006953
0.24835687180349372,0.25335713135549814,-0.02697845243196934,0.7071000818577292
-0.5279529947565915,0.17001471572482366,-0.1308291705145419,0.5248496793437613
0.17537033079685535,0.5263851768901929,0.05471416612044182,0.9700824389500406
0.094551451852257,0.13479769764502283,0.011093380774925376,0.7970334075349342
-0.2849775922348163,0.5837896809442354,0.006690200179984242,0.5568477014519976
0.4275952513566772,0.5255142329035286,0.3464334591862805,0.8518680535861453
0.8159107013261523,0.9659463741029869,0.138553979679975,0.5464013494281097
0.8590571341801929,0.5408137705598974,0.0681703722811225,0.6888748318786059
-0.659400539759517,0.8175482900555237,0.2827001046768941,0.8771949566915412
0.7431621513602833,0.26411941488538726,-0.011099555174020616,0.9104974137689649
0.34811694628707296,0.4256428282778881,0.061693831393260054,0.8949114851147845
-0.5903844233021436,0.7532718860602833,0.15537812666223996,0.7392881465878842
-0.3614240527500301,0.0246193987293312,-0.1882462640800805,0.5129875026893915
0.8342048672990351,0.9365733642114125,-0.21339491982512304,0.9313933576477214
-0.39495032421531173,0.25136673184924163,-0.13522395021759473,0.6211691937177931
-0.44007013545967616,0.5809286367818393,0.23169652043156938,0.7499772472802899
-0.5213726903370961,0.862075478474539,-0.12921067791580543,0.6814702492011713
-0.41521351319698296,0.15314492001083868,-0.05258219688611153,0.8595923652761361
0.36237931805474316,0.4260532376956433,0.058037379280523806,0.6408978380244705
0.3205059258404229,0.5283748314306461,0.23274624796011073,0.8486878807099473
-0.5218936466169914,0.14200747907477615,-0.045775657263017,0.8881940219752581
0.2786545824268148,0.33950227200718647,0.3206680286772547,0.5291073823752084
0.5598967879242314,0.06944071978350304,0.33988135968097394,0.7233684862537658
0.7780353399866706,0.44069559786538653,0.07549036187676947,0.6397041574065403
-0.25686956873372024,0.8371689666848764,0.3030390537338479,0.7434120141706416
-0.331871549529925,0.3221689106593291,-0.0019529098362105583,0.8767545177757274
0.5737037288609008,0.24530948223274904,0.3840188629869204,0.7932395471065657
0.3454565414936569,0.26544832409412494,0.06966764553380275,0.5723634874219405
-0.05287627551095599,0.11052244583039536,-0.14206560477454022,0.6667647045216154
0.10757195133726223,0.3132198822183811,-0.09900831810679427,0.5261364484131688
-0.3558698215004195,0.0901907701996859,0.025195274667258814,0.5072742327830365
-0.1173553943896831,0.43642705827018224,0.10828105028860587,0.5671712656682153
-0.28424862914413357,0.280464037384356,-0.17386297942453605,0.7247448689548809
0.41334135655738213,0.9037972631109482,0.12069412638095026,0.6383862726232192
0.18018199143393518,0.13725198840988012,-0.03829249170522305,0.6437075116894831
-0.6067578653486891,0.5628144333165941,-0.02121417318982271,0.7782524249545789
-0.3660808660354008,0.7472626418600814,0.3328328888588897,0.5266888126094371
0.4006286540123423,0.7667039773067577,-0.10123511776909704,0.6244366718392119
-0.6599765773144276,0.9843217030503784,0.34753992086988617,0.6473247304527574
-0.28442388277652964,0.342353386100473,0.16367155240339462,0.6967349826834989
-0.04120759131947949,0.6566150994447527,0.12100609559108465,0.7135644297933487
-0.4066105506189702,0.5838868936522443,0.3176401516427036,0.6091914446138487
-0.2186185773644425,0.22569752407215657,0.3736704478228181,0.9628265537897707
0.743316025182955,0.30878789141435053,-0.06051030278848918,0.8327460195829289
-0.0374925121493096,0.31364317720979673,0.22584024553747184,0.8193377617370211
-0.42356105674960054,0.9823909517349789,0.08342144903259567,0.9013644849533058
0.3521806604887819,0.43179971253795696,-0.029482075822434388,0.9894382979847917
-0.40122736234706535,0.69517136434975,-0.15583021217953888,0.7149114928610564
0.8252519100913369,0.25336914916559844,0.2881280222665421,0.9151600476931521
0.3054404253715279,0.33998737681975355,-0.0791862281145063,0.6144941148576033
0.8724206865420947,0.09319559320365131,0.011659429481818624,0.8955504678606477
-0.5796070758876328,0.2859069363382032,0.05984514835036746,0.8057084383781641
0.5336943313167928,0.717924445901787,-0.042404190295402495,0.5904937006557107
0.9609349689763698,0.9197065331382033,-0.0535625353009748,0.8212404577780686
0.17708935212199176,0.32371044280363537,0.18540608378468607,0.5707167610919698
-0.12232527645104195,0.4216772545840692,-0.0011887611796036674,0.6609377165931115
0.6807955387332599,0.344845904161775,0.08055834550833897,0.7026240312903815
0.9532177366835318,0.1925732272418407,0.18326179239234827,0.9470233089376584
0.9657985957014834,0.5853427948270417,0.06893829302213411,0.7202074148893653
0.9911200726558543,0.3635295610819857,0.009530629232744467,0.9356559425479192
0.5967059760399743,0.36879340794158194,-0.11119327938436202,0.6372505181500261
-0.5088858127607871,0.16696691897895893,0.06675824820348285,0.9403048520604645
-0.02356478442073834,0.7426403296910719,0.012663797660090917,0.8392601742509961
-0.5793533622598962,0.5166304461306652,0.005163339107097428,0.7771342443871818
0.5192542018721209,0.13202518459092524,0.2178350564257612,0.7403111298714647
-0.29564810319808515,0.7464425758334026,0.3366091540196484,0.5631499897757405
-0.10701471531230598,0.1045979725408236,-0.08526230144603138,0.6881950439311292
0.31370257300424986,0.06625463478519623,-0.07103773527610657,0.5710490893961204
0.48145666305881324,0.19773530880385726,0.19244663788636124,0.7782741756551725
0.6091209561443433,0.4050063822526477,-0.054394060901657736,0.8319147045568572
-0.5708518320582429,0.8143998618153415,-0.1448472645981493,0.8251024041315334
0.3003060639815459,0.5213978250963044,0.15819461641413002,0.9811274529795008
-0.049147405492712674,0.9197988395510172,0.24687258126906647,0.7849814405385608
0.9781071007297645,0.5927294758819187,0.13956115290852522,0.7296495117133921
0.3003077090906668,0.14591906994166284,0.10380057705625016,0.5748601317909825
-0.0648249605826427,0.15695770916041174,-0.06643365912320533,0.8987048107411675
0.9366842505330322,0.49971627047895373,-0.04751704643231669,0.8916344940225442
-0.01743758830764431,0.13294944387393623,0.38684509280498236,0.8038892774897448
-0.4227704246316542,0.387177209320995,0.320395123448574,0.570685033445136
0.17941814463745737,0.9313548645904945,-0.05035731701195033,0.6689856096277321
0.7882445094413191,0.9157977266369041,-0.0727752875140228,0.6845476354288413
0.34697347153750424,0.8359536165512127,0.22404189557438328,0.8456993307431931
0.9511818905955455,0.4853987563092461,-0.170231177364855,0.6120894384473249
0.007838182605158391,0.2404865117125997,0.2979127007972085,0.9979698743927352
-0.542089794057509,0.0574979303441855,0.20742280399545338,0.5194714283073106
-0.4808637699968777,0.6668184442805775,0.32444303122161444,0.6494100184121883
0.0038426818243219264,0.8704833210104107,0.2442123465025683,0.7000820432002428
0.6093414852915022,0.16201098612971798,-0.16548322512748592,0.9421916849860361
0.12804654556611264,0.6423971467071437,0.09095086412680058,0.8135725420861304
0.21396465772462633,0.2185079305578074,0.15965338143548197,0.8571768034014592
-0.07243882481321545,0.44072179369400954,-0.10502880574367536,0.8257022967374612
0.7767582938075165,0.31231083198541576,-0.02917141101324253,0.7866914957118553
-0.5653714422176617,0.6654403596125882,0.17384155778959826,0.5505882346380728
0.40607399930256316,0.6529770059018386,-0.199976713747007,0.7103728056943659
0.20240681271671365,0.057886921978747875,0.16124051313462417,0.9398010364244395
0.5100338774288466,0.2303954597519024,-0.0011063819544564319,0.8196377544653358
-0.39676297645984776,0.3279425597964877,-0.049610569870214435,0.7807231257965602
0.5823835674553202,0.6203136862843203,0.20492457162145106,0.5743002009116687
0.8486333741775682,0.9500574512696441,0.23458627157557443,0.5199719483307923
-0.5812820389795165,0.1568631653358603,-0.04484969797972611,0.5150095991640615
0.1877141316440122,0.6316511321108063,-0.06725786365280631,0.6088784580660769
0.7102485101837329,0.08413305199033615,0.0970910262219945,0.732930039673471
0.11541762268225446,0.9163987394060146,0.12085972188679613,0.7944613892512141
-0.5113724380732004,0.4159365715041717,0.26971355859461843,0.7042472308163861
0.9435938113918214,0.10852828628549538,0.34023420619430444,0.7503695360475529
0.8175273467737216,0.16130315841163823,0.11486439075283272,0.549734342716812
-0.44511566189315105,0.35183951214659276,-0.09875819552993596,0.7299034213857137
-0.46137328549549766,0.9092516993761998,-0.0041924443660474615,0.9737538104743252
-0.34926148349338154,0.271616016769078,-0.08595993722298406,0.546532463486061
-0.34365207583936114,0.10239548783179948,0.0371669563692002,0.6254778172196459
0.40256218959262224,0.9000288742581831,0.1909962001528135,0.8505495750220649
-0.1447849673619227,0.1544615879780425,0.19795273901461483,0.7336965306853379
0.10770792658173557,0.8522425995520954,0.13067532922469247,0.5861873354823406
-0.18221741577935832,0.19934482314594903,0.30848316230832606,0.6698849712508506
0.13842185273662125,0.124966452666095,-0.024978986257661973,0.8938129404405838
0.05506675640809787,0.34030911335950925,0.2875763397476421,0.5498368772293659
0.5768975795786621,0.500935265749372,-0.17000905634573105,0.5596740724427283
-0.3274241624379768,0.9891894937816387,0.2203988561458946,0.8137590210231369
0.33347773183970253,0.14438525266367788,-0.010441237075895473,0.6339028157691676
0.9666664328002135,0.15554887664279507,0.0022945086700139955,0.7739975687189424
-0.3357310760469172,0.38879902432050395,0.3244216228493338,0.8613903642661522
0.32086459984750293,0.8312255759588763,0.36591896954253117,0.892796715049564
0.6646598455276836,0.24369088036408681,0.015050642491691512,0.9530725965512772
-0.46765930349901286,0.9772378725865375,0.07938057768464706,0.6369106885134014
-0.4256500262174146,0.030137834734666587,-0.08739529647170678,0.8641726911465716
0.9482023511170217,0.5260946562857315,0.2290842700308014,0.8977841569331916
0.6904088813873422,0.6135365970078909,-0.20637695416903712,0.667713034827045
-0.22842412769701667,0.6271650930253628,0.309576391887047,0.7506113382720225
0.2720670264054094,0.2340709792326991,0.270918447869837,0.5199107154940836
-0.25518457709282594,0.768442851187984,0.2079668700702722,0.5768607518559224
-0.2396485587207641,0.6612197437038262,0.36859442676863063,0.6077929897555033
-0.6497594594923513,0.8191532428745639,0.19547297146212866,0.9022611666811912
-0.460466657639097,0.8077768645074878,-0.1299463148727304,0.9655381987002308
0.3505256643042105,0.9528470933488724,0.10484065876551527,0.64324296344048
0.862844612572003,0.7358266139187788,0.31718912660046966,0.7686928973874101
-0.2577596556209752,0.2962028806776739,-0.00853418376979061,0.8421066890738041
-0.061759231322033245,0.7839611744448006,0.3071274264508442,0.6482459125242375
0.6365590078355036,0.9509264703693764,-0.05225937612272569,0.8881788015842665
-0.23916152308122446,0.3049667131838268,-0.1048547767782501,0.7669553543374774
0.9646103408993657,0.9447875763719225,0.09405955138664829,0.8369102087768727
-0.5479775309953929,0.13629150342970273,0.039811145091053615,0.8665759338882281
0.4305514373240316,0.35690293380695637,-0.03935980501314573,0.5119350129612166
0.7446266060860234,0.8708183336128242,0.3138634405204717,0.7363266458421794
-0.6362221216197029,0.19327416921571033,0.22820525765141014,0.9610555172087606
0.32649338001250006,0.5247584803347257,0.11283142367826503,0.7771844109676386
-0.43215636025096,0.27152736023337887,-0.14872522959292223,0.9534854448293023
0.9520160844017892,0.36392812020603243,0.33382788352948095,0.9474469849658889
0.3212656232320835,0.5865850993254289,0.2749441687646517,0.857744088923609
0.39348586336607416,0.11166590796923147,0.2555852762910403,0.6698363282146811
0.9238390465774797,0.2995955815968797,0.19966162198722534,0.6413226897426987
-0.21608911170895329,0.41495540869582953,-0.16758620093813048,0.9524575962119264
0.33341819908693254,0.6688651065164096,0.2729806369168196,0.7748106014661522
0.08350471675047834,0.9403837305989613,0.12324280789972197,0.9710072456345241
-0.25693125381974913,0.8920888161946494,0.29297334333185904,0.8674908914109155
0.3885816007746602,0.10750707540051159,-0.09222139787608816,0.7143860452212243
-0.09207420972767066,0.3955401898795037,0.009200283298102139,0.6232597916440167
-0.08524931830755082,0.8517309477618966,-0.13930631371121008,0.9926562473784692
-0.14623669987405213,0.037577287887881984,0.2436619083901385,0.6941816585405256
-0.41744739523598395,0.1999899054960986,0.321021544468506,0.737008196433073
-0.5306834056389358,0.3881454360874993,0.17334128530149337,0.653899172094176
-0.5506844059848187,0.40462757924617543,-0.1474073624135816,0.9041921792189607
0.9610557230719623,0.7491257274146375,-0.200431118741202,0.5572300017805925
-0.34885706670263605,0.5795325078626599,0.11922048736802314,0.9875094988852842
-0.3476760923366386,0.8385922266532553,0.3680914931556583,0.6188948647751995
0.07220688522240307,0.607654896015338,0.19025059296294394,0.8814165015882495
0.2921971664617704,0.9555569038600426,0.35537514701264755,0.5912239145917795
0.9664387625133489,0.4440935147296604,0.2907466062668869,0.8195668207827767
0.6419277397470584,0.4440446800179734,0.2635516820718361,0.6900751099166967
0.3077425865962585,0.8927051671688639,0.24452741710008175,0.995557512222212
-0.1614389549217412,0.13567472047934856,0.04856983040526707,0.5183528875754095
0.6623618381088818,0.9933506825095826,0.028520079877822145,0.6112767670057029
0.13482842730968303,0.10842851438056916,0.14943159140044335,0.7862994550162801
-0.6084719326132982,0.7893154410644669,0.39079455829249937,0.9461075282546161
0.9010347762354561,0.1642071637988244,0.33919835342271987,0.8404982874906942
0.2034069501710569,0.1637259323255986,-0.11014438102858304,0.7635673147230625
-0.3749611155060758,0.6627835960760673,0.17150933794819415,0.8450209852512506
0.675259033857836,0.5549192973404314,0.2056490500747527,0.5435850288555052
-0.3463945073090636,0.5477847500067899,-0.024729940133245698,0.6630645849211565
0.9037578921609851,0.9398139834787692,-0.02326192325533649,0.631134288655318
-0.581428552002928,0.37105574015320114,0.3006981699144564,0.670920601910604
-0.39793902217822164,0.08724755718707772,0.20420236288989985,0.6052441651824934
0.3228293613794879,0.848125443208528,0.3706688722387313,0.860252399314423
0.43986319743884905,0.1096616792173081,-0.212173184528165,0.5602459591431193
-0.5174878363925539,0.3480833809937496,0.14921716842711627,0.5357621603460169
0.3241690805861791,0.7423067098093796,0.37838382379615043,0.8885991519949809
0.45383146434094135,0.4383994066256049,-0.06559980765324612,0.7823089535100833
0.3093346380294945,0.8674159195598358,0.25120342371141036,0.8106954548372145
0.951783607841492,0.611966895533892,0.11923776188304862,0.9887438671444616
0.04234399945213108,0.14862070830950283,0.35658174239652307,0.5849307803036962
0.9909701399585701,0.8555112667051941,0.331103819847872,0.573500101226126
-0.5278181261591008,0.3867664709779596,0.28211687345542297,0.8814798218298276
-0.5888290277269377,0.7342605536156425,0.3416086897981645,0.7018048315858443
0.09642541623659458,0.869972843750806,0.38544996812181703,0.5426968938390153
0.06608097296924988,0.10143194212567057,0.24254585627084121,0.7427501509216522
0.8218351772350855,0.6350405692012395,0.3838525494122476,0.9646578758028664
-0.3207576208646013,0.12493982628947008,0.15521866978132695,0.9120235709864245
0.9223351119744628,0.5793174598203561,0.24613360304781115,0.99101053415377
-0.1612104657113635,0.4516321398033028,0.17249360002951478,0.5773163281944037
-0.4474362443922094,0.4641430352005396,0.022160700411522755,0.8345326303751356
0.4409138864382448,0.7776116176724703,0.2447759589625161,0.7260788496753892
0.46741306890754486,0.18832073128101537,0.22676955794039277,0.8059000372307198
-0.36218890964134365,0.1940550385202454,0.11108541094426275,0.5609407265796074
-0.07124567915892774,0.2986777385771356,0.014006385535210253,0.8493918155380971
-0.403460575911358,0.7542858670011665,-0.04154377403332212,0.5766518379983838
-0.6375222292706677,0.9294471489212519,0.28167940236357075,0.6189628182306961
0.07305359009602523,0.23149705009380003,-0.0009384473434328874,0.6323724488013287
0.09927218036687802,0.2526797559880102,0.1681744408708847,0.7569597620519083
0.5831587402557373,0.17533902194495657,0.16068605507514452,0.6211848448221104
0.33414179551622253,0.2707288196510037,-0.08302861181306177,0.6568163481248623
-0.1288154602764325,0.6121533142449804,-0.09987650091284728,0.6726601856140157
0.8840361466242698,0.4189135911108921,0.10314070729093332,0.5870298939785928
0.6692568477793006,0.6196092136327515,0.13961893063325595,0.7173084633190641
0.34624961924042963,0.7851581372407351,-0.097923935242369,0.6193367586721751
0.5864287186427433,0.9273526270059447,-0.04878395442664514,0.8618618080079992
0.26719150733319136,0.776494431331811,0.38447036872978757,0.8490381431228027
-0.04434484837416833,0.9205531154704849,0.022240206132108725,0.5848875474484684
0.4421687365388329,0.452137664625166,0.049180824729361375,0.9429643025484723
-0.45500918074430635,0.9770116193270351,0.002084769457734137,0.6298013242292121
0.5764673960609913,0.9775614979355312,-0.026400600246446713,0.6578034927730453
-0.4131239529264334,0.32586541236622407,0.03292767328859633,0.8606403830973922
-0.03722357085496421,0.921268388189606,0.36022401920888547,0.7389094569572511
-0.1254340620751831,0.8471998825672594,-0.09006709284751296,0.9535234673224381
0.986475935993679,0.1991434939273507,0.0888823220660318,0.902464766156679
-0.20680821228834784,0.46272013864602485,-0.2134448461948747,0.9000584206686307
0.917862698064071,0.2083137238444785,-0.10542789665068011,0.9470618199192302
0.3107450485314176,0.48215628006710826,-0.0009240636788562193,0.7261712100718858
-0.34033062518429136,0.7005615693999193,-0.14766557625607984,0.906841381215382
0.24176558308584106,0.8650953403175662,-0.18923857941394479,0.5245504501253534
-0.5948813506350723,0.762278429583394,0.23721772751140488,0.7926904466904612
0.7244957605157492,0.20365878294593381,-0.07000880495003803,0.7086623319118717
0.9778371162944247,0.4357779915803404,-0.03807085130368359,0.6210094673632264
0.4059243933688342,0.7691462514441613,-0.14689933290604,0.8242265766158714
-0.09654217360724907,0.794290376687959,0.0846870522266406,0.8176460007817052
0.814098217282396,0.7830050907428681,0.3440373383291833,0.9072201833071598
0.34666987377730873,0.6209232050870602,0.24112543129223094,0.8330175309621853
0.6870295979896426,0.7755296024563395,0.34214021142485507,0.8288169632783782
-0.5424148756509352,0.9329040282683748,-0.11954491988436769,0.6923549264277029
0.11887467175041815,0.988631052943019,0.331748016064022,0.9334689745711661
0.6307228162358346,0.42879081932799673,0.10412476059592439,0.505461780914083
-0.2906462805946885,0.19828903934421527,0.12146533539696854,0.9717026435939432
0.36664939375996114,0.9878466943162107,-0.006666941657359395,0.5699947978365791
-0.1974780012457415,0.6270392904763816,0.3698217029358646,0.9359816922058111
-0.05670862074044342,0.714607387496791,0.33969187748089136,0.5222464099261753
0.15247673615436935,0.6121618426987724,-0.08279762516164514,0.5093985533589338
0.84031744647513,0.10860630714061892,0.2110734643132666,0.5841278996745249
-0.2539216597456664,0.7302654994472563,-0.20251890865816588,0.8243610902435373
0.7254178656540005,0.2766712129904749,0.16835259352250892,0.9841566606560728
-0.527927293513801,0.40141450806334783,-0.15837248918198332,0.7449902498947645
0.9197891343660226,0.13891550292279747,-0.12346987578951282,0.5558023915005273
-0.34808367023622955,0.7882317031437321,0.31448860013961294,0.7231113636762474
0.7809135669503564,0.6804035698049213,0.3726186204035479,0.6248198699422726
-0.5897793281695528,0.1036213502666597,-0.09257556137224256,0.7560964582928718
-0.4230893349357422,0.2261995651620164,0.3345344284090999,0.6526549200038748
0.7348056974774049,0.7088991136349039,-0.09581730955189327,0.6975222810936943
0.5034979883271061,0.27904592209544316,0.30931695626335015,0.5677957008454552
0.48883904849147863,0.8804663724132511,0.22725250992764698,0.6863231401258729
-0.2654718195301852,0.6296130633471309,0.10687023379154084,0.7779454488945807
0.13777702167700187,0.9266692166752145,0.3776728385894181,0.6859999794036756
0.8992098315441158,0.055648309972257184,0.391085163792274,0.817679839119254
-0.144081898257535,0.3978973567461589,-0.10679576230495903,0.5623837814238575
0.10032375299425073,0.284731418851603,-0.16648109008201017,0.8111306206862923
0.0538628268366078,0.37884585999504017,0.1317504559673942,0.8628493619294771
0.07768663275308091,0.5274377811162803,0.3688350031117696,0.7447075341583516
0.7370959611645623,0.8954906309388511,-0.05933665488078029,0.93080917922377
0.7441536833456998,0.8734016046151917,0.33888986420563644,0.6249081173589731
0.8079231281195808,0.1670708175656096,-0.09763274996972758,0.6147874884686505
0.41072369934263725,0.5173729837692759,0.28597398494703224,0.5401395311551537
-0.07838047425048993,0.4177175422832378,0.14511107790729816,0.6610293827931238
-0.4339597423589836,0.27149987470176246,0.3985221615811843,0.600699876520767
0.8360903816806955,0.1395052106502394,0.3737537575835995,0.7495747737420253
0.08390991045584997,0.7761166641413296,0.2684468446274318,0.9486148158384031
-0.2174973117553704,0.8109510483573467,-0.05543891055509014,0.7816301629350563
0.8666980428034302,0.9394040861392275,-0.1511447822130803,0.7486503497543051
0.02920353974831997,0.7201407236351245,0.1155850065587154,0.8185209145924839
-0.13205089595551453,0.9264118031020145,-0.06313658034119686,0.7730678124011088
0.8303620486595242,0.02321328225051767,0.18501412054211752,0.669700202291148
0.08033675247390026,0.4031570824332382,0.16797548475255838,0.5796199895071827
0.2622172686690467,0.8689759294125387,0.20989005847151646,0.9255753551886702
-0.07991880477591459,0.34190733831114034,0.2924902726534852,0.6611717648173342
0.9857777341835597,0.7198918799128511,-0.07362165893515948,0.5187023211119992
0.6193685011689702,0.5866827664222894,0.28724846019212924,0.9813783819897932
0.058494666470414264,0.3773403148779503,0.03577984214399397,0.9474967134092551
-0.05028233378257863,0.7329203505089761,0.0653978091403877,0.9177252611872667
0.5074545528109589,0.2781613439729963,0.1817462934248934,0.7852489866948109
0.46201832169286255,0.4168892586428181,-0.14952660099131074,0.7610072981259782
-0.4884994474435813,0.9919523884122472,0.35111779132325677,0.9024574941597049
-0.18380241214457738,0.09883356053756168,-0.20420201578571823,0.9604782183656118
0.5275691580939742,0.26516410060710033,-0.0435485964290439,0.8984687883311367
-0.05264134134002022,0.7042131929275667,0.05991191190539243,0.9008396259826011
0.052423091054745574,0.5217508081867575,0.11472429379042394,0.5889839803576652
0.9906769292557617,0.5366117394334928,0.08530203448311591,0.7368289116994186
0.9637601459797451,0.055733687662505395,0.3161479583184164,0.9379164864174884
-0.2786496193997889,0.4600979478376853,0.3423679270081497,0.5705847020177517
0.32131054157600597,0.5778257378755544,-0.13001029840785058,0.6877235706752707
-0.30871259111610244,0.49686857056221706,-0.06261948038950663,0.853986618112653
0.3673610744121265,0.19164986706907441,-0.14596793035281339,0.8650663395506547
-0.5776092997376102,0.7160371602271959,-0.13953443741245072,0.9303183294726594
-0.07099635502265553,0.28479691338138335,0.17590550539378016,0.5864836242072545
-0.6202882338186163,0.14077216896088,0.0030908151917135446,0.5140776993228608
0.9322015374082115,0.9628600789493927,0.29907534945082054,0.5047248634122402
-0.5024833225366315,0.9500191027009041,0.37520646448531,0.5394745655940517
-0.15947958517278701,0.8831502818900766,0.12873290572829665,0.5563997740275735
0.048829934761805006,0.3684914438383218,-0.16341583725287176,0.6171890391706273
-0.3646187379634192,0.21570007452371068,0.015875337724130616,0.7296071042801452
0.003441022332696242,0.22446711317548146,-0.09681222638468051,0.908934104572878
-0.3298560852580622,0.2786126076543701,-0.1018701695009872,0.8508633656157873
0.9366994954571558,0.6492443605952336,-0.17109915251035412,0.8049835730286462
-0.06926785575275868,0.8814558301144702,0.07815609708750558,0.7249348823583566
-0.6267896305268539,0.654105194981964,-0.17387795361687364,0.8776233663557382
0.7446206224302675,0.5101877702925182,0.3521144811394712,0.8195379651837809
-0.12075068053725886,0.4935933370429368,-0.100954319347753,0.5304664426706082
0.8212797783069425,0.5343453215997506,-0.14060239501732594,0.6955405437082559
0.5646785906294716,0.43767705479208574,0.20612374068143746,0.8023415264016004
-0.28111007782536784,0.18242332203075248,-0.15171196087839553,0.5454874220312321
-0.4124776973762472,0.9068137600621106,0.15042703452534975,0.7208647681593198
0.5784167733317093,0.37705367729652867,-0.033822018499522793,0.8059036761077955
-0.6462932601237127,0.8110803470881457,-0.0012522225617081547,0.5383131861891052
0.9969809727562656,0.5230477573362137,0.2901368776098007,0.5909481096066891
-0.4788105893155398,0.9758020745109663,0.16660814213843655,0.9305126750745424
0.9225049061433316,0.8527291276645971,-0.12008975583777216,0.7627002711102993
0.3077666199603868,0.905643767227149,-0.1421066349238202,0.7948938372654786
-0.4275883593652254,0.7757173311094058,0.2147149929019439,0.9402966198365726
0.9398006654651714,0.7491061011664976,-0.16742105112470493,0.9187209570276461
0.022547085451822726,0.536229617627238,0.1807885166417012,0.5848274891118077
-0.5198775650435123,0.683544788701805,-0.11724149938410885,0.9158673296666292
0.07727316670488098,0.5112380968180538,-0.15571297755418528,0.84876383969552
-0.16272445336647953,0.6022794781363623,0.03314507048386062,0.6769296472719897
0.38249433593333787,0.9733194262681395,0.2121952860502583,0.6348906811638386
0.02730260639293931,0.3651075335841674,0.1787896504753754,0.7071872829143216
0.6153713454064889,0.525159588398207,-0.11800550302479644,0.8999837042922408
-0.03571932282284199,0.3505122334623461,0.3477898381990691,0.9760740680421018
0.7505204514189142,0.05482772316546838,0.15336173551187457,0.8679749642154769
-0.5431151212247216,0.2700384642255718,0.17030299644956118,0.5775877885836255
0.7206212907524542,0.5200787209311961,0.3663146397023718,0.7009044755727166
-0.09650647620991833,0.6763995647604676,0.27019921667549407,0.8545837822208671
0.006975587509160937,0.9137666751798685,-0.052388418327487064,0.5167881819736937
-0.2765047238281053,0.14930594704459202,-0.16766008874621194,0.6437443535223625
0.049573997483664575,0.9496541061675432,0.09130740280533178,0.6070025600591709
0.8805215591095298,0.7421634521462253,0.028143526504047944,0.5564579153972661
-0.06739075655022415,0.132872859636737,0.32989990239918,0.5865048480743039
0.29132476873256635,0.8177754744500378,0.19585601933254293,0.8301552287188397
-0.5213175890202654,0.772046009274882,0.0340821516548312,0.9011865095038873
0.02942993267736016,0.7516680868810596,-0.08838175121938452,0.9555037432479926
0.630193182194467,0.8137915036851471,0.31899368155115065,0.7017368712135856
0.9614787399334611,0.4773494289979584,0.012954800946493393,0.8440150692008838
-0.2615738444164741,0.2771053731053027,0.20204981574489425,0.5701647756197831
0.15225136716398127,0.5779092609325297,-0.1332391080077159,0.7002604066452996
0.12575464652759574,0.07470639904615681,0.15558694806658077,0.5754728915808269
-0.44557491532701776,0.5981944431333432,-0.1861900298668547,0.9766128329055871
0.7950024095252215,0.48232728693475746,0.3776984049680877,0.6895762516496495
0.4628256270702049,0.05686724862445222,0.3117233276304525,0.7233234995148558
-0.6509417949569697,0.5927589550017721,-0.15399793688671104,0.8673273310616535
-0.5200336020046002,0.9031720139792213,0.15268104817364855,0.6821856903952873
-0.1778328566771845,0.4304620786574554,0.0750886981070888,0.9833568901698182
0.26769792888850835,0.557407564140789,0.3426310109536504,0.809438341405872
0.6659728447250728,0.9892052711263524,0.11640952679452822,0.7168212497493868
-0.21670220051477243,0.08209451341364107,0.31881601437151363,0.8510589097767035
-0.06592412337937281,0.4553350824623304,-0.12460963447234014,0.6940140108665835
0.5537807450646419,0.284055769978248,0.32236839410283175,0.9444642747548558
0.5349644616774436,0.39385599808343524,0.19520488713185408,0.5321006180350433
0.5993406255154954,0.07123893387532189,0.3980628941314342,0.7384292026589617
0.08531892283065409,0.28055074119788215,0.1243171510497593,0.6191415864533332
0.9062661809766618,0.7832747685017858,0.13463198829905695,0.766396370730142
0.943920960087112,0.8068017991264043,0.3263519245413003,0.6191250285583219
-0.6613079534161345,0.6270476158469976,-0.02375230815388139,0.8929511929963656
-0.015577208167575669,0.6141514077791277,0.07911929323218701,0.8960783214403363
-0.6193063232172986,0.3676601487685866,0.16759706939238195,0.694280410528891
0.5637832123045609,0.8457424379631974,0.33850211051941415,0.881522641861749
0.9742923493517438,0.8676956545349566,0.2773217642236871,0.6635688893898205
-0.042776314288693204,0.35795384767389576,0.2060372591866529,0.8138325227013431
0.6944523237750226,0.5269093109515226,0.2580475990948863,0.6617189743379003
0.9865842201726266,0.04659004586529584,0.38666348880832796,0.9295646602447495
0.8726084325170483,0.607447433818329,0.10581560308835254,0.6423119605928957
0.31438061442628257,0.10243778678321015,0.26652020552098826,0.5714843184343885
-0.017485942476366936,0.8230063358977477,0.33590529550243836,0.71103810145522
-0.09408793357727685,0.429034389851268,0.14779795731934556,0.6695456663180579
-0.036007405552954196,0.7803776432529497,0.06545187088215661,0.7687031937476487
-0.6214024661705987,0.9248114017720055,0.20620162357848196,0.9032013400852607
0.6200043495859462,0.5341329153815448,0.17114242963278567,0.8974696926405664
0.4966169774793376,0.5006966104395352,0.3629636503023961,0.9094469916064378
0.017987144444588505,0.11385395093334248,-0.14543580231728986,0.5933256589146384
-0.5818001066199772,0.8981292680318219,0.3731369031874459,0.9214506374323357
0.6587684179913442,0.8365981281078269,0.18563031970977387,0.7221195261443675
0.1737657887007934,0.04878987553232396,0.3453109502295255,0.5955431117262531
0.47357559774857005,0.2125476295908378,-0.18854713540615833,0.8883325118474807
0.8462401810171355,0.06777484714465432,0.17917751286682823,0.7838435795936879
0.10449351916267381,0.2331211816457143,0.31923189343094993,0.9436383143519385
0.71982862058443,0.663149989431184,0.18533473343930565,0.535672132439357
0.9332974752732126,0.03081548619407899,0.3401939321764737,0.7228864789186398
-0.4386687124195572,0.44450342199182014,-0.16521660221194623,0.7962359971803112
0.459396654668109,0.1588831955938259,0.1428223964677937,0.6818981054977669
-0.025421290026727206,0.3443442098158721,-0.18725040503416826,0.7685872841260714
-0.17549705246875222,0.3903265523018595,-0.03513343134186194,0.9719484055141487
0.5293109380553715,0.18725678252416578,-0.07074091388869316,0.8639166592676228
-0.2976499493423813,0.4206646085332861,0.02362879486573373,0.7892387486725124
0.8056326234288115,0.7845999811256662,0.029709153405294515,0.7817485071065413
0.9022353144727164,0.2267640741811034,-0.1358665500924024,0.6017059537071419
0.7560463070658496,0.8689586509215229,-0.0186972576173463,0.8347142111981064
0.10474559885421142,0.5057587036400388,0.006661295757068287,0.5932552765167894
-0.23521562119148984,0.19876084369418837,0.25972695481200814,0.7104967637210453
-0.6375392707081353,0.7700580955441876,0.18866318741251847,0.7367996491261755
0.8137316451785799,0.2746277580781153,0.3145284762870507,0.5207406803183706
0.08937328349502445,0.9846128128382218,-0.10077101679612033,0.7219047567900078
0.6246145499770817,0.4172745831296065,0.25256290322454383,0.546159281902463
0.1160766156291302,0.2665847590818307,-0.050566208426644645,0.8484635231748362
0.8992491282724918,0.19403145137773525,0.394827276568766,0.5232587299755271
0.12525552879714352,0.07302508516388938,0.1871016461747085,0.5691851580283863
-0.39258093547096595,0.9436372194037581,0.28997129821340273,0.638942684889135
-0.5552378127025722,0.9760684721441389,0.13928255042513035,0.9392297826419113
-0.47115602384287436,0.1693759330709135,0.06468931838449478,0.6042545535405596
-0.007556932227669319,0.765549588869086,-0.06245262583630039,0.6851183430651734
-0.10459968378250553,0.6151862420659236,0.058088435840104126,0.5969833702748066
-0.5374149315498894,0.5118453366349458,0.19161087422896161,0.6647530009441798
0.8074397473588493,0.1037905779586212,-0.06831450698993503,0.5405628991189733
0.5830459984160766,0.8346128503699342,0.36097396740363447,0.6452907024122231
-0.08956970568614063,0.6993944708996888,0.029157195059172455,0.9040707471750851
-0.5921885113109188,0.5997507171609556,0.027494550315124745,0.9516335833658165
-0.23872120016712614,0.7740230289527142,-0.15238103736892167,0.570554815957868
0.9574509233724727,0.8820855520911832,-0.027273165995516067,0.7412852876323163
0.7500923915834435,0.7997993024260981,0.2938527569619703,0.6981570744386572
-0.10269353183714532,0.7681480407247708,0.008115913055196143,0.7345056675893343
-0.030701935623070734,0.9327209798527683,-0.038186985160433326,0.9119979786472685
-0.20290750021493306,0.9184451472465138,0.3286538129413168,0.8303473718555312
-0.5808716704788344,0.6619253058443445,0.38323462025654037,0.9027413554929781
-0.2860362765884926,0.7124490836098971,-0.20046727148007001,0.9685431426758437
-0.4272946635707907,0.7210466373587199,-0.17057926491757106,0.9332582801752962
-0.020764420830255256,0.9006552390369799,0.3221971751108126,0.8024947787527876
0.7916586038349973,0.24276387702602178,0.3428310861782969,0.5629192531989011
-0.16520186819697236,0.4986479319662016,0.35236311922800645,0.9647399012892915
0.922889056210229,0.5078789489122106,-0.011651147055822807,0.5855586828479721
0.4211268442221902,0.10735036786295302,-0.10480348752607034,0.8842101029499226
0.4022734964884084,0.1035884691571766,0.11230227784627925,0.6504341025820698
0.43220060492361695,0.20023920669730194,0.19189131057272663,0.7394817922740757
0.2978436517068218,0.08771273441182376,-0.09402520910995392,0.8002309143417148
-0.27855064285716946,0.3675100100205047,0.189419897995984,0.9204103708396052
-0.17490592411387157,0.6161191295543754,0.015405012154839715,0.9639281165731808
-0.24749561488428115,0.22007284567318877,-0.1318713853583569,0.6730677768341244
0.5427646867901882,0.03686783652393374,0.22472822457105504,0.5836698750691909
0.5177439454527346,0.5277712071605551,0.20026276486415234,0.6432971132138775
0.511483419399096,0.919476371223338,0.07467050002974027,0.6757312974544704
0.12790584502654584,0.3594485372871494,0.21774740758400324,0.840137781152341
-0.5770899591281005,0.1905481174446073,0.18712677598383143,0.8562972010949472
0.8063939112424022,0.10615687336505185,0.01514577278376676,0.5549039734119428
-0.3844679180826416,0.5448526560385055,0.24854390149953193,0.8183429431473264
-0.05880353842214451,0.39836541893367616,0.19344603733757285,0.951123864581315
0.5763708911958182,0.7261886929833903,0.35227076708199806,0.6258010622609971
-0.5893788509559696,0.8571170665767411,0.02931003019675975,0.6005574924310678
0.5592113950575266,0.19996376031928026,-0.16316626364710915,0.8265798570652386
-0.478948043923563,0.07981533122655046,-0.19450052514873567,0.8041501929601139
0.5603679199107283,0.4746642039906264,-0.11163737247630556,0.9404344756238076
0.15687460755235166,0.03833694873587148,0.16801865409729236,0.9065068309650414
-0.2516633066757515,0.17699517372256734,0.020546503489875877,0.8394289218663934
0.506806711547881,0.5374736452092714,0.15318750978133192,0.9116893590059499
-0.6639226633328442,0.3573516419240667,-0.05226988289977641,0.8444609964146866
-0.3140947604376349,0.6223437346796131,-0.21392801616199708,0.5452132846445482
0.7159147874116352,0.3627481742955566,-0.18166088331144967,0.5782042146683495
0.8959439431804028,0.12060226559449792,0.35506928783895647,0.6425567030546353
0.8568665401867946,0.7600184198353535,0.20896763465741747,0.6806986244190867
-0.24453652386569194,0.93390525683214,-0.13154609262599745,0.9516509552457871
-0.10461906595617695,0.5214458000938083,-0.12277258361387623,0.8642734577306315
-0.2849573364062695,0.6485103413429864,-0.11470757660594459,0.6401311234646886
0.3341052558591638,0.1840662875849027,0.2637812623657461,0.873479651260666
-0.22150369901623473,0.23731130556288907,0.08375694310291637,0.8012354572151373
-0.15464124951325345,0.3738249329431758,0.3117083854773895,0.7746301033391856
0.4460076869740071,0.11851248521112877,0.07316794150316148,0.9750733957120512
-0.0143204758198548,0.10341205761145149,0.35013967450613875,0.7455495210753366
0.7337412617458419,0.8589874372665204,0.2979438654516035,0.7880714126447719
0.837331243570509,0.3625724525793264,-0.10520422123289183,0.5933318888149535
0.5091810686408469,0.6446246513702119,0.2204944479674959,0.823436722126294
0.2853439552813342,0.7006479643472763,0.19816078044781127,0.5425093157084776
0.47832953077079043,0.36938977345178586,0.3421142877720824,0.7852339933610964
0.6502650389605161,0.35557057129147923,-0.13587217715532476,0.9690576206706051
0.6139812699301582,0.08029792781795754,0.3677205785702519,0.7773677748873041
0.16174500070592307,0.11068283411432744,0.3888063308796414,0.7654530446339043
-0.3577645006797713,0.8486151877881641,-0.14421914544327352,0.8858377066082045
0.4251498208233249,0.17642175987560368,0.19294506345014836,0.9729096403220647
-0.36658196922163533,0.7336544721342759,0.2383957603919332,0.6357748697602406
0.25748620357144214,0.18610912609503702,-0.06024505214064795,0.5676705612520018
-0.15421935937132097,0.2911382615840103,0.00799324148491069,0.9446516011041438
-0.27703961033367563,0.9859887181733834,0.3954123147071885,0.5085121901226535
0.26266602499184905,0.5199420624815758,-0.21291137500447946,0.7467903640843061
-0.5211043419819218,0.572795070215224,0.2214618424559722,0.8824519971952519
-0.575172775042214,0.20434396980772926,-0.12537274294034675,0.5391849410651376
0.012992961828565044,0.7816177776557468,0.3947468847057414,0.9078674717357017
-0.0035817320810032044,0.7114915566357944,0.1546003755754883,0.9164631967940067
-0.40458998850788713,0.14451136498891806,0.04844672853867219,0.784262701101684
0.6457536552713488,0.7019901135041193,-0.0930610988695264,0.6537270685156803
-0.33535918402309356,0.8331393561142555,-0.02923018552907567,0.7979852540118438
0.396953830078885,0.2673728689509662,0.39302303166167785,0.991518753352612
0.3553016129491034,0.8255651253824755,0.3025361034713283,0.8732405218943339
-0.5433848249449263,0.7369167270767728,-0.010517883199856306,0.9114320434880626
0.26289226995315884,0.7204166431933045,0.20356985070253708,0.9862270455153184
0.7191848852754653,0.6322037106510584,0.07987572393562492,0.570665646546393
-0.15632078465295138,0.40041780374388064,0.24778880599186331,0.5332663601984431
0.7243669988153681,0.816206984607977,0.3825429437536683,0.8411608524585995
-0.4168231808440347,0.2362678121634358,0.25509107282868826,0.9130426021071516
-0.469713937531618,0.8169536597737895,0.1912787371930889,0.9961962345102121
-0.24880666900200218,0.6971946987652557,0.10614670569142692,0.9260710675447832
-0.10481220800173163,0.8744632657525908,-0.21176501048556107,0.6265369759612954
-0.057368277451360465,0.9675202865719176,0.12395191195046186,0.8515705540922215
0.2802283234343294,0.5956800621174808,-0.18517491870009997,0.7938864554431132
0.058859067775102934,0.5800572178011387,0.22107943610769365,0.916715772331555
-0.2527410762210136,0.954471021223122,0.22010486379321345,0.6190598550670643
0.8765910201430513,0.10531871994642797,-0.1166022894757345,0.9728555073869831
0.40548066748855877,0.15294204776569234,0.02204500270282911,0.9157209713670568
-0.13254204389402655,0.09403678930706624,-0.15388922017478307,0.7473452443149158
0.8029449742514191,0.18505224852833546,-0.0569732710846295,0.6141422665459952
0.8841191770880733,0.038094823448290856,0.2512864190620708,0.6156690525882752
0.26238516596563755,0.07209373055603925,0.10230731444543562,0.705287909410997
-0.14609770444934306,0.5462906106446975,0.0034439267096334587,0.6520829928661492
-0.3514675923685187,0.6826845515509405,-0.09953287154525416,0.9953696905939735
-0.004821816114911016,0.5236065137754222,-0.13768294116767055,0.8994462565232835
0.8989625769315398,0.94608362691418,0.40092888979321123,0.5641584545948236
0.30384673988609945,0.6957406998028882,0.22119211241222964,0.7204481883277487
-0.44543072222771934,0.05375503732769022,0.2047245690252263,0.7257568149009106
0.7542034791859874,0.6972059647518678,0.22607322869661822,0.7372849641862406
-0.13854943380761914,0.9348049884760563,-0.09775649974245594,0.6106295706054216
0.2286345666548715,0.45536532631099014,-0.20843517069148107,0.6688758880782819
-0.2092957501597531,0.5126620169498423,-0.1760658812464633,0.5084876238234326
-0.6358543934541381,0.4145629752260366,0.35939612057893966,0.9253274404107196
-0.41421047987925985,0.6264575422088751,0.22157256090744432,0.7031085043233857
0.3679240213692525,0.033078921766296725,0.14976083452417904,0.6970641053819714
-0.20401753698151665,0.7270626583069598,0.38504633416821193,0.8001531825609222
0.3884444335024489,0.7860417265326473,0.2705723501440904,0.9031366395614049
0.1030243249398392,0.7859492529825587,0.20033874694464665,0.507568333692902
0.698788285533208,0.09523623462503518,0.31324298716985877,0.643831961914501
-0.0014351022616469053,0.036486263817838524,0.032117878960102424,0.8088263503231184
0.2652177561149708,0.7833176148716118,0.1820731850341371,0.7879330026699471
0.7609143911434615,0.10357759694095357,0.36757510733795995,0.9805512891049669
0.19864735623662963,0.057839813452846,-0.10844138668961018,0.7786504791850853
0.394272616766625,0.9376752812485468,0.00846693347234327,0.7091388519311312
-0.1056592115861179,0.7337551321905845,0.1323485198649135,0.7189790443962365
-0.05209957933886919,0.864978848573791,-0.12160726376764731,0.7889047848148029
0.7584569598081342,0.374671752559212,-0.06342208874159974,0.9060700832344872
0.5444021133706933,0.18974452410819725,0.21613104278146184,0.5963743637359571
0.15026032732521322,0.48207452433905396,0.05733014053920955,0.5303834908129043
-0.03975078118429036,0.20055469053824979,-0.07169822111638649,0.9071272885240214
0.06856913314862387,0.606576274211412,0.2679000708860464,0.9229144179555342
-0.5386236236036498,0.4868368226348433,0.35312034822206995,0.5692286068504334
0.02732341936814681,0.843322581709536,0.29037517693906756,0.8939286539792216
-0.4697601657281385,0.18282308162745997,0.06249730283506316,0.6951570851179063
-0.3190146690898359,0.5663302824273598,0.00368049582567253,0.6900599635214149
0.3418192063168193,0.46466514811781157,-0.040139266617090295,0.9022314645228633
-0.035914808364626995,0.8896594716859749,-0.06389442897856135,0.9051850202736155
0.9062300513385686,0.21849538818421008,0.3477666359472338,0.6598590663412399
0.8663665329333375,0.06765441226023963,0.25072749677574363,0.704377718533284
0.0535088341695748,0.40928458208975727,0.297392375693694,0.7091395714421975
-0.4706393196764225,0.6909934526668601,0.26577932197584697,0.8692087477761826
-0.020757494124179928,0.44402788072923777,-0.20005227476776494,0.6186166314474217
0.9852926704361846,0.14450928246064748,0.24422026733776145,0.8974334589211502
0.3069732379254523,0.7324463844640543,0.060447744264595725,0.7820865220078532
-0.19947956703383438,0.7101103980540358,-0.0292118954779357,0.958525057239332
0.13592940936984108,0.44456659349550637,-0.13719072978255892,0.7493143754473756
0.6533905556560393,0.3986521812387752,0.2382827647739371,0.6999211596156009
-0.471725858551747,0.844706067900289,0.19623101040696952,0.9487460616945593
0.7704906342360486,0.48351431779039405,-0.18871027263217258,0.5463691119114066
-0.5562827081909707,0.7525755823921211,0.3841459596921968,0.9180565212519574
0.18914120571777862,0.9750709175227412,-0.14808596021153486,0.5393747328114932
-0.156303182331317,0.7881143921346784,-0.01742484719911264,0.777735001245314
-0.27765380200147016,0.6633090141869911,-0.130084849377944,0.819026575499061
0.9591260121724051,0.5683709183316017,0.12159059338037922,0.70538501363766
-0.589256361058373,0.43034001207858047,-0.012082859821331185,0.6269201833961252
0.10686717543342446,0.353699177563327,0.12481475229939672,0.8529329016702462
-0.07753505447463684,0.6108325733062265,-0.019498160863723846,0.957530096986506
-0.06685201547173829,0.154912194623712,0.012090410136154339,0.7456883475072311
-0.1687587676221409,0.2016686729440454,-0.1379339858306082,0.6334812436870447
0.30831434534470964,0.782811646837233,-0.05712413963415973,0.5391491490380207
0.27281582318427483,0.675918180737043,0.03423746743454317,0.6529471532486737
-0.43158755909988916,0.572912114521199,-0.08351528445280855,0.8226379912378093
0.04284803864976416,0.7064309585174201,0.29260151882901025,0.7639468334355473
0.03971123097284916,0.624727588843269,0.03329593375234898,0.9565218975581844
-0.19859859969625102,0.8377177294028547,-0.06122895745656759,0.8165370957711595
-0.5083542734334576,0.3736549662500907,0.26597838560672316,0.7876760553324653
-0.48619468132844,0.16711028511334472,0.08027852551416471,0.7838774123251254
0.6296145226080687,0.5208338406527464,-0.19455552375191468,0.6595357955508674
0.8253903069676158,0.44559210414474043,0.4009439308202674,0.9980933548590856
0.04178047310314469,0.5942430333615536,-0.0982089966906012,0.6384752129792712
0.8639604500182122,0.47092756475599123,-0.06363768196203227,0.5262263727138505
-0.09476188121503394,0.39526294627058617,0.014113436309209035,0.7445139290491998
-0.06255173367177713,0.042417474696820674,-0.18352129858422442,0.9133250086831991
-0.07718324301983812,0.9254977744370418,-0.0023011582768947434,0.6752386837080999
0.23625565349150607,0.09101312153448014,0.20582762001535465,0.6294967176797204
0.7231196747949835,0.08679964229663142,0.18780789069998047,0.9223718810658478
-0.5711330511962613,0.23995963184019772,0.04539873818218664,0.9408564408076083
0.8514746502521995,0.4741948956533127,0.3725841550812365,0.7256761324829856
0.7176385751811508,0.6488055311557889,0.2553107428717044,0.5141508956873848
0.6551887685717604,0.9343090101298381,0.15873387381332307,0.5623452258338452
-0.10217915456007894,0.14563752759142107,-0.07228353017626257,0.6380051999844971
0.1851724522475092,0.3446175878930505,-0.07826358687783676,0.9332591437636528
0.09418994204686548,0.6587370554123131,0.16239958168103283,0.8590729922100273
-0.39018857513346644,0.846159059429214,-0.0875802292452558,0.9490755596831121
0.17632980029474885,0.9318281712736585,0.20921474484501315,0.8434427881719962
0.2876160899298644,0.8089365307124509,0.3549527513052503,0.9258238284066408
-0.13921653780842297,0.5492393427117148,0.20826579319726976,0.5490207643821796
-0.17451759850866774,0.559028750947601,0.1548279799070766,0.6974210725754117
0.6412412137261613,0.9668743078292913,0.04985762215988356,0.5175473310216125
0.03742995697366161,0.5178020278668745,0.16086885248029856,0.7554979812709913
-0.6558841094134773,0.12755357307156048,0.3636795755863148,0.8300095125195256
-0.28506032455982694,0.5442404975961664,-0.19032050261820138,0.6802738322173716
-0.33297751203804365,0.27398456754464867,-0.093265385147681,0.9788540759560075
-0.41610166180385366,0.691366004686707,0.17808986306792443,0.9595792017279792
-0.07634018349775816,0.26854250812205577,0.3246658766832506,0.8239171791958262
-0.45438542505435975,0.05108808144917311,0.038801612092010086,0.5561208949553497
0.9779759622143533,0.7325642760082717,0.13419338809587064,0.5334029604665969
0.949919110979877,0.6485244040436279,-0.10037322660009321,0.9112286127436396
0.578992763883448,0.7697117172571368,0.33416083357511095,0.8101083545266797
0.6061705526521062,0.8641770252760421,-0.18584350244971357,0.7770763188979505
-0.25569098182927885,0.5898810494357076,-0.024931443886451563,0.9428930236303673
-0.038509603794400486,0.8224225497516693,0.05285374209948807,0.5868349870766211
0.48067104944073513,0.5548022834442468,0.03910152818794057,0.9459911467647165
-0.1117810035463655,0.3687841610438985,0.09335585559170977,0.9098489368156326
0.5146651079194737,0.3281706393119274,0.18232496721708513,0.6807189131352901
0.6892501313840795,0.6120045267366211,0.08643341907578843,0.7079706328635507
0.7483666490225712,0.3258566981732481,0.06750280400993788,0.8743706248672733
0.47563100071970515,0.3988134583091599,-0.06698056278824101,0.6194640573484929
0.3911768859750223,0.7618645986605354,0.30715201126279795,0.8543718472634708
0.5640564475865535,0.7142766811870686,0.25120594301408905,0.8116693413753777
-0.038067888839087405,0.9094133892541537,-0.2090454064194684,0.9559973432642306
0.6658326030486376,0.40450206917624953,-0.15516571087559922,0.516153902504527
0.22168251589002394,0.6248575936143835,-0.18215904444993852,0.8133959454380292
-0.35023522231677345,0.9474541301301267,0.3185050162189278,0.7898561614421538
0.5411342214696463,0.062252065579396464,0.2961999604644907,0.8501250872083836
0.8349089741005227,0.7895565776820166,0.1792987764812187,0.6362764959623087
0.15693934896162245,0.872560768741872,-0.05077424680081183,0.7638484687019126
-0.13394963231291893,0.44382053747381095,0.3011536830868556,0.6436189558859983
0.788202341241364,0.2940814639879914,-0.11738528331085867,0.9367496757852032
0.7322201883034524,0.2831441107784415,0.10155304457736682,0.9639383551525521
0.6124301822702797,0.8349537111826136,0.2665929775069453,0.5928458837441749
-0.5993093005071626,0.8674452524474162,-0.162415001721852,0.579963845480484
-0.0030504826467990217,0.8270084266221112,0.028595136185462607,0.7654616430516519
-0.3614082063456418,0.347979907023663,0.09630529507807285,0.8721219980575059
0.6261470203568712,0.34024270744168933,0.15419655642761126,0.782553275782833
-0.05185069923121715,0.31607139672942397,-0.10717286852349767,0.8566262424832101
0.7157557362041087,0.4796111645059039,0.23468051674411808,0.5823912867938349
-0.6640587677939562,0.7807523291105692,0.11628287595884917,0.5220103581128427
0.7559739599967293,0.966280477616269,-0.09296217612688885,0.5867345577362406
0.3744305448104927,0.6631850887456255,0.35360659465495015,0.6963892608663055
0.7558102566492961,0.7776981944089555,0.15682238526393233,0.6715371760249365
0.22183242558039173,0.24160714805492303,0.14145302388467662,0.7824017141819756
-0.3192397242965835,0.39264222918504893,-0.16545006860521738,0.6396691134459553
0.7280850126869994,0.752124526475108,0.37960853173186254,0.5759563416050064
-0.22094409097548245,0.06614272990518665,0.2955038305383617,0.794549671702086
0.5153509953830729,0.4659602835898172,0.25560901089319743,0.7925184745960877
0.8844274501083567,0.9789515691030127,0.32139111963229305,0.7038449554660745
0.0867634622455131,0.9294936641914843,0.39290603936057045,0.9141285694672434
-0.15823699572707797,0.18784329714326406,-0.20643492500780677,0.733041701511581
-0.1904667923503071,0.5002082900612985,0.27856249371436465,0.8879181790605934
0.8371453997141993,0.23142612161246237,0.032397500768152884,0.9093405475020979
0.742669110230238,0.3281787031710244,-0.15172274790222717,0.943454452556725
0.10779930836072742,0.43451889107481223,0.006135327165290161,0.7586144001233003
0.5109684877526056,0.17373842792515395,-0.1673828570422306,0.6310540183702441
-0.273899284756183,0.15963733239930414,-0.10778440558239177,0.8880503554479976
0.09240629500608422,0.13555406646322024,-0.06292407018035631,0.7691832319298786
0.7706978673915384,0.5270860037271721,0.35730473586233474,0.5067283649441582
0.41430572461512766,0.5186559581161365,-0.1709114405144425,0.7529347770847735
-0.012959099563310926,0.830084759026641,0.09902342034338163,0.6397143129077245
-0.6272812967915112,0.736670193272851,-0.08927481907107002,0.6285220582610287
0.2570007692949366,0.05412519146558124,-0.20418380492649377,0.6018342542689549
0.518814823596529,0.5423779362054908,0.05116907653112959,0.7080043231480038
-0.5291344940053424,0.3583398601145172,0.0942744346169014,0.5950364495912837
0.9043788339375144,0.03675260566086939,-0.14812017662355748,0.6963537822393706
0.42439500781712974,0.1694288635445408,0.3218741405226455,0.855161651642897
0.32782674440008874,0.07980766125848673,0.26999479111103203,0.7432933740202435
0.328735612985305,0.5064661709101843,0.19494980931052236,0.5820462531911054
-0.5036051611441471,0.7337582547863708,0.010903159406974672,0.553737404978065
-0.42634202171022956,0.8046497183475215,0.0727928497625998,0.6536852193887853
0.13257685839673394,0.9303392309191233,0.1772460186337829,0.7555125169752823
0.12368428772333576,0.4983498638637063,0.0873904802478723,0.7199520599666617
0.8132052967940966,0.22033586847918318,-0.0770386683749813,0.7380997662518212
-0.581956635100456,0.5304304657592698,-0.14774017043167045,0.9813247880252587
0.4196413653080648,0.17108559366194023,-0.012957234511935287,0.7263092805221655
0.356088107326541,0.3232935585996945,0.052529316864681784,0.9658306607795417
-0.050324713744988515,0.6333154229056231,0.4005660613386701,0.8189597977878758
0.8762582136298105,0.023380898944331117,-0.054496730398701565,0.6369213641875052
-0.4992592289589172,0.5035423932707741,0.08803971779404754,0.859718769878784
0.6365529523494451,0.5920568961851456,0.06926016823214656,0.950841524979472
0.1027761550243836,0.46310766128290254,-0.21245644761862803,0.949941248134231
0.16001046770848598,0.6084921168455592,0.32148303797242084,0.6184273118772022
-0.1579726288781971,0.9901738049509721,0.27592670941051806,0.7791920706812412
-0.4184628182466066,0.21663523027933568,0.3453467698712267,0.650871523262171
-0.2813496795403792,0.0664827627140737,0.3095630401951904,0.7160785092009747
0.43391545124144454,0.48495843853168796,0.05782032557893965,0.5479696832321442
-0.6108078064185187,0.8516904184019901,0.15035970583460756,0.8130722268837328
0.0496583742816585,0.36551686775908304,0.2227138669100029,0.708531645645998
0.9992480877502573,0.05585789108175679,0.07459562545125231,0.9187957058743571
0.9314369248281057,0.8543824933357079,0.10898342856664786,0.9047094858049041
-0.4983412018425396,0.19338673978967774,-0.0957105545839672,0.7275369061296745
0.7793599155953838,0.904406460173029,0.13135454468698013,0.7398468463829961
0.8970721547859445,0.11550068891972154,0.38220393577321676,0.5659767676201286
0.6176850168909305,0.1776378759783164,0.11370891051894087,0.6417019325109337
-0.6070484243472559,0.2557910171983266,-0.054657082300436456,0.5657809483277603
-0.07450716001974543,0.3306008231432107,0.3282089159735234,0.8261905906529098
0.1591598072089807,0.6064542727113607,0.2741931761856835,0.9582984267774906
-0.4458487785839321,0.48807507261657046,0.11507187836451277,0.9394297753418409
0.29861294808039646,0.8776336715611546,0.2640834969975949,0.9857058119763406
-0.4019779054513611,0.8425595556148041,0.010429753006517349,0.9487036563963522
-0.003904995509933956,0.8372541824092204,0.2420627365394521,0.7382523652266748
0.2245290882144023,0.1017318488789631,0.24641547883514103,0.8847180446505616
-0.5977226069181345,0.5854176763866327,-0.1769527710616964,0.92184405925688
0.15989273818674224,0.7399811133981387,0.20142009700300856,0.8758417976576014
0.5457031591892029,0.18071148127629236,0.18588485358323792,0.6350234029971037
0.38148959349936273,0.48275840143756565,-0.07334099923247757,0.9791285437166037
-0.11448516832636413,0.9895840791589308,-0.17059869189722157,0.6899621792173201
-0.22373103859677296,0.17381580801800806,0.04765122091099268,0.7489203804092789
0.11655106034881886,0.7547041141280835,0.34145821969711143,0.8028232999229741
-0.08451847387242875,0.20423183120777785,-0.1891384054767263,0.8004646416137748
-0.12322419778626927,0.47998038483837074,-0.10598381795996217,0.9963517376603008
-0.15654752528203386,0.08105323067263788,0.06441730728600875,0.6917510309687878
-0.6399044718853639,0.7470258657489975,0.14970496055857746,0.9542663867959942
-0.09511959702915324,0.8966047576228084,0.11043336016917724,0.71757568107721
0.9479434673764006,0.08914467415285855,-0.033969323031160195,0.6404073944672003
-0.24076119210552602,0.9926714698209508,0.20946361326632296,0.5575435675040198
-0.03553052851554335,0.9923214807325355,0.33057612052428825,0.9340048305665117
0.5383834189534724,0.5716786827511898,-0.06038054528665565,0.691970277151646
0.3593762107485822,0.5296329141235695,0.4008126388977372,0.9950716250233042
-0.5478901152423734,0.9028906555292859,0.26045587169124373,0.6688583189039439
-0.5969301370294533,0.9257359181232734,0.377679159932831,0.6897708465191712
0.5903826489075619,0.9159335547831586,-0.0015917283157207574,0.8262802238327658
0.20746539099330372,0.8412654776921964,-0.085199714970083,0.9923824251999014
-0.04899667338856652,0.4320944250202204,0.0011183354427143622,0.7055140241046185
0.8899828451053624,0.5510419248738768,0.3440020760663915,0.9749011580718394
-0.34913026901327177,0.6732778410015219,0.2565637340098271,0.7541807093781253
-0.3510742156067097,0.18308807894591067,-0.08758590770828953,0.5058516315653582
0.8115659665929781,0.4930838261106525,-0.21117910392711006,0.5905780454660821
-0.4984598747414144,0.33294736059119995,0.15551082217929854,0.869575636725791
0.9575688731645481,0.7213455246581076,-0.19825474584598166,0.7595486359279727
0.6420070462244426,0.27413931492780247,0.17562075218378959,0.8990063890098612
0.9230107227749853,0.8386131384305272,0.20396138624632767,0.7114125408961396
0.44094700056850067,0.8118860499983318,0.10388737408695622,0.5162370475140624
-0.19745766818185922,0.5911411092058577,-0.21027878268877465,0.5553542207695712
0.09058954726136048,0.19963973123860748,-0.09264681765592471,0.9939325405388297
0.9672654127044783,0.9132392451173617,-0.02091125666749315,0.5972074783838944
0.30730287699521425,0.7628576449781789,0.186131628161599,0.6158039778839527
-0.4432254258048867,0.21903211867959063,0.1609740764331951,0.7552278557463894
0.7500906395071053,0.21218299671203963,0.01050050855138869,0.7930137735454149
0.1810200514222327,0.25094294947150275,0.39771946885994425,0.6921092734233073
0.8509485537063722,0.40924318318941943,0.37335212593244055,0.5472133026354464
-0.5026866497027818,0.8587277932606316,0.024785879703218085,0.5388439551216244
0.34360252474133873,0.1656768084122232,0.13994090464049255,0.5625290459910844
0.5551516114170357,0.9371337062521156,0.09368815424778945,0.6051130503498382
-0.09776290580441588,0.8941563539497098,0.0705231212531929,0.7658701940244448
-0.1644311126260314,0.8964885753154214,0.22585210499460937,0.7118323368862145
-0.4268702527627976,0.32038586760243665,0.38728555087031397,0.9474629902565956
0.708568647808871,0.8695498190350571,0.039191443724797416,0.7036103475586212
0.4814396497127143,0.3354673042443192,0.016160308028487558,0.8521097534521065
0.8959889239882162,0.4053965982256285,-0.0234020023936246,0.5597482505033796
-0.5544562262240937,0.1787232722497551,0.265622422743367,0.7569574263243969
-0.3945283824010301,0.32729415113228816,0.3165015371207206,0.9654832339174733
-0.16621573141366455,0.35477319794981566,0.2076674829672984,0.6666800332681431
0.32073534490170463,0.24999382385797025,0.09969679961286096,0.6519234648392765
0.01686073850795667,0.6291088812003023,0.32875997189963735,0.8554316093375953
0.34678879875357127,0.19594856146154074,0.01637902117029662,0.5804152798369963
0.09418790869687967,0.6707619410247919,0.3479887084381374,0.5485556181174899
-0.47816412635740674,0.2882809025706372,-0.0196376312543089,0.5841368729335464
-0.319065851163145,0.04966319685657386,0.3426392208957856,0.7389966742523496
0.1421424092605554,0.1323906007484317,0.2522928023320202,0.9636005361971076
-0.32197958644383895,0.6033931273396126,0.3474678440360094,0.9786894419744078
0.4398941014827676,0.37373354638213335,-0.15971099938263802,0.5151585653983588
-0.6390322405960189,0.7129814587366279,0.2609014684384255,0.9959683233834083
0.7750501412454179,0.7144221719470694,0.16410765833449548,0.8187395726323629
0.006702493122719228,0.1077643592195502,0.17329417874982805,0.5698677341347144
-0.25415651177839044,0.524626622330183,0.38811591276852564,0.9136190832277082
0.31580763433179215,0.4739176200943338,0.28819743918254564,0.5741967563083438
-0.5636010924959418,0.5676219421925903,0.008456542582392555,0.6540100268843516
-0.3144575191920672,0.1475046449056842,-0.06848359960445707,0.6184283084730615
0.969079009263584,0.2611889713115863,-0.1879463847650891,0.8169401927994813
0.5792619418272951,0.04197452347914647,0.1500934521034694,0.6611720292804081
0.22288057091687102,0.21262008284571596,0.18638686199554233,0.8507522689971725
0.2295495504658853,0.7666184328564928,0.37771930936921994,0.530944781915512
-0.4661971939617273,0.32854494729191275,-0.058794584903780554,0.7397110885216933
-0.6203875401038307,0.2690138984997263,-0.17377556691445425,0.8524003327086345
-0.2087385943733101,0.8055393425416033,0.3117732040039515,0.5440035174453905
-0.4458255639434921,0.7129728641444324,0.33053338326633547,0.6178890384944915
0.7428693441815793,0.34507704344617546,0.18929017530202996,0.6405866278190382
0.4645034344030784,0.44590213113185245,0.3408290115375048,0.817943337069566
-0.2982263781326816,0.40912192345998066,0.009098282753699647,0.9772509760285906
0.6713352558258828,0.9212110273634153,0.13282386278035982,0.7537722050046517
0.7015579477808029,0.8468552023071076,0.025387420538338243,0.648817104974435
0.5561804501976915,0.775581281341874,-0.03923599483365043,0.7737668944463588
0.4546297292321056,0.8822268815638458,0.3665991914541467,0.6162627844877688
-0.4717222143285516,0.16452093775160917,0.2002855311152865,0.7821956234463664
-0.505108104703053,0.6803449856435345,-0.13972773595470975,0.8787193396245024
-0.595063642090601,0.7591645992883146,0.3766807808374388,0.6073556036458981
0.08129369759400631,0.10472626668564874,0.28349413272466173,0.6739316552390291
-0.21188041990443002,0.6715372424878482,0.13606001217044,0.7684146922037333
0.6669115230735781,0.910335478907214,0.18848983561215116,0.720167982121824
0.35913624361054836,0.2717782822959906,0.0006033425724364382,0.9947070478161122
-0.1647461505654057,0.5177856877187083,0.30162314752517755,0.5593547315186596
0.7028880319648688,0.8636061276180381,-0.0316268450293748,0.9778155607842326
-0.019688712127276752,0.625703567764061,0.27889498228395854,0.5779898635845173
-0.12497374849919798,0.19750550509180578,0.10547427978363848,0.6645184876159734
-0.20081982375884136,0.691046891249371,-0.1795459141104646,0.6160112929583607
-0.43853342571631615,0.9731259919004561,0.15059687010028538,0.5946199199479757
-0.46634022438002637,0.053421089507429326,-0.050380101275506683,0.7269512553427471
-0.36844303916694,0.4178092930452895,0.25135867840121423,0.8946620732424909
-0.3510062025895236,0.575634673162104,0.025102837043074443,0.5217166617431475
0.2836823073947404,0.998272320912659,0.33004325376292326,0.9930884306314737
0.42657315724972267,0.09551565556892737,-0.12264524510201787,0.8936334831816952
-0.15104150377268724,0.6119018142457014,-0.17366098316527553,0.8029340382989436
0.2165373192684267,0.43967199761641884,-0.21412960774712636,0.5673180669306161
0.6323975988902195,0.2710196420958585,0.33169246483825643,0.8722646475450568
-0.37282255628660943,0.33391174578863875,0.16723629137132498,0.5352909177363423
-0.15431012664140004,0.13766049727538573,0.28910038621211287,0.6767814387821148
0.6517152246754043,0.9484283950118031,0.07668217033297946,0.5830776421171218
0.6520827516503934,0.3150277508621111,-0.1780703040633653,0.6915075020717476
0.31675345854306286,0.5255454853784424,0.27017896786473333,0.5344733031936075
0.6538548155659218,0.5848244096128357,0.09345460818764575,0.9282221068884711
-0.3545143786240429,0.774260426457892,-0.007820253677219098,0.9268284530188572
-0.2955566116570121,0.5363370225521151,-0.2024526536174365,0.5543678925905491
0.2571030924383775,0.5010096283134843,-0.2107648090042895,0.6013416991921243
-0.6404896627416774,0.7731141772796382,-0.012685297415111709,0.6204859499868385
-0.26164898398096603,0.5986752903515592,0.01690096547446537,0.7815556993737894
0.2787883994448126,0.29357835273241284,0.31525283679916044,0.6465334176682322
0.6446618108760519,0.027140619219146633,0.1921626655536708,0.7875306799047446
0.31695150591138427,0.4935771026395517,-0.05819392790940546,0.9583233960891536
-0.5705118722420567,0.3454651195796987,0.18771928016446873,0.7044951045997745
0.1052491858727771,0.26923192638358867,0.12706179457013028,0.9547514043685752
0.8119928574492996,0.526022425106567,-0.046830193592238965,0.7168187764078514
-0.3228010819260768,0.2913076480662811,0.10008251390809017,0.8207260422457439
-0.02070672838101391,0.32483207721207913,0.3379074005214222,0.5789979231780569
0.7322810678469774,0.564584738963246,-0.02095652756044462,0.7593684672200044
0.8984742371938571,0.7401228880326238,-0.04658517256829256,0.6968556922232859
-0.45196109641546905,0.04218100401865305,-0.17035844775616044,0.922671658547661
0.2247190972441074,0.2983741751431558,0.3482443206203874,0.5302104927031063
-0.6110122656838464,0.7981051398693041,-0.17347192786494336,0.5896213430672554
-0.3745081180532124,0.3827555613063585,0.3518373045073963,0.5944654978307227
0.8560413818913707,0.3084262425214446,0.38890520540105955,0.910519511786259
0.6808103792174488,0.7124927674730243,-0.03790644229581334,0.8127419276086721
-0.15819220753475458,0.3455242325513272,0.3464184732438795,0.6100224683583688
0.43186627349455925,0.2012943485551457,-0.18595614952582834,0.7424283384458508
0.18249785744602703,0.7822309971123192,0.17509411920258425,0.9864579331569547
-0.006186977267565745,0.031139723241213835,0.34125584421832067,0.546823931509859
0.139484503783936,0.9057271388010757,0.394873140476854,0.6146208616632304
0.059359892634666386,0.7763962242853825,0.2236332061941185,0.8016573951723571
-0.3067172162299696,0.4118328922726488,0.340116000608754,0.7383396369749785
0.07859594152267932,0.5543617313476923,-0.07238188526708511,0.5688273109036069
-0.5669834780087356,0.4429931799512258,0.05470362928562206,0.5314965532647864
0.7538567038244756,0.10409987509622666,0.15328025210565535,0.8434874885729478
0.5323306277678679,0.7614840118495634,-0.13466263481145682,0.8942186207501638
-0.5280030190193872,0.28980919654640513,0.06689503765237145,0.9585641255537937
0.45625601712149216,0.6523772171649019,0.3460011761505211,0.851674709418385
0.4911406079691858,0.3488067876654028,-0.16665925484074676,0.9664459827562591
0.9192743993181262,0.3223340898002366,0.3627875563925355,0.5150743625029788
0.2647227170859158,0.20655378110754039,0.29764952819375523,0.7108459718364567
0.5976956437325213,0.05264590843250362,-0.16707934476314099,0.6006148749188966
-0.3757711716652064,0.5573401073205161,0.23446121253513139,0.5578580436301671
-0.5578290393718278,0.6652288070629248,-0.0037416571382477134,0.5265899190863612
0.4811262561449154,0.3921591426101027,-0.19173328766654313,0.9458586566906395
0.5403054827816397,0.051191688301868266,0.07379660380628042,0.993195093211322
0.08570591791522693,0.6717738735439696,0.29953640348720634,0.8568983392718419
-0.4408120697914715,0.9469443357460159,0.28796155217856195,0.6572831649223084
0.6344985777396127,0.42098221369967437,0.08300413385942473,0.5588056716939237
-0.37649835917090985,0.1523954193338872,0.24437749951984303,0.8374928869325169
-0.3860797093841801,0.32062494023859517,0.25979542917285253,0.7072428064239108
0.0247594242063651,0.28883339521551554,0.33889862934048487,0.6890516914184786
-0.13502719148927617,0.022618057005817677,0.2516520687106068,0.8125603924454308
0.2702674687500988,0.09905789751832142,-0.06670229893865162,0.8037984615781283
0.4848929011916345,0.9581253186951905,0.17318593893055606,0.967629783450333
-0.3154385342332487,0.5865796078243567,0.23428201315871797,0.9024607183663524
0.7539281758113678,0.5757259405068265,0.3341425876966891,0.966922393699106
-0.6125537639229579,0.8490979081768402,0.21631133141954234,0.9803123397475846
-0.3606712077484249,0.3384601756944911,0.2504889882452406,0.9619204343046878
-0.22743078301602784,0.8333121436427131,0.07671094692485447,0.6339516230442277
0.3112320436585621,0.6723544536887788,-0.08657359099337061,0.8664795096530412
-0.16529010289009002,0.5335553250314264,0.33345439852792397,0.807169465096504
-0.11206158874804796,0.9868347186349098,-0.07218486034806025,0.5955677627843393
0.8636480412249811,0.7421698363258763,-0.06267688454943009,0.6352915397212142
-0.03702453414307588,0.9922471834842171,-0.04580332124308721,0.7172882605766063
0.6501571189025159,0.582607121241884,0.23009420643939893,0.8378699848082422
-0.6406160127030558,0.6111185947449987,0.250322775434197,0.900022667456403
0.736975087675889,0.8330593413523516,0.3210816754775032,0.6343369071469726
0.46313592251312075,0.22704053988571332,-0.1886231191271733,0.6348801815708359
-0.3945866251595815,0.33988874818180365,0.2800759955630949,0.653399167334177
0.41402729032321983,0.23980252106366431,-0.00816738761393196,0.9848781625986065
0.11441848348182039,0.4534821485077245,-0.1994904439071084,0.8836839777299773
0.769873440984102,0.07455731913592772,0.2722446034429329,0.5206425789843256
0.7098458230400198,0.963160098894393,0.24970229379290057,0.9657120845415395
0.9847988117790254,0.5033814235390853,-0.08591756284570612,0.9513166318402333
-0.06401804123460829,0.8059955274631697,0.25293490976710603,0.863198212664014
0.5523370088253989,0.886238440069007,0.18180509695395713,0.8581037739055839
-0.6127006118040292,0.65948236123734,-0.033027383456752435,0.5620090648212275
0.058445397447989704,0.38608512908166415,0.28243417035665463,0.5190276470865892
0.4944377999949957,0.9459786124516937,0.2092319294001945,0.5976984641765913
0.5603056291541942,0.6163917354863332,-0.02538682962524073,0.7173846940375875
-0.15219637539041725,0.9321575194455638,-0.15087238802016728,0.8180277467612518
-0.35451086654345576,0.6135335531397548,-0.1540526527592553,0.7192647766269349
0.7758675155349298,0.6923493700679515,-0.20927104858556372,0.9257887881143434
0.5450644095134353,0.05560962087720616,0.2815204290767624,0.7044396282449091
-0.397818849585794,0.7384813741673982,-0.07313916419782773,0.9103585185843031
0.5092207871441615,0.7983895458263306,0.12419185248363719,0.9635210205551685
0.1125220481197751,0.23345036096428334,-0.1581186476352946,0.5054861620658806
-0.574128463811532,0.9592038333628324,-0.00785241481842985,0.8201684048340747
0.7127873837195018,0.07185354592052201,-0.1944994657174707,0.5226597428384475
0.760443274969565,0.2294082103364704,0.2893215621934019,0.9856334332727423
0.17673242212271645,0.7317307551328984,-0.19810744551855752,0.7511610728498
-0.3330180832241907,0.8903698433901721,-0.028950101359146777,0.6282105626299803
0.8343645844219256,0.043077620622093804,0.33541012466487174,0.5252034170450163
0.554456260837399,0.7088470289572008,0.24445180260419808,0.6218345820376596
0.6469053766819374,0.809932036686348,0.23026436130182823,0.9223960439422676
0.13485131845051448,0.7522228237690695,-0.04097537361113658,0.857292248021157
0.9844439515452491,0.4181108415971924,-0.08351780034587745,0.7311714683935816
0.6687237828251955,0.5348274992441595,0.11084711586192207,0.5991732237614309
0.2867189539207236,0.2881751081442351,0.12191430956950029,0.5747646395794913
0.07666117542474592,0.8609374630312142,0.094352584405591,0.6372147174505942
0.746617654392116,0.17155442970793947,0.14687631419250757,0.914596284116814
0.24972573997881894,0.16247905068459886,0.05780617773073027,0.6440999628278705
0.8625786325897014,0.24363036734447016,0.06792136170070141,0.7057030868671408
0.7212702447206901,0.4334512922573342,0.076382669822978,0.8341567381060846
0.3674697742697882,0.7705619163345191,0.2173772280681272,0.6849692830596857
-0.5073318553219851,0.08986951423059455,0.15792118197591756,0.9043252506985048
0.02493999667280652,0.5668014000774256,0.03598388196006844,0.9957352578982424
0.5673048269694608,0.2580028794797143,0.26607025110657234,0.7539786946572862
0.2805988688450684,0.7994873115166454,-0.11202605824199129,0.9643699418207444
-0.632546282076986,0.6214569670825835,-0.1438215026058814,0.5616867618940407
0.9597025885710002,0.849575206198733,0.21835307453180536,0.5530677839397273
-0.0438855076681509,0.9128783868476446,0.2683729899682393,0.9206866470058582
