lamda,omega,v0
0.650153609708787,0.48644821106713787,0.23643718217421514
0.9481091664687215,0.6534977623333461,0.2867549271835505
0.3880288941956777,0.03296825878289503,0.49725180736089736
0.6412961624902576,0.4540172944348915,0.9474915781029494
0.6905120581547012,0.4604290976829777,0.10418867829496424
0.12660931835221853,0.0886941149396376,0.751672235438119
0.23946678518285885,0.37686152732488115,0.23531346056197214
0.2541570762937315,0.17485131865365316,0.3719007013772575
0.4264416529279994,0.3419620056424514,0.8594736586079511
0.8390025490344251,0.4602403724553038,0.14038311751165808
0.745033649966086,0.059525380586054936,0.1746175389867785
0.3806792881872067,0.4773794778016587,0.8697651912423738
0.26169293176291536,0.7289744199892514,0.8451047344574869
0.05333380337182879,0.5082553010671181,0.5485318200146492
0.43689638728551883,0.220128668803012,0.3165905328584377
0.2089791248108425,0.4548598787869493,0.06250489225311481
0.594411022761657,0.7878710084199119,0.9339446372611948
0.09890353875041377,0.4075302256207692,0.060583128549751425
0.22409353977285773,0.24616091712362567,0.22255030570418705
0.5842624092142689,0.2670351388704681,0.44367942322091036
0.9590810706214118,0.7711023257315484,0.8145719763505201
0.20988383303892408,0.799593454665531,0.18007899045060358
0.6613374643443956,0.4226074183141668,0.27868157530500687
0.5026129588644481,0.921108256082634,0.5585613236328147
0.3202914402767505,0.4878395251250535,0.6657942493319804
0.125064858753021,0.289842044497568,0.5299111759052288
0.8068889299772272,0.43546542275470274,0.8023319164827839
0.9869600196880197,0.8316709475287112,0.36845350797734105
0.5430414190057646,0.3313416862007538,0.08601719748451808
0.23132315307800475,0.15325412426557225,0.9209260135853575
0.6035125429546101,0.9480704850451419,0.9529932079191902
0.1766959934546874,0.028596797901414197,0.1864751765347372
0.8865374731197907,0.5203915032143244,0.9838364546271894
0.589022289129931,0.2635765196759565,0.7934929522252925
0.721172648217813,0.6671918218082192,0.851020560027198
0.2756702972964464,0.8909290375116908,0.34268842419857176
0.7881146936814026,0.271534218621266,0.7279011688408928
0.13262231152457002,0.30295422649901715,0.5051524698225661
0.39971595451924524,0.24009211282189627,0.08177936788676389
0.629824094400954,0.4330100841959057,0.32532873666497264
0.4240434525313256,0.808568614051058,0.10228701177864262
0.16187285442459423,0.21717427186819718,0.7970886191157047
0.520344180832369,0.06281699910032584,0.6623470857132259
0.6070413025015767,0.11272021052495068,0.8652234967696198
0.5808057065608678,0.9136064049287709,0.7559589396936018
0.8211159705198648,0.5567286066025474,0.1933937514607126
0.9849918840533356,0.4390235660763345,0.0987467259203428
0.9344949211693665,0.6699054228020869,0.2908181541000939
0.9030548659487272,0.836912123499383,0.19547899474249877
0.338026210911849,0.7763281616099459,0.07353254664874723
0.783244288319473,0.6854319272150747,0.7067360702114075
0.7437347475787073,0.9623118670128192,0.9603817559755822
0.5805854673279344,0.23158935448182708,0.1982453035709175
0.43266356614600104,0.5985838349689944,0.7680519084224149
0.6679279544241827,0.6818394968364705,0.9142060752621531
0.23668741947858193,0.6800837356768755,0.9268232193183852
0.45173664088407034,0.5045252028927053,0.7055788959867599
0.9199974144818686,0.17522256591701907,0.37359307751459314
0.9668730095396179,0.30685484560667337,0.667111001954681
0.7690505755030461,0.4952678299405549,0.8134039905468757
0.3267117795656304,0.640725841999917,0.6384773577978031
0.6228398490427857,0.10594301913388972,0.5109696847076041
0.19160224907334267,0.7482063556951226,0.4197838626507968
0.24832171508441864,0.8384540483705605,0.29102003006037996
0.11683869954625405,0.5365008456359108,0.6662124684308143
0.010325502079986752,0.7923796730255712,0.995552918378674
0.8486943884745216,0.16155216405528489,0.3908800482503441
0.5306662209595809,0.5621596303738204,0.32118732467971645
0.4938349480462936,0.13665265073833008,0.5142078510536634
0.6523076402591547,0.938694976646301,0.3347005791821884
0.2266761908687511,0.6075151237691713,0.48470537988605655
0.617162466036522,0.7958696587908111,0.9988506786663808
0.20055211402125223,0.879489752219216,0.6193139276135969
0.4909319914487051,0.026117873164060484,0.30248104580949814
0.9485299064579387,0.3665936360574831,0.19425380993510818
0.9819702737805411,0.4547079447119074,0.44703449753710356
0.17315162559395206,0.9138361302445642,0.7427845708701093
0.7425197233444365,0.4343210996397328,0.5339751011151327
0.3864680418272022,0.22811730997084173,0.9028853761992395
0.6511071218937365,0.14892902797858032,0.32858090738786444
0.743463601522559,0.6246865251396773,0.9382863404206095
0.2477703958870347,0.16278702122977046,0.15877855956024983
0.49229597614443354,0.04334146874157981,0.9022058392024339
0.4247498367270408,0.621511921326116,0.6177166151201148
0.2900693651465463,0.5668058780703984,0.6808529443565429
0.9866888775253566,0.13999409053193365,0.25163324706277
0.3394501720383688,0.1961386279004793,0.5074210719271998
0.19970361996426575,0.27553905457070677,0.3790116429877973
0.8286975657037849,0.2108375868453146,0.3157215120142145
0.36263204098317875,0.6495037551452978,0.128402175902488
0.7100250787220764,0.4762838735953465,0.5381097850263901
0.4030319083862844,0.12868919245022192,0.9247328070046767
0.3885442551802425,0.04184818046406503,0.9184083670989661
0.5026341343198989,0.46812162354206655,0.17844734913127655
0.7965493098560517,0.22187375045704863,0.3815231032597878
0.011059513906053493,0.6512247373766672,0.6027780466519396
0.044021094230366035,0.5751517652294363,0.8097392684119049
0.8971166290797249,0.8210348119961405,0.05923477038709773
0.7531875266392809,0.1428393652869491,0.22814368780149782
0.8623584981713156,0.6170576607191219,0.8746074064940593
0.9902031425903632,0.02914929693349064,0.28818914644996024
0.5803323286080048,0.0924302547804955,0.564086004449327
0.9538885105454769,0.16601935008217114,0.5963921824937527
0.4208422252610198,0.686259966016735,0.8177922276938093
0.16809791019596007,0.8849994345771584,0.30545269191592517
0.031910249533677264,0.31388889956349286,0.6096429749712665
0.5830654978115036,0.03026272212180372,0.5984351672323657
0.7374400434267114,0.12644030145735594,0.2552471563169022
0.7714901666360423,0.5145428977004349,0.6928076898606835
0.31520964414008246,0.8513547623395856,0.8928930722789331
0.8938782153803999,0.03681922460243244,0.08393896409142776
0.2933961783147893,0.58998305988818,0.6907923566206347
0.2741153319945692,0.8003252810979989,0.2721358138699497
0.737435500859096,0.25083020370566267,0.8148621132058428
0.9777453660571682,0.17039111735672696,0.6360273864569558
0.003473497509509202,0.4953750301468421,0.463169349198415
0.9463218393023595,0.7803037456053432,0.26103328070796444
0.6585025294311155,0.4202005219471554,0.437568878641312
0.350252320879004,0.307193949208959,0.438067199237066
0.35876875045937145,0.45236364525433803,0.3382913473796148
0.5463525578839489,0.11843232591494905,0.038492014106534446
0.9235894276978255,0.35303474643623994,0.5220143410182826
0.6779304634244582,0.7420357220159015,0.5434421567799961
0.32170558278226496,0.38116759607548273,0.02194598168084406
0.3296749192942576,0.46556402207028924,0.8108228564584437
0.17753626388438587,0.3554821130618548,0.5719700600073213
0.6473319151146756,0.9192387547124642,0.3472422584165802
0.762943266524166,0.22607581668410506,0.4684907916940097
0.2716402022005145,0.9160446650607365,0.9256948431956722
0.554675577029499,0.9360685051311037,0.310738779567129
0.38353688937676284,0.32419387969791363,0.24303723727333806
0.33864218042536026,0.5120470045599694,0.029245714178163178
0.8542378623696525,0.28962913355336883,0.5679435467905356
0.566913138688337,0.07398190383200368,0.6831719350400416
0.9714743430308559,0.3954669048216869,0.2285256740379547
0.7546168827898998,0.8098208032058213,0.3921795646039074
0.833492889553749,0.4206917434442248,0.1623331516150743
0.823845963091675,0.7646196203303528,0.9245468117551664
0.730529978554733,0.40640004442168615,0.712225971182183
0.6471574540560396,0.6740069764876662,0.5608055217017462
0.23409763680983464,0.9708754365466256,0.5748142099235427
0.8710876783238439,0.7233546550920236,0.5526293420237944
0.028106643993352734,0.5544927523322392,0.7469526155825608
0.7262985806221279,0.23772306374209193,0.48892127385593154
0.38823820965854305,0.7186797490963118,0.4800793575222379
0.08901338914462414,0.23257295014140333,0.9684199022450822
0.5654091883297607,0.8455363547639878,0.16290845750538557
0.37945789489921705,0.72197936006536,0.8359240167294618
0.14546960085667046,0.5400790363161572,0.064836413362883
0.2947278156741369,0.7379222835552778,0.834660876123866
0.11008090753479488,0.27459647295025735,0.7766883669808209
0.6593502198721577,0.34447380385729093,0.7200822698306097
0.7248845217189732,0.3114429832495423,0.8112031303638425
0.4507565155196198,0.2477050573862243,0.3838535156899733
0.14136588240187348,0.03644841536226392,0.2020507641621566
0.08968668115961594,0.3441053210610339,0.448711077566677
0.4801151930591151,0.5183064997155545,0.0338545760712199
0.6064177496401203,0.846097012329685,0.11158810393725983
0.6611395123140474,0.07086592585955559,0.8700042596235427
0.31736175201353795,0.6225108528386607,0.8553007130118918
0.775514544107314,0.6398436750213022,0.35891158405923956
0.10449536101380133,0.8174008082045126,0.8685648817952273
0.7270115872037045,0.03479059818051201,0.6504207708568811
0.4243828465505105,0.4529598883854691,0.9608372243867997
0.6207838183151452,0.3838871519784916,0.4166320187885772
0.8642808321404161,0.7905892928843931,0.9087335822991383
0.9612347856033453,0.8755175268963797,0.9315473421500808
0.19389492910721895,0.7780893814540242,0.13023031816700334
0.5117135992895476,0.33979039134677935,0.9471916918796912
0.9619428007051049,0.7642638005021369,0.07028547651815152
0.2027982819575585,0.8884207373161866,0.3881452010971482
0.5559434990874679,0.9457561985093201,0.09923366135627625
0.8608132718776724,0.5331512618281739,0.11625815720265585
0.4145619477901627,0.5013040006021182,0.9692924980832979
0.5670491384325075,0.45946133192584826,0.08608585169283345
0.10454867888972774,0.756915637024227,0.6216366702508086
0.15354828948671118,0.059420877289375625,0.09606595661867001
0.5922308561863313,0.22895082661984836,0.5917843390020493
0.176605224738324,0.5707563478325002,0.4195435058363354
0.09352085136831459,0.6704780377974864,0.1308921495537277
0.3237042474183174,0.5421802813842046,0.2790966078484905
0.6867197515024286,0.41360630850379093,0.11463703732758053
0.622213624149825,0.6685536062666863,0.2746576574985012
0.7621514788346556,0.05696244203511615,0.5772321126752983
0.8862433432111397,0.6747568061950775,0.6505222867362422
0.035209177520347225,0.36310170351083065,0.3985419763022994
0.5095424450613885,0.6890683797164954,0.947825665882984
0.21512461341316289,0.3856254031785364,0.017864954962206983
0.9752592085443844,0.319489557881686,0.8667359263274412
0.7695983662159935,0.6371791437463443,0.24576103461536702
0.5514688180391114,0.8015593413276256,0.388653686827442
0.09463983146349679,0.6069821300763169,0.6491307198109805
0.1705340961135904,0.9555887637801145,0.09102320742154585
0.7290486261322545,0.46672531663810296,0.5843151141810173
0.007827274607657739,0.6880678567241106,0.7605332300811527
0.21845461069500918,0.27531476223612195,0.6425816217623446
0.07856591120603137,0.7545890898705634,0.702181618377154
0.09154063931158804,0.605161634494783,0.11340541673885587
0.5723525822946962,0.6328342534718695,0.1422260375355284
0.5550095551233324,0.7538481719352437,0.32493984339506915
0.8185812431248598,0.791503226113802,0.527570263386975
0.4724585093479324,0.82220698828081,0.4402621957548996
0.08478067872723945,0.2648871515057369,0.8479723835482154
0.362003204981657,0.7927066576268659,0.8149537807683376
0.03685709610856006,0.7268159853468759,0.45346826574813515
0.8464605818140305,0.8525238908663232,0.5572385875762172
0.09152248363939235,0.7891918988348077,0.4937512811255504
0.9730351445310962,0.2925306955926797,0.022791112290242627
0.6515146000124991,0.18913544225803494,0.18527035308538278
0.6105836267003022,0.7400285369763747,0.3665228953967465
0.8519893387681676,0.550465016700561,0.48494919893579946
0.5052881342068969,0.9866864063614228,0.4387113518972476
0.5465416229919476,0.36379628756825316,0.43734400496540415
0.8546430631818835,0.19717949530010934,0.8995052469750178
0.3490090606665292,0.2830115230492765,0.7462829015949779
0.8510097929313903,0.21213401043940908,0.9702132902129832
0.9842330736267987,0.6903557138508227,0.10665041293763917
0.8612783885390993,0.3353776491190613,0.9208940155132852
0.31088599182129956,0.5964212754399817,0.7973218315979002
0.8356976594618509,0.3202046611977596,0.8797168366631678
0.4338510290454377,0.8689747960215974,0.1477364687184407
0.9065300242807992,0.2975648469854609,0.5810634759265433
0.03897127580954679,0.15638703764095654,0.9597516523332924
0.16899274919117868,0.7528822346227484,0.3179867027333586
0.7022095887586616,0.2744178599826537,0.9396492922498777
0.49122788993429745,0.8057509150504576,0.633238783403607
0.9696203874704897,0.36413981147843644,0.537918832520801
0.7264376585275012,0.46301736251267583,0.20576324541992663
0.2818206231759781,0.2559085634881108,0.49536068927658494
0.040569409341220775,0.44121784630346567,0.8089275429419028
0.15721879687278498,0.5881710821453513,0.5890495630103523
0.6171501170568451,0.8185280666109382,0.3064786692327433
0.32763357936498444,0.267338891310316,0.8793495988582648
0.5290771577596752,0.33420903540565555,0.30050459569372295
0.9417385263918425,0.12728513330961058,0.2657276267759817
0.4862610274332939,0.8923153023874627,0.3701164044662673
0.7363599478598992,0.26106628091073186,0.19423515136695566
0.7888162353252798,0.48081542886102946,0.4565892908726487
0.19602356846417598,0.04098574550358354,0.8475917491636299
0.6756846845220861,0.3634711700580669,0.35214489369978935
0.7993763417481926,0.31324342074316436,0.5586933189060231
0.5156218542854334,0.1080210189108089,0.5320656705152257
0.49409384332048745,0.9471919008228953,0.41384099572618643
0.47822386617705176,0.08312881866425759,0.09139258712305212
0.39243231771755144,0.9542650749981737,0.4499862488519321
0.3768245625313703,0.38584766631844336,0.948361573012705
0.29498346282495685,0.6421162532561985,0.19642280694951783
0.7995667331037805,0.010246051591556228,0.9609105982968769
0.4487431725272069,0.8953885635439608,0.6636183381395159
0.49637734035078857,0.9360322090242642,0.5699600204797919
0.43030341301642766,0.6485956532862707,0.3351472669553178
0.24707865975594517,0.9532007019333292,0.7280867531030091
0.6193676609599805,0.4527393871914948,0.5593486780755869
0.29019677956301193,0.5389322697192142,0.21713811353983573
0.049504455627669385,0.4088980661145545,0.3935553535353764
0.018838622465142382,0.5105153639367463,0.22560898330361656
0.15384990655943356,0.7534863397424431,0.5162345706554183
0.13542418481775878,0.8964908340601514,0.942318730017514
0.04774382487404618,0.5195701378456115,0.28751897701226914
0.23459854944880285,0.1522600752351801,0.8032126587557976
0.6655475943912592,0.4020007111352097,0.19442097492949748
0.24336060254607186,0.8864818050234149,0.368283748173813
0.9031481360683771,0.6882737351640487,0.06967644283345377
0.4137834667538737,0.44168818920918745,0.34371076800564804
0.262265643269742,0.9077205229417212,0.9430027634064292
0.4118697989956999,0.09519808893211695,0.028641309091737538
0.1711855862578849,0.8968256295207379,0.46374852186512733
0.9168633090672719,0.3515176470736724,0.09104086438120745
0.7215479170611299,0.26587962481425886,0.6498366714464306
0.02288547324649816,0.20586788739151676,0.4925395959308852
0.14487746728915976,0.12475573224468182,0.5027954380986923
0.6867523102151145,0.37392528758035903,0.2442551225985585
0.6630529901114196,0.6690427926356861,0.21719260336903282
0.21924923663874024,0.7076894657897833,0.09419856249421409
0.7418909282951787,0.8969835509922056,0.15460833392478243
0.9083527902590354,0.1300612986798668,0.10240222882460423
0.9028954272912761,0.2974635106326479,0.43166314465835864
0.5804575217302478,0.41970686024858755,0.8041914010366183
0.281703887080531,0.4489431745235382,0.9069881374810483
0.7507511048138498,0.5424175809551489,0.26412777475925253
0.728817519492807,0.45351869350132956,0.4601169711411119
0.8950006315742544,0.5396055050052322,0.3104896993961877
0.7222454841061715,0.6462354314454269,0.9186239961364336
0.7685346306273102,0.004724674878378534,0.5043326955451262
0.06440025778753909,0.38572597103273404,0.5542816916359445
0.5167595940528835,0.7872514287400377,0.5548778161998463
0.8311000106948445,0.6193788923260093,0.29140214725149827
0.9061128958505709,0.821531694314676,0.7944731451285929
0.4051229373961907,0.7269527789471801,0.829894729481433
0.556185542935281,0.2908358355489134,0.41278536238851976
0.8962183149340323,0.5073401068624931,0.20785598992733323
0.5721345320167057,0.15812636506623712,0.41052890675894854
0.05936392602941501,0.7141345846170204,0.568538261848049
0.02937165819465379,0.8849796522495472,0.11640272944971672
0.6478712235301651,0.7702262349033018,0.7946836235111926
0.17380209689928902,0.18639500596202793,0.9803039372069428
0.7306106710402387,0.2907367774520168,0.07222860808725616
0.0003828160643435382,0.4997082131259291,0.8600214939428322
0.6841357087514596,0.989358328900588,0.6593682967749984
0.4230962155550673,0.22446881859602702,0.9580040261601449
0.9423615206242179,0.9911735912368524,0.3625679219581059
0.5224132552420142,0.8213131745744262,0.3447070601315683
0.6435689501734958,0.11473812474332878,0.7046902229814198
0.17649971223840372,0.020581505456463877,0.47880906652671307
0.26153448312748756,0.02231328924661395,0.1972057597356013
0.642802600404467,0.27294997845541175,0.7817239212610468
0.5412681869784534,0.7508963138510666,0.8249015210264828
0.40599998696515815,0.19597965999146963,0.7003008507344785
0.7285386685530147,0.8892374590833806,0.45149166767175997
0.21374667954332763,0.02602652107831485,0.80676658251378
0.36176015471444994,0.86150779846759,0.10777627154922999
0.2607333235620568,0.5392757552930818,0.35538827734447376
0.08255641129727849,0.20463238754438945,0.9229889853144285
0.02178864958694504,0.2091490332563762,0.43445297563769264
0.3143708348997391,0.13422078774164645,0.3182806026600628
0.5834783295507044,0.3718217289943162,0.7615598365831312
0.8008683276501406,0.35126078304712305,0.8174009081529949
0.8530443839539276,0.0575133798756478,0.29656856569132867
0.5829950980904973,0.3093902840721711,0.027287797555675942
0.7071712710519021,0.48060705992082686,0.1938105560692065
0.4146162507209002,0.503305928778556,0.7395753464118741
0.8458640161231357,0.6298793921281092,0.47688068698519226
0.4892896973294211,0.16163517152624413,0.06755733781819975
0.389730125612527,0.4837727830664992,0.719005542206396
0.9355720600273012,0.3577661753408969,0.16082922488279244
0.005218006213376725,0.9507273493918571,0.2559910812374715
0.09130883349592511,0.029071083510791546,0.9975042640599427
0.06741381402174054,0.6758124514971428,0.4676233883499362
0.629161984725826,0.8224121511720844,0.21154660093921307
0.24556538070223194,0.9114468988825357,0.6046931406830205
0.8142843058325689,0.7735953587308204,0.90157687818797
0.500075551677657,0.44151952689995244,0.03387397721575493
0.5424723344889549,0.12908205346941906,0.9140065327509228
0.05401956213315163,0.5939829009703058,0.7791460751867979
0.669871321776437,0.3791345087354665,0.7047460967735679
0.06880940267078493,0.7569452044639863,0.8742343823767138
0.37881837645322236,0.760784728073747,0.5994429011275172
0.7362379370048956,0.6318171199848208,0.9900974062679467
0.35683897459816305,0.14870384990132887,0.004332427295957055
0.682236070654397,0.8943763640848919,0.5182308063097357
0.6216144744453728,0.2663549733600158,0.14941694795336127
0.5853889234372384,0.48313104463194695,0.10365507404473807
0.07600472489087233,0.7334775226356817,0.18230365790157474
0.17112291683649508,0.19004300606057967,0.44743787658210066
0.8652598180435385,0.33631580169277586,0.24812256149452047
0.23078819955354074,0.42903262725747426,0.7272531951028046
0.5072630908389627,0.11774611143399791,0.12296045359061375
0.11829092246671631,0.7480702404737403,0.4569865167576176
0.24260544510722534,0.35106311509191707,0.7081779650391765
0.7480478234688499,0.5750237008104343,0.4989322512077705
0.9422005051771049,0.9103194520379675,0.4422609557376996
0.23170984290032,0.575154166672443,0.3073636961129217
0.9223365900685025,0.6390493242669557,0.5723968281426898
0.341704241908334,0.7413683986634758,0.7354693385415548
0.4074704713952249,0.6570785110895879,0.05084341154337953
0.26972579559116566,0.893573905343791,0.49842632725864927
0.7517942070440257,0.5044712102044132,0.42185629732597413
0.10894261543337502,0.3252710720525157,0.254093055724663
0.09655616949732555,0.00231419296477051,0.382421607565026
0.9348710809382754,0.2700478299703974,0.4836466539073556
0.0003513656633976454,0.3218155733208926,0.2656726719774305
0.3419459672359945,0.4931549115748747,0.23848650275798539
0.3347271400472881,0.18695158516713326,0.21959138010125756
0.8831305334587551,0.29353179759478154,0.5601207542284701
0.44663619608063293,0.3711635044879251,0.03763521039482534
0.7633459615168526,0.7979763977800629,0.7914563074056862
0.9623654512527923,0.7825774011198326,0.6798337042553654
0.5213795936050797,0.28376608778959994,0.6403582744417411
0.8853146329146226,0.34497683185786565,0.9800537358733167
0.3647653194724715,0.09840856756246001,0.2050363526069833
0.7376648715465475,0.1328312941005088,0.47546173754955445
0.5928612688046576,0.1405375338979171,0.7191791915025869
0.8316643919887322,0.32361578283415104,0.13538451499506046
0.6882845641691171,0.33161972692913494,0.28865710457581045
0.011646200921934066,0.1949062978410457,0.5843508652331166
0.9696447431661664,0.22731268355765155,0.4161022662477816
0.2410742279508698,0.5480919945618865,0.17827227553873423
0.9978636867859656,0.7045751179069489,0.1420935619021586
0.6589717103016143,0.5873467427898341,0.4143641922853321
0.7714591165666278,0.2558524022530722,0.47827567774337126
0.7544099300067391,0.04823338365243537,0.6712641657529586
0.22788856375386557,0.20302023054876472,0.9617969592230455
0.05001839234845707,0.6008241178719198,0.007332869190623527
0.48474322564494277,0.11929267898349236,0.4726170240535689
0.8573826144679849,0.7947916451184726,0.17800142451836798
0.7215963703397814,0.1125659529172633,0.7213915986411704
0.278692516515237,0.9476966495794923,0.7033945246780343
0.1358913684033837,0.6751239844698322,0.2595927113782036
0.5657914123900933,0.6215649570284923,0.2576441700482536
0.395851007478064,0.24162997200492406,0.4142101251855546
0.13393313371637308,0.36220287328583706,0.6305143794246301
0.6192052757222671,0.4255902154194494,0.7263396881220492
0.8985003206856681,0.8459933652066295,0.31868468878288664
0.8219209425434895,0.8121199139643345,0.7012892499603236
0.3852147207145783,0.556548288254065,0.28845166108499204
0.8951754823782763,0.3072677161914217,0.44178293766391796
0.119758820913216,0.31326422671220455,0.9147325054483176
0.9352191081729764,0.973971248601085,0.24258175739400395
0.9661260419679036,0.3843526170025419,0.8860226490784984
0.421266515660077,0.3037293667445217,0.9634105062543395
0.3372339546270641,0.4139064540262946,0.36042983673373924
0.8860933587496997,0.5273473494976147,0.7540472841262639
0.13304388018505184,0.7333281432485725,0.47893363330973737
0.9622381366988704,0.19949165789094447,0.36415644392580654
0.4313980147101019,0.05119087687618509,0.6287921971389281
0.5498076963574119,0.12172534188165153,0.13235196490534726
0.3685838221098313,0.49118331551606104,0.3773610124595751
0.31431953567597065,0.201607484331846,0.7286234508721922
0.24174969776517563,0.35129258758698445,0.6333615532542217
0.37114575619100526,0.37372064469762883,0.21868419810085943
0.03359303092412662,0.5657342229402555,0.18136781947365624
0.5703335141582262,0.9330342880962649,0.32351671693711603
0.9804567784567203,0.35553657788479925,0.24109656236566038
0.7595116139744875,0.4379050614243526,0.6235371800534031
0.9237256495217387,0.59106798155272,0.35194211705947864
0.8921910654281613,0.46791730233845247,0.8148785482043552
0.3381674713285729,0.7480474958902252,0.9321547047599869
0.16843037302540767,0.10817100378824024,0.5926031116896573
0.601954440413048,0.989001785484368,0.054343002025476914
0.23217271106199716,0.7333950332032025,0.5359918997896929
0.49628085834947894,0.1685561279552006,0.16310772782439711
0.7693946444490429,0.13096402487395456,0.23868752836905144
0.5659509851353003,0.8459909798956714,0.9510777606905142
0.49814451593132264,0.24483355319806985,0.8181901850891752
0.8700939392623964,0.5633943128839015,0.7234381650120243
0.889328713894755,0.5202263864279751,0.3625889245465878
0.04149829668204606,0.44825661655258775,0.5354464907098664
0.02499026440803337,0.12889451591562437,0.6332162563197643
0.9513141506963765,0.5340392132579146,0.8660984006683417
0.0074355037364739725,0.4468051300516172,0.695212955428373
0.941818387232825,0.8334661788067566,0.41677530965804205
0.22437886998496281,0.7119988726857027,0.5617263743279844
0.5552536860061618,0.9569867492515265,0.36284741165489326
0.5582161187059906,0.6392761857785152,0.49737709108710015
0.18975922411800605,0.22006740004867129,0.9626904450422314
0.6518414024508988,0.12995611785875416,0.09761238290629594
0.41660945417896855,0.23079353682444803,0.6923103176727823
0.8692543593760859,0.7750937997970936,0.9084858936008597
0.5406664261790567,0.7230296526589168,0.14949310987503586
0.8528031233559685,0.8243768753468418,0.6830968851275917
0.5418355962077608,0.4346183529461433,0.5488500492379089
0.8431530875526243,0.8594763897625955,0.6509215708250619
0.7578567749322923,0.7394571582220733,0.9105347671581238
0.91865151050193,0.8968438569489209,0.29405757989212256
0.1572976771851994,0.06507095966096269,0.5619033425886018
0.20058052371082896,0.23785703531479296,0.8483526745793074
0.5030223071369049,0.3553273194832002,0.36803642993524416
0.7746097949265276,0.5362231791433595,0.8663928149113531
0.9899938144006978,0.8082429033921047,0.8291722092531244
0.8545397590293673,0.21649733023630285,0.8432122816526628
0.8528653325522525,0.7267869808472012,0.6149627418819171
0.23340654238448563,0.21465849422976713,0.39922750823873887
0.8678543856105007,0.5820355461453238,0.05071535665635215
0.08678804987634152,0.2689976424653303,0.8649459969059873
0.8638485996839103,0.1885699791639745,0.25852857773361676
0.9014443500794819,0.15555685919284484,0.6507519905344195
0.2797704551139094,0.8277356068661622,0.5162568836587261
0.21355580608699487,0.9251148691567577,0.5383312033819649
0.9267686087090903,0.2671861149750201,0.2806682540974678
0.050444668198689945,0.9278686217832444,0.8853086046880732
0.8826523484926688,0.05941882045803509,0.7963822788545785
0.16813149484772574,0.8001614139269021,0.6081060222940881
0.16142614198357497,0.39923276364947796,0.3337850584350728
0.7034798946367116,0.08960043452330126,0.8728511156093234
0.7443534423167206,0.17533760344571972,0.4230837028289747
0.12219128588304255,0.7272861183787703,0.003303034335094649
0.7810021601726784,0.7169450031654596,0.0033000195345474414
0.5029536804510316,0.3058411255612503,0.36346823509223436
0.052818782726596375,0.5265489462824813,0.9261218447695967
0.5243883904603215,0.08576868616484039,0.04187066982448241
0.6173541419305455,0.31785746966114314,0.716351003386203
0.5058575975421865,0.21182075093573163,0.07149639217916728
0.9545661454741381,0.796928418985358,0.06589867937009554
0.9801837549494611,0.5730733148421377,0.562560698410331
0.5216882918093942,0.3518583362480613,0.26430037139947177
0.968339329986591,0.6111031105116698,0.6797016566783128
0.7871383007326386,0.7972869658380021,0.3626010814613297
0.39852460714902543,0.24264562251115412,0.694389010485514
0.759613880397369,0.6596087821311247,0.46743631858445034
0.12951393641930342,0.3705563157808637,0.41262710174366696
0.6681857674874486,0.3310529645232595,0.27179505628731804
0.08642854902520697,0.05777778124922659,0.9099340986218063
0.18385676272845647,0.21409522935793313,0.07635316688232728
0.2320846002190388,0.6986501951508676,0.30586294431428385
0.261665423155869,0.18224513932912773,0.7466741017930447
0.8692431144295654,0.10010724114577535,0.10714898659660248
0.017812243477708444,0.589622459674437,0.7306086001660564
0.03107672941748459,0.11323660334115272,0.5199162149125666
0.644205516952857,0.5148229469583575,0.29722527802231247
0.09918113877515566,0.31026235977433914,0.3536721773266074
0.14969623990816494,0.48241143630031186,0.6358070506933277
0.8128181191848013,0.036833126367284974,0.06949992687080322
0.459535447557323,0.549047638038166,0.4273610501369812
0.483634658945432,0.8926832372410308,0.08587763885811472
0.9085097445332708,0.10459085092588108,0.9754506489116834
0.5070198561790838,0.16211228151115126,0.15352541581119608
0.8820848586024941,0.08136567485418626,0.7102697916638057
0.22815033843052573,0.8696665133215815,0.3613886034362659
0.5145386572257886,0.5245736622952708,0.31822104784886424
0.8339495712584192,0.799547688189407,0.9754043876393208
0.41582030966902667,0.262046469936606,0.5397600180443128
0.13330091563683416,0.6482283368628048,0.2593456334629347
0.8476717031685576,0.7373767523368951,0.25723453292247433
0.8212627217324292,0.36824404924444704,0.17639797244802377
0.1437613750189718,0.029349252770220404,0.19486946032407598
0.5031340042542721,0.21388989034100087,0.6050871067098115
0.9914774815952427,0.9976220135888737,0.8150342139237984
0.812486220921281,0.9294242488367008,0.0024603627951855613
0.6774057939618525,0.9900391675193974,0.3534458914166758
0.08556207348865932,0.19594174911971474,0.22807573198439754
0.15104922236427445,0.9543520530406499,0.41989365111849436
0.1915541077789646,0.30960263154441675,0.7641449157991203
0.7943398588988198,0.8634133763426465,0.3955960221429744
0.341353730271167,0.12845850496339056,0.10886360129391087
0.14298373092113786,0.5477244614869238,0.825051985530703
0.830659784331494,0.3511264310835051,0.47362986480643166
0.18121032178917143,0.7255410191713795,0.7885832625339555
0.5769470962775897,0.4003864116094395,0.5138215023762647
0.10478469306854984,0.13412630212087387,0.8060541059596391
0.44468919151360947,0.6445931110960333,0.24765093672101524
0.8749837741656411,0.0873036885523317,0.33259143091024274
0.6784345672337475,0.8051874157937937,0.6135951459229574
0.818589633216077,0.7321220199860863,0.46328603941372115
0.6268708892894341,0.101968192632935,0.6781728344258235
0.4699388150536419,0.2595229669505142,0.9987657754643111
0.7552326217868207,0.9018701085566918,0.7569030158223459
0.579335119348978,0.5608283602524149,0.4752245573064844
0.4101791079544931,0.39979890823153413,0.9088406423645446
0.47356507231354983,0.9033227932833182,0.17710005128030207
0.6459073194568704,0.15111989587637817,0.6724293389709568
0.35600220707389973,0.33818011581467455,0.19523214889031074
0.8636502979865038,0.9625492669801395,0.9480994049588976
0.8638147882410807,0.5316260782753969,0.2723150463547947
0.6506736355379227,0.8536185122748264,0.4523980896016255
0.4740119907630753,0.9937089706220991,0.7967810536565443
0.5202927495599801,0.8486715063082252,0.9246952053726608
0.44346803215251995,0.033345395243793624,0.407879417725793
0.7462708665010525,0.3989471119427324,0.07465767077504133
0.6353093138220959,0.48813805420985656,0.522060532505427
0.09082486577821501,0.7296769293120354,0.013836811403948341
0.9564208795449458,0.9070437228791018,0.8147914898880652
0.294959351000121,0.7473953227137036,0.6188655112118842
0.5572181496489818,0.4394448047849362,0.08121078490665228
0.9591520423606188,0.03494408087358446,0.1787408150628737
0.0052113993766193445,0.19701814906500048,0.6463366215149005
0.7465009947081227,0.1099989494938279,0.7683898839017792
0.5903362906507887,0.576772973212881,0.353903492205904
0.3224915534612417,0.9631790409544726,0.1313318396987492
0.10601882452787707,0.9432645200499893,0.3580577266287989
0.008019541882442017,0.3037990408459197,0.49402590409753794
0.013563799349324186,0.7032056462792105,0.5402481368388736
0.549365485493875,0.08763525684834872,0.4818073893708958
0.8115526392469481,0.36082214137566404,0.14085654033103095
0.5688272667239372,0.6677850432065748,0.9090062268035234
0.012793811289664538,0.9922789872494567,0.571001729935679
0.4036696594612036,0.003655673605524001,0.507659543777862
0.6226740109369213,0.018256916310265707,0.2964500464693654
0.7434584862411718,0.9175009531354357,0.09706770271488258
0.27248380342507883,0.449962553438566,0.2582736539592146
0.18943246160670754,0.2830346927381207,0.16489077374635136
0.9498652076031894,0.9658265185257392,0.8428028753649205
0.19882248901533842,0.7226327801814655,0.5191081908478729
0.8044225212868747,0.28663502799225304,0.4363504327731797
0.1466099867252166,0.3541787688867718,0.1729243697114397
0.7326996168813473,0.8799455438339419,0.1291328609223546
0.2874479999021319,0.44081595289576087,0.021030268370431933
0.4828993419770725,0.7725600587918923,0.9645899015826651
0.15233389801818087,0.40234389262029674,0.5377780770919799
0.011447432398396356,0.15685751009950022,0.1917202019864882
0.36709896836903333,0.9038038552208073,0.9485773591070734
0.6997863963054416,0.6665668521709881,0.2917823350169134
0.6956306701122261,0.5939256578677239,0.1370989761044345
0.4178543864495404,0.6388574150521557,0.06970035113548369
0.3497558987596536,0.8148346085480285,0.4718694415893621
0.3129941380457226,0.5560350790028287,0.07377076699202158
0.1797318193468202,0.39101274782884365,0.15230087253871502
0.890917829793002,0.517695134193955,0.4847122085329073
0.5837838300335514,0.522872860783145,0.429975060476041
0.616252026139651,0.13270997183508088,0.8352856264411245
0.9171274210494044,0.5725389710338841,0.8218406920263427
0.11599756448779724,0.46142923687781623,0.405915953632975
0.7790064971251278,0.4423211100124933,0.8534625720828165
0.6873624312964499,0.283058338225638,0.24414103845044663
0.30483513980287597,0.07394088420986902,0.9896645948967555
0.2874213830876627,0.9229282562011403,0.5803943820280125
0.6250737554308519,0.3379854150293577,0.14034162047430185
0.4947110069039651,0.5324132648753304,0.5119391305540199
0.3561028713508576,0.1751880576234486,0.24558279583989617
0.7921873066737718,0.712164828707529,0.6383284537245878
0.9620690554248615,0.21345845961893048,0.767487849587798
0.9264906703789885,0.16147705773721913,0.6269247196022516
0.08660990705236199,0.530312105398236,0.41583786182225685
0.18923083015533163,0.3103159607639476,0.21274346056037113
0.5370741643011229,0.9196803639864852,0.8771714297039251
0.31037591680136306,0.12264406639162448,0.9585708219500527
0.7309766859578894,0.4730833591777676,0.6610502279831288
0.4232834475948265,0.23887581678519812,0.6362218432121162
0.8555605893703303,0.2818838166402368,0.5128193235929385
0.4443164606037233,0.014106598404214452,0.29029729361726236
0.10852632736388877,0.3289912233030312,0.07866750774031757
0.45222941497902736,0.9642014837632266,0.8819783744349824
0.43685350027337827,0.5128530312193471,0.8837028376558416
0.841317969702934,0.8191928974246245,0.6421493645268702
0.1329704654550507,0.5447489458421406,0.7323246988294015
0.9366775328791799,0.15170786733289282,0.7074709744834615
0.8189163613744028,0.04104599913921647,0.7839669161428687
0.988185499638038,0.23508563747517244,0.749393559666422
0.09196021526849021,0.0546204806650831,0.013644271273979186
0.20877213088666421,0.8957349198464627,0.10284504853518456
0.3165529189724786,0.39735486375865153,0.6784910810079811
0.4280578317437611,0.7292033213344584,0.37080570594076806
0.26038063925689653,0.5433508526299021,0.43838110799277624
0.7846002280644719,0.45162257134856343,0.7276900206193253
0.3109247859085957,0.059282240593070204,0.07519444758346909
0.554649762129111,0.8274372352540026,0.8976357075455186
0.8140604970908928,0.9691738552157174,0.8147309185334504
0.3883081886882839,0.8799650031578314,0.20649425197091573
0.29956684470641753,0.8288448973035328,0.39279222225152116
0.6880525074731616,0.5537905064974347,0.8532343174929675
0.5988124427270046,0.7948839613026228,0.6326577125626996
0.08564199240318726,0.06249139463185941,0.8321890520773434
0.2636202704205787,0.25660607273249947,0.8466692065968664
0.693757152877302,0.2792778928398137,0.053563673783058735
0.669737692879919,0.44644065527029875,0.02609718343496059
0.9497763924739843,0.6321335973011849,0.855259836061182
0.6520306110275618,0.8844557612785497,0.6799599493415865
0.9844528923196971,0.1525676636118878,0.2921867813296312
0.641694403302438,0.08423576565938018,0.8934825590978411
0.6412239877575682,0.4057979927050854,0.8896948198507572
0.78114188280869,0.03678423310033289,0.3565759392355686
0.6216688706679369,0.2944289708403346,0.6412010555393823
0.22510168998844884,0.3542891735895989,0.8254787113796421
0.018805141145627785,0.6785560048415799,0.5115233066381133
0.665764811034815,0.14115367102524715,0.7593064911785472
0.16684602810234736,0.3724276824784943,0.6676548695377553
0.6960735970196646,0.3494911375696966,0.6131533962011312
0.7897803581134597,0.5954554551850471,0.9186346736921639
0.15356495048458602,0.7080484925622811,0.38860835542317035
0.8431486531866045,0.15282209411227535,0.5920617049578853
0.27399120694582013,0.04317974181478778,0.9777387312751515
0.9710687837167823,0.8883899644171696,0.45840980341518606
0.5652466200406563,0.4621480443368511,0.13374179982691936
0.0787209988195375,0.6560030699763475,0.21200374003147046
0.44145410555512504,0.725298661490735,0.7756885075606128
0.30762788277797526,0.7101513579041034,0.42802898371294323
0.07162912951688301,0.618137391273502,0.05244955234450275
0.5678450630633418,0.733046366596731,0.6233248005227572
0.6774342724180288,0.4514104454101115,0.220207097374542
0.18680843379984888,0.9595936979718271,0.05944412461437757
0.056562224900403316,0.683639073648076,0.6879529266023554
0.5427858469712846,0.673436580470812,0.24571828789965178
0.8070116656713557,0.45489288218503265,0.4449439361246196
0.42827374136256724,0.01593896769672663,0.9140768151933758
0.26758219519514126,0.06426737952611362,0.9545262647749644
0.8472268793812736,0.017030938014490148,0.1988256843461585
0.683305467842533,0.9454502345003938,0.9073630596434563
0.9822789397282596,0.45468517402926817,0.13865324676771845
0.6581376795078691,0.9838309079513224,0.5216931360383337
0.3558225413490373,0.3909805465728997,0.9480567330802196
0.545015412127284,0.8691995742100704,0.18293977224134456
0.14133142983637392,0.43055167816743006,0.9797376401896865
0.23956562411116916,0.323554223381111,0.5038020900829991
0.6234975129601009,0.8087697178450728,0.6348863008264106
0.3104090398249041,0.4599775864737247,0.8053624685016056
0.3450434502949303,0.07263201562903969,0.8887119435446399
0.5643730230786246,0.6859748673905409,0.7847730474076385
0.694485013676248,0.9414909614602149,0.5477437693094109
0.5900702634905025,0.8124395112632624,0.3476856911019621
0.35323242607277217,0.22582865784891362,0.8038227846748085
0.18119472138960793,0.8393968048869955,0.6628808229415046
0.5034201641274456,0.3559053711825736,0.6607275768776651
0.43149608550471763,0.3805288609463663,0.3143690433396697
0.9234766994990544,0.8220421960429385,0.6317667546922585
0.6412266324428246,0.9520344368894966,0.44822035916926256
0.3659400215434539,0.9914925980516786,0.8780901392821855
0.7308257088949216,0.9654025859526576,0.7838959936192544
0.8450827638548353,0.5254070752954191,0.2848345162233345
0.3397386548009562,0.43143634055956576,0.4702115257968546
0.2657573558001393,0.4159984725416853,0.18687465386234797
0.5437047561086055,0.23418827156410604,0.32552075157812266
0.06852854374779772,0.15716206622119136,0.8058120564971174
0.29972287003321696,0.16346087654050578,0.779592637953254
0.48571713477861767,0.10134456334838657,0.44282932033625566
0.7156663190625491,0.6487552073649845,0.6547046761518198
0.16774894805110888,0.2134545260452285,0.0015602453091162819
0.6924337785901782,0.11780287799155255,0.36304736942670324
0.6062966722676956,0.7871389473442296,0.6904496559113575
0.9516234040223558,0.4187586499075354,0.2020062156219058
0.582923710009372,0.7317466006096358,0.6628743240757147
0.7250803985408751,0.9945943853745208,0.5309899805432774
0.6459038362505392,0.6007014812586838,0.33019654864082865
0.43104099654983213,0.6786486509126164,0.16652932845433518
0.35881526344521003,0.8074061561842408,0.09628755476533589
0.9186364387820378,0.1796052480010116,0.16928034379597548
0.4425111973126692,0.3393148996809354,0.6063844715362442
0.8966782090411579,0.4918594769082676,0.7573400583343187
0.9364502578943202,0.22234820740955738,0.5246067399602847
0.5589142695076942,0.48016382362589427,0.5983076889564627
0.5463632981512906,0.5325157392259982,0.7738461208494473
0.32819654084396604,0.7134183792070398,0.9228033263344798
0.14949591575875695,0.4653615746852877,0.7983283997452902
0.2688115841228482,0.07846516641367964,0.06337553841690007
0.9563129634769323,0.9103672148918239,0.559312171586129
0.18701088218859074,0.15013997908532953,0.4766359844008656
0.027600901560120225,0.047509310264250024,0.25577771261737337
0.11011710924855236,0.33119030171742353,0.8507448782070861
0.12632826754269988,0.6029432827046054,0.6607691541285544
0.9230733160204038,0.39109651505666815,0.9242501417773462
0.2538921888677925,0.2045933558910983,0.7499497680355138
0.4472715577375194,0.33479653868017056,0.3622089674827286
0.7539468138334954,0.23297814062074695,0.9690330884515314
0.17676131673271017,0.9448656049954791,0.6928501054105918
0.49613614313633714,0.34945682850134174,0.8379726148191152
0.606948529911573,0.9164522270460608,0.8047646223616718
0.34289860638735975,0.7325527316255932,0.89895501635754
0.13946072908279653,0.5776720307056437,0.9593732542231406
0.5473656811179476,0.5113119778342614,0.22206385757644617
0.2112394541969427,0.3769451593311437,0.21580883990803124
0.45639936872332915,0.870585065690162,0.6953157421680173
0.6770593164131504,0.5383141417828053,0.8870693173139942
0.7840852657030594,0.9048831694849289,0.8629940263140623
0.9201993683523679,0.9057708754394463,0.0212429280762853
0.7347928359978103,0.39870265316349107,0.3749450344164543
0.19003388549258915,0.7204442880886539,0.08824747842373425
0.8910446408256234,0.21884875324228306,0.2979640588290804
0.18542096801632635,0.29498317973855215,0.9873853361552658
0.24202402998866554,0.09747266203381133,0.6225454414176663
0.6016481384933224,0.31597017883212214,0.13068416693213364
0.15710502469717705,0.9061640586244565,0.12762866702144773
0.30292919785758865,0.08637780446917928,0.6409944472096559
0.7150716062625959,0.11322298913962146,0.8132499527423075
0.1446652405274615,0.44727231169911885,0.09585703344571339
0.4119371937620044,0.09138313848646964,0.923764991669579
0.4235056525092845,0.22760256062869721,0.20370838121388335
0.3966023279912825,0.8580244437029484,0.315877770421199
0.5237951148497144,0.38637312266905827,0.05787373947349939
0.43410634777295914,0.2521385763605748,0.7917097118440716
0.9874979139490968,0.7361075420247164,0.9614019621276275
0.20025001176825644,0.5177783879909156,0.6809440273236858
0.06785817547477091,0.11540890234904487,0.6218333598020862
0.9322727215320062,0.07266473588698803,0.9303573179319024
0.33045247236412617,0.7746495071552484,0.8336731995084709
0.11326796476596557,0.1520268404472213,0.6566501856198419
0.14988986492781717,0.41503585350987554,0.7156393000094028
0.512776096175801,0.5842631464976277,0.22262683252961707
0.9752874038570979,0.3784803595528696,0.5128640718017098
0.8682609005592641,0.9805689269289469,0.3894136841268534
0.8365529086113445,0.7115316682375395,0.7849250103062541
0.5941956854191872,0.24624326743895042,0.27952623461519566
0.37412060117383616,0.29929991438861203,0.9627217366062508
0.08541708864128808,0.3769310726367218,0.8758001962958342
0.589699989881555,0.25543533400227675,0.1677658047766588
0.18619328785106365,0.006650069380806607,0.05353744134850372
0.0790700318369752,0.22884773094729943,0.6548136577009259
0.9982197574004144,0.9628520476849646,0.7980408848385053
0.6121579028475207,0.8340445145481113,0.8237478510494567
0.23064826802557364,0.7095018930423826,0.5768603246883884
0.9314907958215709,0.6214268274921418,0.23427630835589883
0.7377031176068685,0.37151515008956754,0.17900044198853932
0.404154070693699,0.6976316581216965,0.6934996271450338
0.4141816898527074,0.23840852154597125,0.20964996472506103
0.5638374658076359,0.7565808917826657,0.1361417501235339
0.28165057890559236,0.4320273916170105,0.0015644907196216474
0.9805228347685893,0.20671161024220128,0.7709108456831189
0.35221150595339074,0.8265722299782124,0.8009903629346358
0.10035946214746234,0.237778209589753,0.5042267571758122
0.44285458855491555,0.6904729968899297,0.3536939229301873
0.4852446742754452,0.4127675519122957,0.042366157422370584
0.8362187337685246,0.69471676850172,0.5182977513493304
0.9357670677993389,0.32418402565124266,0.42882790600227627
0.3787354165922188,0.5391244268952292,0.1952166417873651
0.7149769595528482,0.410014253075551,0.5222517748381098
0.3159339133616875,0.3495014586205168,0.5776201832958532
0.4636022382418532,0.28037941729022275,0.463424224131362
0.07552391584060777,0.4191556360997601,0.7799278985845575
0.7366521217163292,0.3599782382817241,0.993881430491499
0.49473909795915344,0.7134225664468395,0.5765921049353998
0.669318090947169,0.5015138908124451,0.7385941726651722
0.9248860187343187,0.8002728415746808,0.5357274132103036
0.8300938263553296,0.17854576811293318,0.3548106548539827
0.21478764465239494,0.27108960142380906,0.6643102385100369
0.7660990439642972,0.27147761981069923,0.45373487148753733
0.03631770388050374,0.18108998480306412,0.010173604511998778
0.2034262491819454,0.1912847098461148,0.9068675435885974
0.5270617538231654,0.8195848883487986,0.3127131983376758
0.521425215646151,0.26249912449613705,0.20330084558405384
0.36261182305894735,0.734056320189244,0.7557090982885017
0.24991256185546049,0.42832991700047346,0.85890564542561
0.3011959830646906,0.38192132141111457,0.3443313980840222
0.407532639104748,0.8029974373041432,0.4780746859219622
0.7054572381115856,0.6488989722987258,0.0054122701393600064
0.3272003905579265,0.46007981942399734,0.15508695119550436
0.31589899314694597,0.504318799737159,0.9250659886993953
0.8270802516895184,0.5077935687614916,0.41807443800553196
0.07558126497316449,0.5793751724409225,0.5445529899943005
0.5424086339888337,0.4680594294182406,0.6312064103857181
0.8182785814744317,0.02378530053232595,0.3695929447388505
0.5452688404035442,0.03222445165867354,0.9335743333291074
0.28279180600635956,0.14534259777843586,0.24279476401779237
0.9388856645048752,0.1777315741905497,0.9923956972738989
0.7482217554311283,0.47986394932455156,0.967057619656683
0.7709843099256128,0.9227374496194954,0.44764917072995014
0.5539537634484518,0.2500340327096324,0.3990389653307619
0.2334109516525097,0.810999319017138,0.6684231773960316
0.20128711640995145,0.38929029147079325,0.5942323883901037
0.4323390616284363,0.6379070907488341,0.04855830903066191
0.8033989054148826,0.19226131150318215,0.5000601324517666
0.36382198937507476,0.009212672066819515,0.7688387387061595
0.8665081886523421,0.05870378728167394,0.4697882218021698
0.43105101394463297,0.08923681683335657,0.6999224239348596
0.2487931110269016,0.7237235832180481,0.3061518121091468
0.21264677640882046,0.29173105806550204,0.6616702033733804
0.029403515095946364,0.19328626895539122,0.45650427897185736
0.5943990405079788,0.13523739956099587,0.5199358717063229
0.6601740284791856,0.7061686088376442,0.8086766092120268
0.08793919135003682,0.6069254166496021,0.049588425425082266
0.6936160636489898,0.298357453734139,0.26951752595437695
0.5382515794020706,0.41516584772490334,0.8305238334690773
0.4361098382926551,0.933846990096247,0.8107860547686127
0.899783618470338,0.33315533164557004,0.8838490759857435
0.06891785109985232,0.7607697478946284,0.7362650780980227
0.4575647164890339,0.7889013800377032,0.9903429709128181
0.08867581637395855,0.19503232926984543,0.6973539749699184
0.15384523580968312,0.42734263843149345,0.5548287508324922
0.9926153799911077,0.8532473596560621,0.19378391214587343
0.08327090793462577,0.7557972343033365,0.6993967144602844
0.2060070174981349,0.04004540908091044,0.2619386594893677
0.30171230619265055,0.18434391426789304,0.24718437269629293
0.8898886989009621,0.1930348751556965,0.5867394301201713
0.15438671437809895,0.723783835850874,0.911363627386506
0.13611040902748278,0.8791236251886181,0.5409327198646013
0.3441811200251581,0.8641235073156468,0.6779935301663887
0.49638252301404173,0.11376760467834142,0.6737988031006736
0.9930857738898643,0.8033330406822675,0.940798053280626
0.16004253556090678,0.029764059973161654,0.9896372108084519
0.8063652420686819,0.3974895854500475,0.12727331526730004
0.05013568721543967,0.6486427051434225,0.428818963001929
0.37104597558600133,0.9230356440130678,0.09515045442335061
0.4155193239017297,0.1977293977134689,0.827865121233859
0.22083335469497364,0.22734589340173905,0.07647737369018745
0.32961922844813696,0.8793778517464927,0.768607212017491
0.6441363718387664,0.46580154023373266,0.9675160560150129
0.9601458559420388,0.435989782319667,0.10333771520350091
0.4101799906960955,0.5089408797667309,0.8940537494706015
0.7936062376440005,0.8132120881354935,0.7830125369666708
0.15062510100396007,0.8630643289542437,0.32100256814445577
0.8160340836972316,0.01870144299010209,0.7936318526583676
0.20604910136388693,0.32050578199543966,0.23801506123056113
0.41590650904704357,0.9733799939797118,0.7837362713589232
0.9779205872899045,0.2344722618031025,0.760352575745704
0.39694911382861897,0.8647478077924109,0.005179974026913669
0.6644754238385879,0.936719274592533,0.6226339723845629
0.4280507326119505,0.7699597086821313,0.5320382793614595
0.036601572773524244,0.030897374263898054,0.2747910170039953
0.28943702363840573,0.7939885757121279,0.17203429180476693
0.8611547968729618,0.9678765640959102,0.6167121008240377
0.6159482249231761,0.7228234912440891,0.86201645111331
0.13339131244177296,0.12075967706859664,0.03784947499878834
0.04775135181702529,0.5288005045834416,0.03568328606369233
0.697506989219186,0.8766450295711905,0.7145411923217891
0.9204437364318137,0.12588954368088165,0.09689832002721538
0.6527280580145021,0.8394975686745507,0.18185329655879523
0.39082690271149684,0.9809181411877209,0.19164593441165712
0.8076660398959686,0.9068741635547442,0.7674807331821093
0.566818699397983,0.922273870798615,0.04152318392728163
0.244450604653695,0.9609832616283732,0.29534421475821193
0.7665877125122703,0.7640738635534405,0.30713438925926195
0.9032737971105351,0.9893520367396049,0.2804985634441302
0.523104248511135,0.5770957085386156,0.21242288192174094
0.432458363506741,0.7881655903757613,0.0715905797110519
0.15298391826666835,0.11388862559404732,0.9886022912208184
0.1552825295975494,0.5441887136976713,0.1823224985346564
0.5068566352565468,0.65773003374155,0.624055157320881
0.7583555459158704,0.8776771830830262,0.6519037271484582
0.26625987089064707,0.30687755262455035,0.6700851760299663
0.010959790011295245,0.5926143575408782,0.6811144952655537
0.12036311968614118,0.23982416275701435,0.7799095651320422
0.14660103268232555,0.3991638379610266,0.8913016517719669
0.14179743432499944,0.48593210529543746,0.3697005693063684
0.4246167704159839,0.9913518933059201,0.14008281326001515
0.09540957419506246,0.05417402481279169,0.20136275871242096
0.015033854895242374,0.5192973610621707,0.35680845628034524
0.10641580963657694,0.15725041328222558,0.1560601173214794
0.6744561398882328,0.9604411413858541,0.6950045247742663
0.032324379219048904,0.010150397235696178,0.44291241462528874
0.9844763830808361,0.30794865638126273,0.49340032109313714
0.26342706234332197,0.6181427110466751,0.26868650609296146
0.2589063203929523,0.9641652338404249,0.5818976484780873
0.5381711497980756,0.27969053312038755,0.9864906176151961
0.35990536500530756,0.8970809296590019,0.8584701571960972
0.7419001929595539,0.32480704720698284,0.6413910665352269
0.05979937183479361,0.5091914039255607,0.6611799216188964
0.9157439296886852,0.4245199414779435,0.8630942107365127
0.6084476858398263,0.8529506006558072,0.13589870828619977
0.9579233236048558,0.46210664893146336,0.3661704909127513
0.3858757544044223,0.7652629560483858,0.19342832217807895
0.7182960744225398,0.14099295143923715,0.18954348472019145
0.21812436752062755,0.7453426647555391,0.7333215610047956
0.21933261212577995,0.041213389022626175,0.2792314141337233
0.6810895051382516,0.722793160194967,0.44397810654892494
0.4038540545228655,0.9232241147818661,0.63368874174977
0.5639594772305823,0.822739776581781,0.2481824741141195
0.9759821554979737,0.49439375206094605,0.9953194360603276
0.039739235420360355,0.3387073126173171,0.36858665543250807
0.9999583711698148,0.9406217371341267,0.41696634052721726
0.784695466002835,0.5222200735844489,0.6011329948506896
0.35155808960807966,0.6284841725398855,0.2852397060754932
0.9694901778718346,0.46931799888601755,0.13951612712616926
0.39803267130204684,0.016205861517213573,0.08330700162864084
0.06308024162550255,0.4458162710093296,0.563399329226138
0.5845248992484386,0.6866645370201155,0.13616176699719204
0.4397102986277489,0.5071559315544896,0.558567669337177
0.4419777221384777,0.9638251532969155,0.7417273489161101
0.17049591402246148,0.7587236630023229,0.10940045062946915
0.6389482648566156,0.9923633631407822,0.07972996070036377
0.15458689013516197,0.37405602462171905,0.8475533288080639
0.4944536280809783,0.7113032716059898,0.7676315833695595
0.7622812459553217,0.19118252889552592,0.8204938843676947
0.709939575866264,0.5897573739279065,0.665787317390952
0.8082654260871128,0.7056750147248795,0.09544593293474626
0.46624703662616573,0.688820434160319,0.4492639965609968
0.826060324114839,0.11893036804552864,0.9462859139201806
0.6464712808313158,0.06348283122293834,0.8920356730363413
0.44957674334005054,0.3927106607450719,0.6199865533054586
0.11959971615611437,0.9491743329094164,0.16664703229260286
0.0809357736909453,0.18346476471144088,0.5104939912166084
0.5512822727528113,0.37379460839137657,0.5145919097329165
0.3190138541724529,0.6363999448285862,0.39478129592833094
0.01810271163680134,0.1258522621853215,0.04214694244810712
0.28468234410058463,0.04884385851756686,0.8332661190382487
0.7136792236366701,0.84472731196605,0.6693853222095844
0.04719073486598673,0.8937029977993647,0.6013907173714078
0.25758199587559155,0.8760985546156687,0.3373153353471209
0.3112646926659096,0.5108610018161336,0.42926107664684054
0.463778517088681,0.11437757910590067,0.7460915773904385
0.23900316870129293,0.8038204563545036,0.5202970402318158
0.575285670470473,0.7973436498157671,0.9514279538046532
0.14169297131322925,0.3804270652482072,0.2130632051435513
0.108589660362986,0.35447197214207254,0.2680590339218837
0.2448536301780661,0.4296461365897061,0.8011365481021209
0.16904169258096657,0.24209500747223095,0.5648329448903849
0.9644178084634617,0.8329133607184401,0.9198255880804188
0.5559821746507063,0.6448878333284697,0.40244527411758263
0.4979975283119811,0.591802982880044,0.32403948583503633
0.7930345392305747,0.19938798383193493,0.2978481723111138
0.8542784166340985,0.2871546616283321,0.8795801294489174
0.852100471062523,0.3084673737236565,0.5649579998543227
0.488934064055415,0.8700691139131382,0.7454018842071037
0.5201197365295707,0.06221546306573097,0.6583166623733552
0.5634791709912477,0.7823503881533426,0.09067535303328474
0.26619783796997365,0.9110642329084544,0.9489723047287766
0.2269905476583748,0.7311247131606544,0.49161453954178214
0.4623664564408068,0.6299720750427841,0.8913741216674307
0.19242728079378948,0.2966493356003233,0.15639328240922676
0.353089843244359,0.466177539766613,0.28441548979797954
0.3361029363218336,0.3141217224706961,0.30879658472367605
0.09828740266985321,0.10907838910094601,0.7713304470336984
0.6788828980922426,0.4282847946423395,0.08567156564718294
0.1774954228865908,0.7086115402839019,0.5605857277778575
0.5493440977763626,0.6325286182736047,0.08113421800316638
0.7932995858016266,0.31178292869905944,0.6916588115750619
0.9784010581339059,0.7312152662943687,0.008169790410086806
0.15150610396439904,0.7890819213328736,0.8755434017098438
0.6852136010698942,0.6137142762070137,0.6585958782038592
0.32600503102736833,0.8444728079111085,0.06279518531503066
0.23387910617449947,0.16320252396996968,0.07840982863116361
0.013222981316287984,0.9034945462281753,0.4027301534964239
0.39728837435071274,0.8522904174322371,0.9828726149914764
0.9188467058714009,0.2233867527780546,0.2917045243256614
0.423202990422898,0.6909825035225505,0.9741079137827131
0.7935536874704513,0.6312567694118981,0.261280549310571
0.33379667371065364,0.8682639844896934,0.12629391806430354
0.3617150534363118,0.21295755884249207,0.9234789839347292
0.7106407329600808,0.5618626464163679,0.23036594771766336
0.9760989968228387,0.6229166398466173,0.9019897522427077
0.06374470352992798,0.043898655590108984,0.1251664674736102
0.5819828416287008,0.7983400612134246,0.5744441468198996
0.6824709060506714,0.6727204010664619,0.12463488831271304
0.5009334906363352,0.8318838392678489,0.4382364455774475
0.4756122863178707,0.3826385648026764,0.9393111802070324
0.9559469648162443,0.18602208896258302,0.09005936243552126
0.025261970704100824,0.9671672300384558,0.6659604335424393
0.020862454180881885,0.32097908569812,0.3527006570062062
0.079869041652788,0.8547746804782211,0.953854114553853
0.5370687819679932,0.244321946207325,0.2373213041735698
0.16550525459561044,0.47083810900206163,0.26650111539944316
0.8450309747313549,0.6104857736648044,0.7086321141894422
0.09944491519441305,0.15072496963276452,0.15102176184982458
0.5648767917751115,0.9394926025695575,0.8101384591958601
0.38371492091690446,0.600488282396441,0.45553556487514735
0.7654735009194371,0.833523167556159,0.111758646178316
0.4039795906691825,0.14008885810721855,0.8509040942577347
0.052500685795502114,0.36988161466768443,0.02558014107962806
0.5501499310023127,0.371714488250149,0.38937820587958716
0.010880934823312361,0.12301952961433713,0.41948718926691064
0.709881430581667,0.17158227000936105,0.6843197491367016
0.5511703403200356,0.5509609372616432,0.4141993252403457
0.6322057643839097,0.3316912238729128,0.5003070493854032
0.7083673940926173,0.3343380684643778,0.043748700669606254
0.7636624889623337,0.20951464817573284,0.9847867053943418
