simu_idx,session_idx,nu,kappa,omega
0,0,1.0498089774985986,0.20899370436333148,-2.5347165149024247
0,1,0.7440423815218572,0.22699961459728804,-2.5453927607306643
0,2,1.4190184118733227,0.388146351137604,-3.509429701187912
0,3,0.8190279000972485,0.2145564515070846,-2.512601466552297
0,4,0.8800819996400913,0.22816248735496633,-2.554019058669801
0,5,2.564021674217219,0.38814635113760404,-3.6473008969676286
0,6,3.8218912454734713,0.36434427336715597,-2.4174341446938308
0,7,6.0676931823583296,0.6427556831830868,-3.347833424582914
0,8,4.653436975127033,0.6138613008420306,-3.3470281028169473
0,9,0.31809015122908163,0.34679256924003016,-2.6425770057410793
1,0,6.063327684864543,0.38814635113760404,-2.350813188647137
1,1,4.272506071579076,0.16411615342900085,-2.0704942683399254
1,2,9.99994039198622,0.24370729772479177,-3.345935929636603
1,3,6.180447753851686,0.4765598988015015,0.18932473725097365
1,4,3.820130475304375,0.24359693120865067,-3.3313624037282406
1,5,9.999949278975413,0.5190361483405465,-0.03549215952195017
1,6,9.199056395402614,0.38825224481486076,-0.669243075775459
1,7,2.6026575743327,0.37014754106290837,-4.089734933251098
1,8,9.412243634060166,0.5591684809664682,-4.055461111035405
1,9,7.738861853710403,0.35911086696814787,-3.3475978721133446
2,0,9.99994039198622,0.38814635113760404,0.9787137637477912
2,1,9.999999999998995,0.020735031664203717,-2.8160849378023833
2,2,2.56692463752903,0.07568305245364086,-2.8500553069725263
2,3,1.2903416499456644,0.09875151586442081,-2.8653018488365616
2,4,5.668141654635162,0.11594054574290691,-2.9399208681395668
2,5,9.999940391986218,0.38769684344864647,0.28419813179161
2,6,1.3864529216478285,0.28142971508276665,-3.37878265353367
2,7,0.9316468446071668,0.09801720683757978,-2.8722113874101147
2,8,4.445070708999662,0.05893815626587463,-2.8339435406362066
2,9,3.8197219158999256,0.38814635113760404,-4.735342258834368
3,0,4.023620825179802,0.12911623689127985,-2.085741936580003
3,1,9.056531280096712,0.388146351137604,-3.4903413175417013
3,2,2.355938616984316,0.21985914009879126,-2.2990961228567675
3,3,7.836905147804388,0.6225794549238948,-3.9788294610067974
3,4,0.14445570261294266,0.07744090544647282,-2.089293885920235
3,5,3.4528196090657985,0.3166679111868075,-3.637364994437852
3,6,9.999940391986222,0.36316582607644343,-3.3531934182634746
3,7,3.4820106594656868,0.11496048833075445,-2.1906114056749466
3,8,0.12621751172943146,0.054973195010150244,-2.094934486762411
3,9,1.4573017111063888,0.261984659276582,-2.2960837743820464
4,0,9.999940391986222,0.38814635113760404,-0.8704416630809766
4,1,9.121549161769444,0.43479366642187356,-0.8395938005915322
4,2,1.8000234488422202,0.12696035442084522,-1.5006578313182442
4,3,9.99994039198622,0.36703963927958716,-2.288608109760148
4,4,6.182752949983121,0.35354397049901853,-4.684539815247744
4,5,3.7835526073658126,0.21231345052942274,-2.772875403513463
4,6,6.715507655452615,0.6222045990426199,-2.3098179697597137
4,7,6.15392881271583,0.6558856381818041,-2.717665885089037
4,8,2.576361661923407,0.22019090336825164,-2.158932435810977
4,9,2.203414958048595,0.1436350391044619,-1.5668799938952302
5,0,2.594831062365884,0.40898762312344084,-2.3267959351919414
5,1,3.8312821375901382,0.1484341649424936,-1.6513157983068794
5,2,7.631480699687775,0.36965288576221766,-1.5541329744544488
5,3,6.2046593169267465,0.3924005124363841,-2.3518882216070818
5,4,5.904200602283811,0.13454005839987201,-1.764612892527411
5,5,0.00010000146693617235,0.053220180275031094,-1.3618604503091112
5,6,3.8281762904453736,0.37962234060812805,-3.380738913611455
5,7,9.99994039198622,0.38814635113760404,-3.3430746182104363
5,8,9.87513189468276,0.6266967704692843,-0.043464669771749787
5,9,3.3332956778287315,0.11729233887511209,-1.4971445560536436
6,0,0.8442079855594977,0.26451316164618743,-1.6171369731961833
6,1,9.99994039198622,0.23636137637883559,-3.479797466126022
6,2,3.923066380552777,0.6552677495633761,-1.52439532979857
6,3,5.042098095803723,0.38814635113760404,-3.943605500211534
6,4,9.99994039198622,0.38887215719910284,-4.483487677959928
6,5,5.29848693185801,0.7575175836454838,-4.550773867691089
6,6,7.639343831799852,0.6243718397689517,-1.7742265581958845
6,7,9.153365641581242,0.38027381715236624,-3.619706424274757
6,8,9.99994039198622,0.6224698064318036,-3.978713763747792
6,9,9.99994039198622,0.6194961320882582,-2.3262379212492643
7,0,5.2173431470496405,0.5912711241299402,-3.6369944059845176
7,1,3.819721915899926,0.15180660879804334,-2.0537239226543083
7,2,5.133583046304507,0.3852431268916087,-4.612101935241185
7,3,9.016823589804735,0.33679296727962676,-2.3369489703094883
7,4,4.943194444201005,0.62197623456934,-2.9052628212978417
7,5,3.842657199541243,0.19896820005965277,-3.0958292126686495
7,6,9.99994039198622,0.6218536488623958,-4.072121171465239
7,7,7.557107890054665,0.5834374832208233,-2.060515809691892
7,8,3.5175732928306136,0.3882201308259567,-2.954438393607771
7,9,9.99994356826101,0.6218536488623958,-3.9240642576741833
8,0,9.99999997850031,0.0597813639969475,-4.865104323402276
8,1,1.8872541676724828,0.37069407828392514,-4.983505679287628
8,2,9.999999990984515,0.0580238788361123,-4.838183672681366
8,3,4.819161051873863,0.09017558638651706,-4.8722002428521165
8,4,7.409376800901448,0.40237402468140987,-2.1362404010224902
8,5,6.150927213765021,0.07884086174998237,-4.872326026501706
8,6,9.999999994053052,0.06000842180672446,-4.846278100581173
8,7,5.757710527241018,0.08203841391138221,-4.877310609468164
8,8,9.99994039198622,0.397289809689441,-3.4199584746492775
8,9,9.99994039198622,0.2778173927403528,-1.4539070153673723
9,0,6.788563959208849,0.38814635113760404,-2.3262379212492643
9,1,6.076897667918688,0.2841045580269201,-1.7005936383007563
9,2,2.3408128323136697,0.20195161925533517,-2.0406133204003774
9,3,9.99994039198622,0.413668844139525,-0.6941371795001444
9,4,6.135376886728886,0.38814635113760404,-2.3267006699787274
9,5,5.445767499676941,0.38811301337614446,-4.052833851518358
9,6,4.010054196407369,0.40441428863333395,-1.2249861193785192
9,7,9.469075101810523,0.3850717873226136,-2.9591353814085117
9,8,2.7403753112663125,0.12852740981423438,-1.53123374068896
9,9,3.819721915899926,0.38814635113760404,-0.7801362481187382
10,0,9.99994039198622,0.5651000665212473,0.43922796204564785
10,1,9.999999984602677,0.8060472564064358,-4.009552041055706
10,2,9.99994039198622,0.3878691178913522,-3.1558644353335357
10,3,1.6252433343037833,0.29569974486176515,-4.2246623778618915
10,4,9.99994039198622,0.7217082891932362,-1.3848281776315758
10,5,5.515570391195486,0.18809001557484906,-4.28920408802636
10,6,3.070059179238679,0.11009180722673088,-3.9509574905849725
10,7,0.9982440625161686,0.2375850062666743,-4.088466370939299
10,8,4.06919583183134,0.38814635113760404,-3.347687627387976
10,9,2.966172292156686,0.5582827206514855,-2.323480584514707
11,0,1.2749294427608442,0.38814635113760404,-3.2082148861925255
11,1,9.624262737029385,0.13385252563397598,-2.506516467816287
11,2,2.884971065446061,0.6214707617274579,-2.2258449097467947
11,3,2.9188401124153733,0.5717510237204976,-2.4550321761310143
11,4,7.639344757346585,0.4030039096096076,-1.7650568559684794
11,5,6.0369609304252805,0.3051172181445216,-1.6452561040792353
11,6,6.178527368239096,0.08537802925661134,-1.2566747546861987
11,7,6.180631389593811,0.40074988826859076,-1.6416259256111088
11,8,3.819877971706002,0.388146351137604,-4.051101468852519
11,9,5.9182169620702645,0.39080567805063227,-2.3262712703568456
12,0,5.596162115571023,0.4147828221722009,-3.457142658398464
12,1,4.670982945332373,0.15629895356354212,-1.8106695886304522
12,2,2.15276996776681,0.38814635113760404,-4.0653485421930995
12,3,6.362536797363504,0.38814635113760404,-3.978713763747792
12,4,4.403247908071983,0.38814635113760404,-4.052785175134704
12,5,3.8197219158999256,0.38814635113760404,-3.589891981476267
12,6,3.825144090763165,0.26478067161447794,-3.747913875087502
12,7,9.99994039198622,0.7662927022752082,-0.6658877968115032
12,8,3.143540980027893,0.6218536488623958,-4.399679961673905
12,9,7.486206222679826,0.8560095194024345,-1.2521381517223356
13,0,4.957753619813701,0.3672242689278409,-3.3301208238097084
13,1,0.6975426469395032,0.38814635113760404,-2.275915332755169
13,2,6.324394452157296,0.25427074506019115,-1.300254586039228
13,3,2.3291957019086453,0.38814635113760404,-2.2610913393205125
13,4,0.19251479629785884,0.39329243945983416,-1.9263299244060874
13,5,1.8190964004175134,0.169205529863525,-1.8041469604909952
13,6,1.8735240506764577,0.38814635113760404,-4.420985902319567
13,7,7.646172153018869,0.39584977772391894,-1.3078794590891696
13,8,9.105747699944294,0.38814635113760404,-1.5460446612374874
13,9,8.414551816752414,0.36201241127032346,-3.979030022247003
14,0,2.688559250739612,0.6114276210736216,-0.3474980006078483
14,1,9.99994039198622,0.541798644177352,-1.5100611359782947
14,2,3.8197447263785556,0.6178242721531017,-3.1226873082095676
14,3,9.99994039198622,0.7689831835554425,-0.5122195523145825
14,4,9.99994039198622,0.6318681369440103,-3.0727229958630793
14,5,0.6116061566508877,0.21400897819161008,-3.6931999241258158
14,6,9.999940391986222,0.7893349454638949,-0.6737286975388237
14,7,9.999999999995037,0.05347440670382657,-3.542769463524946
14,8,9.266546806142985,0.04586589795032675,-3.5167310511626004
14,9,3.3666320580081632,0.09286616273711652,-3.5706186574418
15,0,6.787022598625046,0.18382962691505095,-3.582274532937156
15,1,3.266642578171888,0.2118507443102728,-2.378694516016527
15,2,3.278020409671779,0.38279410734738817,-4.349622346034905
15,3,5.833164135119768,0.4365660266881477,-3.108738331499418
15,4,1.5880520778490868,0.1811612059325483,-1.4089634271156615
15,5,9.99994039198622,0.391725779499955,-3.3525248101591747
15,6,9.121143594489245,0.24219409471324416,-3.3863179133626016
15,7,2.8073369672451935,0.24463794469624667,-3.164664829893284
15,8,2.735185439586817,0.38823070636755647,-3.1063313069895697
15,9,2.1145671372173798,0.1660512773477661,-1.4221650387680924
16,0,7.738522822026795,0.6440199496589465,-2.327205982258386
16,1,6.466587790749831,0.07644990973013319,-1.5741916117371824
16,2,5.814941177099815,0.32081599102492353,-2.385612280581961
16,3,2.930955163028591,0.621917704061277,-3.2016452861628
16,4,3.8197219158999256,0.34111533382356074,-4.375308959497575
16,5,2.9640988460119697,0.12884867432133731,-1.6620423073185109
16,6,3.927539478922244,0.2567102022606155,-4.182248570758865
16,7,5.096954669223397,0.38814635113760404,-3.110088717951504
16,8,3.7939110343161127,0.13326572243436946,-1.7509585950983175
16,9,5.099977239206906,0.38860820634999715,-2.6111111409607988
17,0,9.99994039198622,0.7662927022752082,-0.7361585481061264
17,1,0.8126262298355028,0.16190617262835288,-2.4100714495730804
17,2,9.999959374146016,0.3114652827327373,-2.893993740983871
17,3,6.7192568532511805,0.38691718525983615,-3.9819701106998067
17,4,0.23820711498435929,0.32638497147825196,-2.567961917390087
17,5,6.180378084100075,0.38814635113760404,-2.3262379212492643
17,6,9.99994039198622,0.36086922545738376,-2.708781747700302
17,7,3.819721915899926,0.5904275489647048,-0.2396043663486016
17,8,6.825015975953791,0.2020016304126497,-4.36732417934756
17,9,1.2124337333096307,0.1488023935302219,-2.379451732935803
18,0,5.1027045597132386,0.045234265404573655,-1.5022622976203064
18,1,4.726665288147113,0.6833099486319703,-2.4648669935381764
18,2,7.838347764124812,0.11169807192502135,-2.3237804520898995
18,3,2.122704228027472,0.2520338435392692,-3.1790189425847712
18,4,2.6752296937321347,0.608943512267121,-2.8301751464835925
18,5,5.544915571664518,0.22202689713249288,-4.23438006931973
18,6,3.8357726548789532,0.16722642345822797,-2.761284131290704
18,7,6.234477406686419,0.6347600539208555,0.6014498913293951
18,8,7.661863563944282,0.39017452036526074,-4.461411883973049
18,9,9.99994039198622,0.6263853255519648,0.34814974339288707
19,0,3.819721915899926,0.2000210691279729,-3.034489229623797
19,1,9.99994039198622,0.5160302291629322,-0.7020064913890723
19,2,5.44338483572672,0.5534718021839025,-2.8581420584447432
19,3,5.267890541543985,0.2389855258876713,-3.3082536891627004
19,4,4.283467455166058,0.6210239292147091,-2.4491436277600775
19,5,7.61845519265297,0.2785670729014431,-3.5667588855764416
19,6,6.1809348478982535,0.38035859987024856,-2.066740531837578
19,7,3.8248389526829984,0.6769590120714902,-3.9364322297349874
19,8,1.2232958083017995,0.6216489199564003,-3.857561298502466
19,9,4.871879179877907,0.19614978477452674,-3.977510895294202
20,0,1.934920219236235,0.17549519190074933,-1.6581920500109761
20,1,6.387321167538615,0.22206786566124642,-3.2816517113100536
20,2,5.172291763055704,0.5748025145317011,0.37156392848578434
20,3,6.525888531593944,0.38814635113760404,-2.3265445733615255
20,4,4.202114141934838,0.1261100916768122,-1.6642542602340085
20,5,3.7765157741867372,0.18004489826697653,-1.8978771109675077
20,6,3.0874726498414717,0.1466977837739865,-1.6738059059938568
20,7,1.4618566935808648,0.5239852518221952,-2.2173233795282865
20,8,3.819721915899928,0.3881231527819705,-1.562561007472145
20,9,3.9821559134931013,0.3866411521499586,-4.706305257962116
21,0,8.387099191170435,0.11626040767945822,-2.0270699553014575
21,1,5.313856754582524,0.42363711039607177,-2.794965459636777
21,2,6.225523775118722,0.6244535694983668,-3.3402190298195804
21,3,9.999942641125223,0.601024180441529,-2.3265098455718496
21,4,7.450187887269344,0.38829323112036307,-3.1741732091243158
21,5,1.8099087803536689,0.6073747208472817,-2.9533924408572263
21,6,7.639343831799853,0.38814635113760404,-0.9798076609984754
21,7,9.584632897618938,0.23717731826442273,-4.19513649426329
21,8,6.181228394311878,0.12222831779515525,-2.031477611215766
21,9,1.7592225526443768,0.6216402207773841,-0.6171020163631336
22,0,2.8332894891312383,0.1588131236545361,-2.2328162022929527
22,1,7.091034124000995,0.3018484707622635,-3.7207119344661996
22,2,9.99994039198622,0.7357826724790555,-2.577777427368607
22,3,9.99994039198622,0.7822145894022591,-1.1689239313978042
22,4,8.34069326031769,0.38415129232366163,-1.3350132221553461
22,5,3.8197760369710636,0.38814635113760404,-3.0258033845822894
22,6,3.7827484413877976,0.3840624968495461,-0.6737287262660532
22,7,3.7192086393306587,0.39057667604267665,-1.8341049767186568
22,8,8.075048199016663,0.6505189574411149,-2.2277611623824702
22,9,8.538793853543313,0.32816793599117966,-2.192259465909672
23,0,3.1663717894206673,0.35212539950656163,-0.9737550951189444
23,1,4.197290729917302,0.17992087281213026,-2.0917330332334885
23,2,2.7787657741506355,0.3629848124441099,-4.366948123889316
23,3,6.433997866443872,0.38814635113760404,-2.415624643657866
23,4,5.736400231465561,0.6225892353515405,-3.9545556760494014
23,5,3.819721915899926,0.38814635113760404,-1.9220254231477987
23,6,8.214042278820983,0.5051056648215323,-2.486995316819473
23,7,3.456968849264464,0.626615582173535,-2.9657312165230794
23,8,1.2668022549604485,0.6775048387843123,-0.6738081777773774
23,9,9.99994039198622,0.6770244579632286,-0.283665448744848
24,0,9.99994039198622,0.3718109864969502,-2.443608791840064
24,1,3.6206327075374736,0.6218536488623959,-2.3362037207329713
24,2,0.7108669434095772,0.19249833935683203,-2.4264272284865673
24,3,7.457422873961282,0.3914082793525823,-2.359555627065367
24,4,3.739475873344983,0.18706616935754916,-3.1349352499531085
24,5,9.99994039198622,0.3984463693185866,-2.7450468767700533
24,6,5.9521526494058365,0.4393807786111975,-3.3800505256458733
24,7,3.3428261722992136,0.5380026746542095,-3.978672037720886
24,8,3.558468248654412,0.3971298975042506,-2.0902777790080043
24,9,8.616278071728203,0.3652878143988008,-4.350928061216273
25,0,2.505119687532318,0.4197035335754916,-3.371511151348395
25,1,5.865030895510761,0.1056706713021203,-1.3049051030463346
25,2,3.4792822192882853,0.3898848091287976,-1.3462898800018626
25,3,6.168848970907243,0.2975865624336655,-3.9783132721608543
25,4,3.7878668880325055,0.33342411485201817,-1.8764434630278728
25,5,6.178314632681304,0.6370679376876973,-1.009251598573218
25,6,4.622790910079067,0.39647499787655405,-3.7596209506305
25,7,8.723720403775495,0.5961431666397046,-2.07602696373686
25,8,3.8190464516571696,0.2012209049722144,-2.58929397436321
25,9,2.9844823678371384,0.38830765565110303,-3.3839703937806673
26,0,6.405657360886859,0.35069904964732984,-1.882031354159274
26,1,1.8569965298927291,0.6201536808834542,-1.874746936275066
26,2,7.693934507192015,0.40186288125488445,-2.1548866970774414
26,3,2.4908599302703953,0.25150061405804175,-2.8042738752516216
26,4,2.9164491459288935,0.16247261415172387,-1.544434272358193
26,5,9.99994039198622,0.3937787644819458,-1.1785433915997152
26,6,6.9343775068651485,0.6218536488623958,-3.9777768806156026
26,7,4.4906661463254505,0.6243137892520964,-3.197329259485036
26,8,9.99994039198622,0.24370729772479183,-1.2690279506400433
26,9,5.4425329880811315,0.23387577787061936,-0.7945605787087527
27,0,8.98538293429536,0.706397604305282,-4.366117840541375
27,1,2.3589901318696658,0.40641900421443383,-4.262310242305343
27,2,0.32501655980736716,0.010032826668188784,-4.999999998602404
27,3,3.8198062101706576,0.38814635113760404,-3.1780677275256544
27,4,0.3550811071242741,0.38814718813163485,-4.9999974675197025
27,5,3.268036604604074,0.6114480718559279,-0.6751282785987929
27,6,5.902380448455463,0.501335837658542,-4.800055954959643
27,7,9.999928367281846,0.010000000000146772,-4.999965819318413
27,8,2.5436937845369365,0.38818294109228973,-2.5115302697044304
27,9,8.642067849824723,0.38814635113760404,-3.802129970420626
28,0,5.28565765915655,0.16062086928723085,-3.755964654654304
28,1,3.3610347981119673,0.6088295875409353,-3.518375091907367
28,2,6.6955317582660845,0.07865769669242706,-3.353173184237221
28,3,5.329077611211148,0.6952759685801143,-3.325531045800842
28,4,4.447889339189557,0.619964110266255,-0.6737620787507366
28,5,5.435761551026063,0.6111799121333087,0.35370021991235934
28,6,5.769688030255535,0.5389668279308729,-3.3478297743848375
28,7,1.0051749105357888,0.2007133946140811,-3.472120056298678
28,8,5.892500812263192,0.388146351137604,-2.394373135739783
28,9,1.0421133784580567,0.19148307708285295,-3.462004128858005
29,0,6.219079450388993,0.6171298601804139,-2.473988914940133
29,1,2.370720711060075,0.2289357030327988,-2.2778362496227325
29,2,9.34161333883017,0.38814635113760404,-3.7400750021502116
29,3,3.221029358930917,0.4399436961147258,-3.991685376754939
29,4,1.6313960805623056,0.38814635113760404,-3.7926581742285146
29,5,9.999940391986222,0.38814635113760404,-3.828405285017337
29,6,3.279924449488181,0.15395521643519938,-1.4672729486245555
29,7,8.581385984915762,0.3881463511376041,-2.3441120273036753
29,8,5.046265648488432,0.4533339923677915,-1.4824543997223967
29,9,2.1909632317532273,0.38814635113760404,-3.1657478651700917
30,0,0.5824369534160143,0.010026189440592007,-0.49398563294148423
30,1,5.829799643754037,0.37436435072039664,-1.734377696734903
30,2,2.407348348478012,0.22224585882721115,-2.424979251120744
30,3,7.137328860680559,0.3889052238403016,-2.957427527495584
30,4,8.540640248990975,0.2520614334651117,-2.867047715284027
30,5,5.498659337407203,0.6646116503113556,-1.9292673321089082
30,6,2.9259084062924927,0.6149937829591808,-2.329466868299783
30,7,3.8197219158999256,0.33297554203677127,-4.196216002189027
30,8,1.2971861274262815,0.2256704168866237,-1.9775000433481915
30,9,4.071262972905963,0.14196199901168088,-2.0085070090891977
31,0,3.819721915899926,0.16058857541562666,-1.854218933008976
31,1,3.819721915899926,0.619519796114195,-1.6947290462454576
31,2,4.942457829930997,0.5280596761447505,-3.0762058259873273
31,3,7.822993462899245,0.37779667139312156,-2.7212024505279033
31,4,3.819721915899926,0.10697853360448348,-1.7085188092545351
31,5,2.1328675365575824,0.5575236179858918,-3.6103564738478964
31,6,6.153198581479753,0.4444915391151828,-2.338067153260153
31,7,3.251292165417481,0.38814635113760404,-4.75152650004946
31,8,3.8197219158999256,0.17165544698768603,-1.962362970923137
31,9,3.819721915899926,0.38814635113760404,-3.3445247446610007
32,0,3.819721915899926,0.3930019913000154,-4.344304947898295
32,1,2.5808791784737743,0.5085942591451335,-3.107386160883743
32,2,7.1092905645665905,0.7662927022752082,-2.3262379212492643
32,3,5.217827511531994,0.19667496554668462,-3.3225601341585245
32,4,9.99994039198622,0.621660438229979,-3.3688691016934778
32,5,4.4793223004011775,0.3884235843838558,-1.4431956674299689
32,6,2.3974916717393864,0.46460981974653087,-1.7948094153825214
32,7,2.358548149881125,0.6552537995802457,-2.1949072679336217
32,8,9.999940391986222,0.3900465360758486,-0.6463364473493272
32,9,7.639343831799852,0.23973137686899232,-1.702922156034839
33,0,6.137230667467841,0.38060419658035377,-2.7192952337691176
33,1,5.2712532172684226,0.24377274361653015,-3.779053709990077
33,2,2.8309593866743854,0.6504186239737407,-2.144139006671103
33,3,1.6231293657815773,0.18217587311948016,-1.5398823272939675
33,4,1.4012607607028467,0.7514681177549918,-2.366532926437872
33,5,4.614594223384858,0.38749202157614576,-2.394824775501703
33,6,6.737050116314944,0.38814635113760404,-3.3430971399312304
33,7,3.2048014109727387,0.13236601342530782,-1.5013234766146082
33,8,6.175368219900381,0.6427556831830868,-0.7889718080292725
33,9,9.99994039198622,0.38821726446584626,-1.4763857768541866
34,0,0.2676802759291643,0.3990145855943833,-4.794037839088966
34,1,0.8805779300008694,0.010005780117161389,-4.999999996644829
34,2,9.99996797679279,0.5129891381989654,-4.999290949831612
34,3,9.99994039198622,0.6218019678343695,-2.968270486227657
34,4,9.999981417319717,0.01000000000004782,-4.99996581923781
34,5,9.999971644510568,0.3329763610755199,-4.999964059593416
34,6,9.999999990792727,0.010000000320459982,-4.999965820433095
34,7,8.66247041431825,0.7623572498157112,-4.627633439723767
34,8,9.99999999362413,0.010000000764104273,-4.999965819382748
34,9,9.99994039198622,0.5575931839396792,-0.7261596530152401
35,0,2.279773926305294,0.38814635113760404,-3.531570218235295
35,1,6.1786294000672495,0.16390679402447428,-3.576844538294567
35,2,9.99994039198622,0.31190216814708516,-3.894591354169636
35,3,2.286654898963259,0.16809368539227806,-2.4811819310642202
35,4,5.154752926555544,0.7452193283855221,-3.3475241575014723
35,5,7.602142598755886,0.06741802328497201,-2.3414398350394103
35,6,9.99994039198622,0.517231651774377,-3.070346437825193
35,7,2.3631609790381836,0.18013594416444945,-2.563745527145544
35,8,6.77988318438942,0.7191730377972405,-2.2420354899496298
35,9,3.712592223882293,0.388146351137604,-3.862950929307277
36,0,7.074471629650885,0.3862461661993594,-3.909825821502403
36,1,2.2010680749483598,0.18181834675662265,-1.8014354560009151
36,2,3.26279966021838,0.1840923398805605,-2.0493978971390385
36,3,5.202280652055598,0.6218132010768774,-1.2887484869124526
36,4,1.4505445838332531,0.5704716521135341,-3.325148360758699
36,5,1.0892734268298017,0.48074590378580884,-3.618154063761261
36,6,1.6330838874905564,0.38814635113760404,-3.8200022297413985
36,7,3.8197219158999256,0.5579895107758088,-3.347666746411103
36,8,9.99994039198622,0.4775859350185786,-1.8115330523157467
36,9,6.180134294205257,0.6220156009793243,-2.251059387067697
37,0,9.827165577819143,0.05829618383952188,-4.536811329467838
37,1,9.99994039198622,0.6518288747959743,-0.2868371757213426
37,2,2.345907567087928,0.38814635113760404,-0.6735507662586282
37,3,1.8498029725166822,0.07266488541956637,-2.3303378493884654
37,4,9.99994039198622,0.6170744704793748,-0.6736945646209875
37,5,9.99994376947021,0.6753280907764265,-1.3743067888010407
37,6,3.819721915899926,0.38814635113760404,-2.5784808873168146
37,7,9.99994039198622,0.628071157218079,-0.8041718452881073
37,8,1.7896315876600504,0.5338754303218389,-4.930010669136536
37,9,0.5933185773835896,0.2378996651476628,-4.722391802431754
38,0,7.1949798755422565,0.1045032669146668,-1.722964403404275
38,1,4.446782795443717,0.1240851085325145,-1.7008029277490109
38,2,9.999940391986222,0.7632181384602178,-0.8288428869594489
38,3,9.99994039198622,0.333394210088482,-2.601627303302913
38,4,6.745021552122833,0.7268474216151564,-2.2572273642219085
38,5,7.389730576446513,0.17787627423000252,-3.988110745956118
38,6,8.303115505187726,0.308404780304949,-0.1925580928454893
38,7,3.214468559976212,0.38103360340219583,-1.7843899130664667
38,8,0.9444629584622806,0.17472894340784606,-1.702414668645589
38,9,7.117359633316656,0.09724164276972558,-1.671159812180987
39,0,7.583193174827152,0.4722426892743141,-3.328268861429961
39,1,6.124006926458074,0.22227245352547687,-4.109668775380148
39,2,2.193238514413111,0.33416080708714446,-4.047765572299321
39,3,3.100775037808371,0.5543057859215834,-2.8563913144599047
39,4,1.7660290542996633,0.18804380888331143,-1.5891221687489725
39,5,3.819184433416872,0.38814635113760404,-2.3262379212492643
39,6,9.99994039198622,0.36518447098856077,-3.9722180245135683
39,7,3.312736973529494,0.7647894798605366,-3.927846584798118
39,8,1.889208124585343,0.7192116535281192,-1.4782942429393406
39,9,5.4806673902931635,0.7665235864835649,-3.217470827155276
40,0,3.6501052692162332,0.6066595950599045,-3.405842063779473
40,1,1.4415475085850726,0.38814635113760404,-3.5671175651453773
40,2,9.99994039198622,0.5778862047449502,-3.75339859227185
40,3,8.455655785499582,0.6209947332434929,-1.6825500461390508
40,4,4.278768812868904,0.042004905232034886,-2.0141055838582207
40,5,2.745210510087324,0.38872893333560576,-4.3066093258814995
40,6,6.245290171096274,0.38245746714597945,-2.330248403044985
40,7,3.3259836177511355,0.4987849983572811,-2.336793734542318
40,8,0.6575055057753585,0.2628302592555681,-2.2067342340489184
40,9,5.6758684028328545,0.3718022683780335,-2.0629750047088367
41,0,0.23159966865349624,0.5085479372595011,-2.369800494105048
41,1,2.9532232611248777,0.05486712581451494,-1.6616905899231245
41,2,7.1688889175111985,0.7433268235696618,-2.347977261355257
41,3,9.370465206765909,0.295395114485919,-4.111324448332189
41,4,6.309993188743626,0.4640122397722371,-3.0268300725806148
41,5,4.112554991995338,0.15006357052900446,-1.5779399110992143
41,6,4.925057912520624,0.12532626908307812,-2.0889853306281
41,7,7.694443334461099,0.08715185382795505,-1.5869958170788143
41,8,9.357701991435185,0.47812273464298033,-3.3860383409306323
41,9,6.185317636731985,0.333787125905738,-4.311686893597439
42,0,2.8715836877264582,0.3821001479700182,-3.951436394819825
42,1,6.076210073809061,0.08430833120449137,-1.2866749653862426
42,2,6.180378084100073,0.6216264329159444,-3.702746900417255
42,3,6.55701304139231,0.07916958568091598,-1.3293770134183804
42,4,1.3330758628676673,0.1789301511352284,-1.4293787552494828
42,5,8.247632738728159,0.47741459544958353,-2.724604892696452
42,6,9.40675695038195,0.30051428466400865,-3.3470777693576745
42,7,5.321503205736158,0.3897693028295968,-3.0858234853633766
42,8,6.34130260643674,0.38814635113760404,-3.3394904078006897
42,9,7.652494341682377,0.07735238745021498,-1.3423441852385836
43,0,1.3110227235942034,0.16200350962448765,-1.9783974177655173
43,1,5.753786552905161,0.6200946303249703,0.7850999328440564
43,2,9.369465187187064,0.6056725508659838,-1.549173027639186
43,3,9.046834661372337,0.06794404912264312,-1.45742457744994
43,4,3.0514985841700213,0.4704380529790273,-2.084670102655232
43,5,6.181330327013815,0.39336499968005084,-2.347977261355257
43,6,3.3333888818560418,0.6218011826359655,-0.6721903596788883
43,7,1.6092639118407548,0.6109836657397448,-4.812035126428282
43,8,4.752468225989709,0.41522036930374495,-2.2328475409944617
43,9,6.181588356516532,0.607707651161525,0.32578481739547893
44,0,3.739960512592015,0.15116126216338682,-1.9905733008595665
44,1,5.863585145382786,0.6795445552857153,-3.584617378756113
44,2,1.8428187396996736,0.5474463475166735,-2.0223083467732064
44,3,9.99994039198622,0.5825248620564991,-1.0017931819212205
44,4,3.9303884918276366,0.16935226201507086,-2.180988918021299
44,5,8.221292099188082,0.08941303599528175,-1.8511848098533903
44,6,7.609461176268781,0.47734999914270926,-3.38145545246271
44,7,4.7332899411680796,0.29845203789929053,-3.852472705367585
44,8,7.641230573016025,0.1859188745740484,-1.8250036890030719
44,9,7.641525873051376,0.6015838122896914,-3.3997341586799688
45,0,1.077169838151159,0.11523047526811049,-3.8860347202237104
45,1,0.5777452591641128,0.17058391424460131,-3.935242866180607
45,2,1.5462965181209576,0.34332965116439607,-4.331737820089224
45,3,6.1830856536668986,0.18533229541185525,-4.248484672091578
45,4,2.03959273504386,0.08946316322344627,-3.86550779973966
45,5,0.6215747976910789,0.15820502333710929,-3.9282593145960853
45,6,3.219975882363139,0.1754958752191447,-4.017482992732683
45,7,9.99994039198622,0.38814635113760404,-0.732070574715705
45,8,7.615760171462754,0.6963799314366221,-0.6724266188094683
45,9,3.800702945558511,0.35037972038177184,-3.851662251020099
46,0,1.705858190959147,0.6280640157594948,-2.013627360260189
46,1,7.273845487192076,0.6233119191692411,-2.3737046453927446
46,2,9.999934567254334,0.2412819538149988,-4.312114542776507
46,3,9.99994039198622,0.4222437863487507,-4.114701949749124
46,4,6.184543538257716,0.8555609465871876,-0.6752723381294474
46,5,6.39326132547566,0.31450744626319493,-1.7719297010244164
46,6,1.3651489074827425,0.7789150681188411,-1.3142578280543946
46,7,9.999940391986222,0.6167008335286766,-4.738977092483253
46,8,5.445806061478294,0.38814635113760404,-4.666817701284595
46,9,3.8197219158999256,0.38979726244164814,-3.9644278873911496
47,0,6.150707041072563,0.7321952670640615,-3.45832155420524
47,1,3.7624738154048414,0.35792778737506775,-2.715874068349808
47,2,3.732125938009996,0.4774479354601675,-3.9296187893593713
47,3,3.3010602637304842,0.34234658585195066,-1.771261911669405
47,4,9.999940391986222,0.28259656792585097,-3.7061469985352806
47,5,5.970025803635265,0.7109119167943273,-0.4384579274096132
47,6,8.529875595229065,0.6297316218616262,-3.9551288325345633
47,7,3.8301533563210084,0.5842677023502547,-0.6730988018958659
47,8,3.223953540394313,0.5279300954624211,-3.3461158183724553
47,9,9.99994039198622,0.39282899234485164,-3.347601768487845
48,0,1.7435633747647277,0.1821790135398463,-1.4408061413416726
48,1,9.99994039198622,0.6218536488623959,-4.1413103693518885
48,2,7.633713880277842,0.6770244579632287,-3.3826991059872658
48,3,8.86418887258452,0.19685440959177167,-3.9093956647030272
48,4,9.99994039198622,0.6219266219368051,-4.144358169143551
48,5,9.99994039198622,0.213713628310266,-3.586075716353384
48,6,1.7644711483677336,0.5560743455902175,-2.035264663142872
48,7,3.8316917346235218,0.3797535278373932,-4.299409652186792
48,8,1.6967916665366232,0.22540119746516088,-1.7201634491849758
48,9,6.216537369018846,0.21399863773866445,-3.8447936792862025
49,0,3.2158145086629593,0.1260178770999983,-2.9238281463568154
49,1,3.072610452530427,0.04802590458819119,-2.7331596018422473
49,2,3.648376038891014,0.5239390553518047,-3.015020146937417
49,3,1.622234331610196,0.7662593590169748,-0.6859987499510363
49,4,3.2770314794857343,0.38814635113760404,-4.02389692487979
49,5,5.861474765000276,0.036795201026905644,-2.325158959439735
49,6,9.999940391986222,0.24676666366181527,-3.9762502030291786
49,7,2.031790017392712,0.38814635113760404,-2.3262379212492643
49,8,6.179941674133661,0.3144016037207475,-3.3838553742860493
49,9,6.119822900214961,0.3899698513474506,-2.70946253976772
50,0,2.097123074656228,0.14070670399171006,-4.362544076002501
50,1,4.769437047948597,0.09223122030071086,-4.31459269426302
50,2,6.176559404876478,0.47543335482114785,-4.389813511650905
50,3,1.3836732194519727,0.17880997625370434,-4.41189706354374
50,4,9.79002743976391,0.06867910887914705,-4.293909888111639
50,5,0.6294474838014338,0.2554214456128307,-4.489605672660876
50,6,6.180879224435299,0.38814635113760404,-0.7073337588091637
50,7,9.999940391986222,0.46629071906636754,-2.3262045660620556
50,8,9.999940391986222,0.38811301382954266,-0.5233845432282989
50,9,1.8152941909767244,0.25660678217997446,-4.535630054523664
51,0,4.034754023423412,0.11253543320716952,-1.754576492632909
51,1,8.086179740657862,0.4817667181827669,-2.49202267523383
51,2,5.072919602805602,0.03782031039799334,-1.554667829382916
51,3,3.5756741334108604,0.05142881724465896,-1.561223412081637
51,4,6.486610141373254,0.0904773335076028,-1.7395003082655418
51,5,0.8961374210183909,0.18916190690680068,-1.7538603375642001
51,6,1.909621988548783,0.38814635113760404,-4.354827619840461
51,7,6.394557103413904,0.8215336748564854,-0.6739856241171698
51,8,4.440093276338336,0.13528688674416514,-1.885827676083988
51,9,4.303616172983134,0.16460915113957256,-2.3271004738757317
52,0,2.6974571102883185,0.06945216425865876,-2.221848308793052
52,1,5.178744748447822,0.5737287084739869,-2.2343928671904436
52,2,0.3493232390805928,0.19611221155185612,-2.341534073994782
52,3,7.1241008676223565,0.4217968104782762,-3.387665195800242
52,4,6.044443445918371,0.61608830393352,-2.519226233195197
52,5,0.16736057783363578,0.21953605461478506,-2.3940329302514103
52,6,4.398611339560861,0.38814635113760404,-2.325927715282147
52,7,5.984335786307098,0.38814635113760404,-1.598790888101775
52,8,9.902595056894775,0.3020575711132038,-2.3264905804154954
52,9,4.860415035266805,0.5835773619525094,-2.7790501292429637
53,0,8.247577558620128,0.3850110201473412,-4.358940885816435
53,1,3.129535305334857,0.16483420248354475,-2.7666685599691228
53,2,9.999940391986222,0.6445998019075524,-0.5638229163868385
53,3,4.826260452082542,0.22346574245192802,-4.146529961014638
53,4,9.907655704881165,0.3881130136331844,-3.3530597550002614
53,5,3.102094418666518,0.11295542061056975,-2.657054253817543
53,6,3.5347974792663917,0.07398524416602609,-2.643059293079113
53,7,5.096227518572911,0.38192342322284345,-3.640546412715283
53,8,2.8801577697098435,0.7661980237719679,-3.279885112905939
53,9,0.32242425060458674,0.20927027971582948,-2.7702994176430162
54,0,6.170565377830857,0.622024988431391,-2.4847138393657597
54,1,1.6535719043879706,0.38814635113760404,-3.329541134731328
54,2,6.004726337375461,0.38422261207149755,-2.3262379212492643
54,3,7.627098372784094,0.18158671601080628,-3.1461400756610605
54,4,1.252239874632771,0.38814635113760404,-4.106192986169338
54,5,7.5851747082741205,0.33471921279064376,-3.94271920862268
54,6,9.516075265004734,0.38814635113760404,-3.459016758351678
54,7,2.4429109662327333,0.4433171602384368,-3.7460517027983933
54,8,5.92902886507383,0.3912718143996482,-3.348472257550843
54,9,3.8197219158999256,0.16200825795422713,-1.9478054363858608
55,0,1.098375090513506,0.205229323644397,-1.669734575408789
55,1,1.460135370107052,0.23100861522713162,-1.7470700421804082
55,2,2.251988463339143,0.38814635113760404,-2.936277530686052
55,3,5.8692792023801195,0.38814635113760404,-3.6673744212757264
55,4,2.560199105463139,0.16403287062182578,-1.684663214743943
55,5,5.356766186689384,0.2704828481074055,-4.378176556567006
55,6,6.126830948435837,0.6249282126773863,-3.5713433314014207
55,7,7.896467617197917,0.2965174671289865,-3.38120223882712
55,8,0.9327838935137617,0.38814635113760404,-3.0113182605103495
55,9,3.791832155887478,0.388146351137604,-3.9775650979184007
56,0,3.865227776007091,0.17698930082817152,-2.3213913013571648
56,1,6.519526027527735,0.33389557761915223,-3.405744796706789
56,2,5.935073035559237,0.117973018756862,-1.6984127153760868
56,3,3.819721915899927,0.3912542509369144,-1.7211958724648924
56,4,6.242519558164291,0.3679777733367498,-4.709454772248477
56,5,0.18097870530037105,0.5635947439796006,-2.0502220231273816
56,6,5.2824225277853625,0.611945465215424,-1.7346104552695334
56,7,9.999940391986222,0.15460190778701585,-3.6128607860983584
56,8,3.9006674126051455,0.5036682755526491,-2.2366336633622845
56,9,7.9718088821679345,0.2437072977247918,-4.185656069508014
57,0,2.3530855397549617,0.2027056801846316,-1.7883863713053276
57,1,4.056111281196951,0.08145927224978489,-1.496993406374761
57,2,9.999952789786025,0.6206834513756792,-4.160168040912765
57,3,5.583832825158822,0.2911241535427237,-4.364935462220479
57,4,3.095779906265552,0.47858897432632935,-4.398865635019241
57,5,4.014199242448002,0.3897476425874934,-4.223487979934145
57,6,1.2032200069370735,0.5294608945209939,-3.736516484312952
57,7,9.99994039198622,0.6179473027122367,-1.273981960190639
57,8,3.823621008066359,0.1590033631496907,-1.862952738888564
57,9,6.921661677744592,0.2540188045960064,-4.368625740462628
58,0,9.99994039198622,0.8016202467721713,-4.1245060994956235
58,1,8.941137771113604,0.5365558387137428,0.9374439799103556
58,2,9.99994039198622,0.6124190983251588,-0.045424148697221334
58,3,9.774833325982401,0.764294164142978,-4.642815038887092
58,4,3.8199051241348005,0.6101590133898463,-4.848526902549587
58,5,9.99994039198622,0.6799385273484619,0.9723859760925224
58,6,9.999922751724426,0.6537228636826865,-4.99997799752484
58,7,8.545851498500951,0.6046400443391035,-4.823823262420843
58,8,9.999940391986218,0.6806641922893157,-0.4823122748593347
58,9,9.998955381217922,0.5666634028926001,-4.999993124908636
59,0,6.174451628295737,0.17410678110838868,-3.1531320186619363
59,1,9.999999999999924,0.07304794766911334,-4.411660535941303
59,2,4.715448836393909,0.6738773421076227,-3.8022464385560184
59,3,0.5899115780140569,0.26669909950155113,-4.599743516157709
59,4,9.99994039198622,0.38814635113760404,0.3475966608730534
59,5,9.99994039198622,0.38814635113760404,-0.6598405186484397
59,6,1.6536009281546336,0.1959462545248841,-4.54799938289829
59,7,9.999940391986222,0.6251070934430389,-2.325951926806205
59,8,0.8718715116984492,0.2692031317730031,-4.6163308793050915
59,9,9.999999996349398,0.07014911965251265,-4.416139425696356
60,0,6.656154868753627,0.6210405309531145,-0.7141029280193831
60,1,0.6086870589753471,0.2662532830423464,-2.6606760021220155
60,2,2.567295227557404,0.388146351137604,-4.483405969235003
60,3,5.8566852725620375,0.8321931474510761,-2.7182947863296607
60,4,1.8771279439650401,0.14360928827280825,-2.5365394113456348
60,5,6.898174161395658,0.8299123491555398,-1.3852374915272185
60,6,1.3406375834759825,0.1769152876657466,-2.5760185865255907
60,7,8.010882333779264,0.46298022985714365,-2.631571727285658
60,8,4.153167733969821,0.04882154901927556,-2.4383401168574173
60,9,9.99994039198622,0.38814635113760404,-0.8967601701644794
61,0,3.7984510644092646,0.2536312230064036,-4.09567525201138
61,1,9.99994039198622,0.7245688587634966,-3.134320969568843
61,2,1.037034563808768,0.20601818717102602,-3.5889848841292893
61,3,8.726916763479112,0.08892439414843176,-3.492369115464146
61,4,0.2828747362154047,0.3867109225425636,-3.4914923736992254
61,5,9.99994039198622,0.621173254995108,-0.7420089250764272
61,6,0.7830525759873698,0.2577912754244375,-3.646866338380662
61,7,2.0034713299307985,0.1674095192573861,-3.5586160317434152
61,8,5.756987309206064,0.16113809551410663,-3.698585244045135
61,9,2.1775887071377578,0.621903030451366,-0.5954122288033563
62,0,4.0890096215789455,0.12122653996644828,-2.003780778852641
62,1,1.4276806379128737,0.38814635113760404,-3.382650021271517
62,2,3.8197219158999256,0.38814635113760404,-0.5203752061067997
62,3,2.875212534960016,0.38814635113760404,-2.326352209699256
62,4,6.282842258962889,0.13550904874496467,-2.093258581459339
62,5,5.831689110274171,0.62139463022577,-3.9806650867874804
62,6,1.5474604608417701,0.5201585715852979,-3.3477791855233354
62,7,5.972949904502705,0.37637441902994223,-0.6734572775173364
62,8,4.48422631705981,0.38814635113760404,-2.326140765082672
62,9,0.40271706094677595,0.2828445502887172,-2.095868985397958
63,0,2.598859684988043,0.5359264163441806,-3.9645626335530797
63,1,2.378867000051315,0.5742569799638733,-2.1000132902565505
63,2,9.999940391986222,0.24406877251686152,-4.031963659290014
63,3,6.208969052283061,0.6210753058462866,-1.9077903623134396
63,4,4.145805317489828,0.13626173637989766,-2.1611179421958164
63,5,8.39519551742576,0.38814635113760404,-4.1065331819054105
63,6,2.8783960612959127,0.7652356354476213,-2.32732830959479
63,7,8.144531826884696,0.38814635113760404,-3.979180451159118
63,8,9.99994039198622,0.7693672660901986,-0.2814327313341962
63,9,6.246143280733497,0.2997052118116812,-2.1408637383466598
64,0,9.639451238886974,0.36704924120065474,-4.985959594550559
64,1,9.986697758355588,0.1028545996259217,-4.961077512000099
64,2,7.811593212124831,0.11834305250623131,-4.980064914694703
64,3,9.99994039198622,0.6218536488623959,-1.4363575173656034
64,4,9.999940391986222,0.38814635113760404,-0.6677358612561735
64,5,9.999999999999462,0.017811550480742344,-4.9078887854301785
64,6,9.611303590842727,0.26447928209556026,-0.6782772389195992
64,7,7.036688244453565,0.12377629840261467,-4.981226552557988
64,8,8.549503675679981,0.4042141477083762,-4.811255614318423
64,9,9.999999996961924,0.09791710160421731,-4.920355491586071
65,0,3.9132477156891188,0.09741876682543293,-1.478709270974805
65,1,5.994713087943823,0.24467920205864202,-2.0577397054457767
65,2,2.463569555417378,0.40210460046997676,-3.9936990494210693
65,3,3.819721915899926,0.1461750020334152,-1.8255509635118825
65,4,7.19355488008753,0.07872759754329667,-1.4822295506107384
65,5,4.336677193888881,0.42535879794925957,-4.333993135279329
65,6,1.4488376910452843,0.2812846255360508,-2.259725058764801
65,7,5.438894733385723,0.6218536488623958,-2.3260079428377005
65,8,2.9865997309673844,0.4858166479319035,-4.1633287509587085
65,9,0.9004175321548229,0.38814635113760404,-2.678930494354929
66,0,9.165481212829357,0.055600671200556756,-2.1236732360176362
66,1,0.9441454997117171,0.38814635113760404,-2.9634534122953506
66,2,4.3875954527292915,0.4774145954495836,0.35985316152765146
66,3,4.118393971914429,0.3433527878555259,-1.9271853966285606
66,4,9.99994039198622,0.38814635113760404,-1.2102538824424927
66,5,0.5073028336860496,0.20851632410351767,-2.2708496969923355
66,6,9.99994039198622,0.388146351137604,0.18934781861697325
66,7,5.7713067168270955,0.15312086094679514,-2.636286712389908
66,8,2.1364050399244836,0.730177171315886,-0.6737620787507366
66,9,8.679394582732531,0.38792649198315177,0.3476333976581265
67,0,9.99994039198622,0.7717160238436902,-4.382383231302193
67,1,9.99994039198622,0.6543702636189048,-1.695163011757216
67,2,2.369000228774276,0.36398537280739185,-2.0851892517344206
67,3,7.5560660955091175,0.38814635113760404,-2.337737238162424
67,4,3.696703912868628,0.2983395290745703,-3.772551392918626
67,5,1.2033922637806498,0.24876759334496695,-1.8440323083003596
67,6,5.024456819864037,0.3881463511376041,0.17346197674690988
67,7,1.4921037302113154,0.5255029643762199,-2.172451668997223
67,8,3.5858011223608557,0.6218536488623958,-3.574718733933943
67,9,4.884497158643,0.605585928154446,-2.3262379212492643
68,0,7.969607818430141,0.6218536488623958,-3.8346860348902347
68,1,3.864072220541849,0.38814635113760404,-4.342494544677301
68,2,2.2410262710062328,0.41754722612860606,-1.5093407332362692
68,3,4.1791926564610815,0.5585213770832969,-0.74390766399814
68,4,9.99994039198622,0.7833653170059265,-0.661910179827699
68,5,4.88476305929181,0.5529466545772386,-4.012576228962628
68,6,8.496365193230949,0.3314569544146286,-2.3229463143759608
68,7,6.310077663764144,0.6706868440133956,-3.373153915876782
68,8,4.613490749181045,0.388146351137604,-1.9375356934470223
68,9,8.54346244024095,0.6677366920948187,-1.7250913441364333
69,0,9.99994039198622,0.38485467130966994,-3.9788230039044468
69,1,2.523167336872227,0.4729763107481941,-4.878130672041249
69,2,7.418333801085918,0.3811279920363984,-4.477868482781156
69,3,6.179778726085884,0.3888389874189677,-4.999965819526841
69,4,9.999964854678932,0.010000000000066138,-4.999965819472791
69,5,9.999999999870214,0.0100368483087233,-4.999972633136698
69,6,6.5247752493640885,0.42664070950665495,-4.724367989734159
69,7,9.999999338534556,0.010000000000044007,-4.99996657330975
69,8,5.187116609637126,0.6176766239389785,-0.42051445940292087
69,9,6.834092426102746,0.42270323437030943,-4.742355631673795
70,0,1.305155001805793,0.19803280875995452,-1.593778368352974
70,1,2.0717079310584463,0.21936950125372245,-2.078384749
70,2,0.8842477492900863,0.38814635113760404,-2.231861422251402
70,3,6.928854519864697,0.33500953305242653,-3.41780979821543
70,4,2.844811791499053,0.10602826504397608,-1.6600741115469637
70,5,2.1966243388775792,0.17763774003597843,-1.2954996745187113
70,6,0.7115511674512401,0.3079650630571324,-2.001237522362002
70,7,3.3314222874905672,0.32280596227849573,-3.1869347265637757
70,8,7.265904019160949,0.4144067155487342,-4.494504582615823
70,9,2.6106856340147,0.25108417303545016,-3.2120355909370693
71,0,9.99994039198622,0.47741459544958353,-2.5825174485448894
71,1,8.54697371962641,0.4011704124590646,-2.2341485987742904
71,2,3.2959594726715773,0.1147587725980156,-1.6355032412766586
71,3,4.498129195144294,0.44829523983055075,-4.289409106333756
71,4,3.3360060715519166,0.38814635113760404,-3.815968981657683
71,5,3.2138424007446016,0.20478168523519252,-3.1663571862349187
71,6,3.819721915899927,0.7601066430249764,-1.7484593759123297
71,7,0.7233245213971566,0.38814635113760404,-2.229038693847543
71,8,5.923674866228495,0.42166402754530297,-4.274215925995119
71,9,3.487641437515517,0.383946914628502,-3.666807426395676
72,0,7.037708225803663,0.3881796882870209,-2.229969520794589
72,1,7.549285767200601,0.33221569647720456,-2.4095103909932165
72,2,2.8681684969690457,0.4732866838351149,-1.8856744394745715
72,3,2.921834667002524,0.4068819484543359,-4.310865161676947
72,4,7.03021980622148,0.12105790613402567,-2.418562472350492
72,5,9.42001913837396,0.38814635113760404,-0.6738242408038728
72,6,5.639656125730023,0.38814635113760404,-2.5116280581011976
72,7,2.5184399816208636,0.38814635113760404,-4.275814229480105
72,8,6.757660794641284,0.3885851414778241,-2.6522795775964605
72,9,6.794414953122243,0.24465485182681218,-3.737546287001621
73,0,1.4519449987758617,0.38814635113760404,-3.9328103865693635
73,1,5.910187939132679,0.5877562136512492,0.36904404631822807
73,2,6.190431304065713,0.35636369982524296,-2.0328303786977613
73,3,6.143095126443988,0.47658289571082796,-2.7158996802802746
73,4,0.7346563978313951,0.5356501989120057,-1.5400704782113186
73,5,4.164924394773862,0.18269127742890034,-3.3618460777011636
73,6,6.681926966074387,0.7662927022752082,-1.4650369075893839
73,7,2.3307930516637003,0.6215448950346654,-3.346620511650892
73,8,2.820710905662907,0.15549136241883832,-1.678623145727053
73,9,6.396888408060943,0.1261076678617863,-1.9148178945260521
74,0,6.352608630999069,0.44031573934092083,0.9740210655061285
74,1,4.120426103975941,0.5062892383766435,-2.1964311729848927
74,2,6.011044049832658,0.38793456378309055,-1.1206998441176323
74,3,4.290725986109694,0.20480191854523744,-3.052680890938359
74,4,8.919654416218727,0.6774730307784756,-4.034283800551207
74,5,4.096214384153335,0.12847452849017807,-1.5803676039560262
74,6,2.1181509595623753,0.7662593604652203,-3.9817926075713963
74,7,9.999784336180143,0.6248738257587501,-0.7066533630471669
74,8,9.999940391986222,0.2992207859636148,0.3525932973260375
74,9,4.097132162557047,0.22491920442057556,-3.2737768904915003
75,0,3.7973082897540644,0.6233196641069251,-3.3349636795591886
75,1,6.4871185593303355,0.7718803792916897,-0.6737620787507362
75,2,6.638902750370494,0.4946146028316525,-3.3080218181649066
75,3,3.650806778792025,0.050293390215000455,-4.999937229820889
75,4,6.18397414139579,0.38982825766153406,-4.94236172395507
75,5,9.853644677583132,0.6218868496075478,-4.74002929386817
75,6,9.99994039198622,0.38814635113760404,-0.6744485620184779
75,7,7.66060276015172,0.3945551745618395,-0.6705353798458448
75,8,7.626762664139799,0.6624430805913633,-1.5733227556172364
75,9,9.99994039198622,0.38814635113760404,-0.34729951842373374
76,0,7.350904086415811,0.29887810682562455,-0.6737620787507366
76,1,9.99994039198622,0.23876168411914778,-4.4674756671169735
76,2,6.701804392891143,0.2161254957972626,-1.609175661443007
76,3,2.3670931439466534,0.4469394974433914,-1.6801873074006977
76,4,1.9244320448813048,0.38814635113760404,-3.3443192778402837
76,5,7.707746542337417,0.3658425200977786,-2.716194645184661
76,6,1.3192895462206566,0.3434435513703044,-2.2045748435543273
76,7,3.956301261728344,0.47450746511924274,-3.0972896499343516
76,8,4.351628382627633,0.26643369366235464,-3.380691599572038
76,9,9.99994039198622,0.18895172627017243,-3.738238370043048
77,0,9.99994039198622,0.010060883796463013,-4.999965819204078
77,1,5.125451038850485,0.6830653118567976,0.4896934648619773
77,2,9.99997975300743,0.010000000000026186,-4.999965819240691
77,3,8.830590048938644,0.6250995522463813,-0.708895343908321
77,4,9.999940391986222,0.8000453674038949,-3.9307755993724953
77,5,9.999973284992329,0.8891653424439637,-4.999976376377264
77,6,6.9300494364873755,0.7659192912221965,-2.958320308268614
77,7,9.46177887520285,0.633045899681862,-2.349846828045036
77,8,9.147904371894564,0.917462109196113,-4.492594210164661
77,9,9.999999990942648,0.01000000022857269,-4.999965819297044
78,0,0.42988372414803416,0.282285403790802,-3.7527327832642237
78,1,1.2978959057793529,0.15951024687481521,-3.6364758189957356
78,2,1.9550992022230345,0.12953119236496172,-3.601378649222622
78,3,0.2561727570340174,0.35745051281498424,-3.829158168436547
78,4,7.824701800815701,0.06657290126410864,-3.545186706926672
78,5,7.737699293676302,0.38814635113760404,-2.3262379212492643
78,6,9.999946945606869,0.7885526198608178,0.3470070324300685
78,7,3.2550343231372816,0.2697061805230194,-4.33884135340295
78,8,2.767683869202966,0.1097256338811891,-3.582138057633091
78,9,0.20736533145119296,0.38334007114487123,-3.54619293206896
79,0,5.302105758840736,0.40193372890749235,-4.609936742483931
79,1,7.722780473950843,0.24347051226405828,-4.50365023186778
79,2,2.6848142792110097,0.010065445891738384,-1.4997836848400703
79,3,3.819688525913328,0.16757264505752256,-2.085731029048834
79,4,3.5628043334883763,0.17532963427413953,-2.129932406851301
79,5,9.99994039198622,0.2023355987539875,-4.197727496206492
79,6,1.9558188665231229,0.6218203089011498,-2.3528992079618
79,7,6.265660757071915,0.47741459544958353,-0.6558609975885856
79,8,6.668267109200635,0.38814635113760404,-4.360449101864342
79,9,8.033565292868968,0.05909826226481312,-1.1459383728883832
80,0,5.616608876751897,0.3882219119880783,-2.331636157067128
80,1,2.3123495493090878,0.11282506537159893,-1.4796495877625315
80,2,2.4554596358735603,0.388146351137604,-3.926967731543174
80,3,4.233613483823557,0.5184428769871934,-3.3460500373098006
80,4,1.762151824963139,0.1891278988432741,-1.6973394573834235
80,5,4.404131418649275,0.3829269667214978,-1.6224485774524928
80,6,4.084231568053465,0.388146351137604,-2.9644341704623294
80,7,5.38706970068976,0.11481381351840314,-1.6911723740707272
80,8,7.560867387240241,0.8397018652257895,-2.308243427133892
80,9,3.9022723067114726,0.17892141470177353,-2.3327360172837057
81,0,6.274912195034837,0.38814635113760404,-2.3259767106823057
81,1,3.698224406398542,0.6268648822317126,-2.3240938553511277
81,2,1.593643232262614,0.38814635113760404,-3.4549995974353567
81,3,9.99994039198622,0.39312109989083904,-2.327558653307905
81,4,3.913424103040754,0.3539517067207298,-3.3330280789859126
81,5,3.837018428937788,0.14815870359004302,-1.5960321635247936
81,6,3.819721915899926,0.4234181652254965,-4.119413728485753
81,7,6.778855272551607,0.2551034629609089,-4.1175706317586975
81,8,6.291710288960544,0.4004446063975658,-3.947125367672465
81,9,7.23965195584983,0.2908287942573991,-3.026634281256169
82,0,6.201628272748749,0.388146351137604,-2.0852208394034255
82,1,3.819721915899926,0.6320709981794291,-2.054694749613878
82,2,2.4389589554359357,0.6196041586621277,-2.9222525363110936
82,3,3.441235910618349,0.15975202370214708,-2.110137442068945
82,4,6.1233559934418835,0.3947707306749629,-2.945861816725646
82,5,2.271393498912344,0.20316490353880418,-2.1643022603928777
82,6,4.712978688624063,0.39928143363596647,-2.824042373851209
82,7,2.2549016342028367,0.19663634979693434,-2.143742691713605
82,8,3.6068282972514623,0.38814635113760404,-3.3475241575014723
82,9,1.9966429346093297,0.5798914188517081,-3.3037743526263457
83,0,0.5627591126972905,0.3234254815670578,-4.238686527260225
83,1,8.54103425230022,0.341232159253546,-2.3095792412515848
83,2,4.883247710422304,0.7458293383044482,-4.045310218945993
83,3,4.673395400097434,0.5181535427404763,-2.3292043653253955
83,4,4.1520425122942575,0.7682529909094952,-4.018456416735809
83,5,4.878283089635675,0.38814635113760404,-2.9506169834178495
83,6,0.5671752728073544,0.3238417353347856,-4.24551314320077
83,7,9.66116403286326,0.9116655469994807,-3.5912126535704805
83,8,4.708390094236857,0.12366296502291688,-4.119417322270422
83,9,6.186253064653136,0.5139909752919114,-1.7002136196826276
84,0,2.9563133613057233,0.38814635113760404,-4.268879510350708
84,1,7.302241201273498,0.38814635113760404,-2.688314672248041
84,2,9.99994039198622,0.24191884101490718,-3.99226609422652
84,3,1.0537827616761566,0.6223399638339792,0.3344672980000496
84,4,2.3825481241084954,0.23117583453670246,-2.7447642797294933
84,5,9.999947875988271,0.24374063422431907,-3.957150416561332
84,6,9.99994039198622,0.47786316826483044,-0.6792359387631163
84,7,9.99994039198622,0.6217983410527117,-2.9584683287400466
84,8,3.34548867127001,0.4958200747740188,-2.4047858090058116
84,9,1.6219208337016493,0.5311509146498585,-1.884680709195244
85,0,0.9412909855675929,0.21389624241231445,-2.391788464918626
85,1,5.731255094944689,0.08908975735573738,-2.2808341459725168
85,2,1.2944329599202635,0.1919410810060272,-2.383423171406818
85,3,2.6124427405913666,0.10325488869110065,-2.28745944600257
85,4,6.865011329486992,0.3859719957624983,-4.002951877436586
85,5,0.4682552744365945,0.06444905572691992,-2.3110488005145156
85,6,3.983607904056554,0.30747393474338336,-2.933158026821448
85,7,6.165453471055054,0.38835646185736783,-4.132750321109941
85,8,9.99994039198622,0.3024739475234743,-4.036198734300105
85,9,9.99994039198622,0.6301697800265625,-2.6558858501545504
86,0,6.106107599169554,0.6402138446219621,-4.919749483267917
86,1,9.99994039198622,0.6129406826748269,0.3556857022575537
86,2,9.999974289380718,0.6169950768593584,-4.99997353285215
86,3,9.999999989921202,0.010000000164780256,-4.9999658203638235
86,4,9.99994039198622,0.621127842800897,-0.4310613527667755
86,5,4.336787412500949,0.5077998359205971,-3.9862995918912083
86,6,9.999999983307754,0.010000000167396593,-4.999965819281395
86,7,9.99994039198622,0.5654777952963872,-2.3262379212492643
86,8,9.99994039198622,0.5866080405226255,-0.5108447374470675
86,9,6.737104458765998,0.6069485784554993,-4.675696318360066
87,0,3.8135586911316834,0.06880224819038064,-1.7140185726731394
87,1,3.4796641486975615,0.6218536488623958,0.31561739524339405
87,2,2.734271304977483,0.1295035848830505,-1.920174445031306
87,3,3.8197219158999256,0.6218536488623958,-0.6385537315557244
87,4,4.9775992713038875,0.38814635113760404,-0.34066730292265257
87,5,3.022627712404039,0.38814635113760404,-4.117266475078864
87,6,4.047552559025402,0.3881130128551828,-2.2917024330806415
87,7,3.819721915899926,0.20055813012052698,-2.486971014389708
87,8,2.322682809068684,0.13407779695047142,-1.9037484140136958
87,9,5.5835304866766196,0.38817968853024065,-3.9770166182368523
88,0,9.880548565330765,0.04376965334230524,-2.98450250278455
88,1,2.967309019346398,0.08359361478178905,-3.0381283025140595
88,2,2.4085800586792194,0.08908239072219767,-3.036552898544897
88,3,7.917439588156475,0.3728345987103363,-2.3268157242856207
88,4,0.6282327012385502,0.2572523220784,-3.188034311821104
88,5,5.968382307485614,0.38814635113760404,-2.1443972511235057
88,6,1.0159554625781106,0.1243908199291245,-3.0642966681125983
88,7,7.066446257414694,0.05118196543941488,-3.004415375699741
88,8,9.99994039198622,0.24884394490058354,-3.337534611985926
88,9,2.6862822551616348,0.08486446176819129,-3.0281187998065446
89,0,0.9470307848127439,0.2712925735779667,-2.185627667480339
89,1,9.99994039198622,0.2638399682372162,-3.9787660310132384
89,2,1.6614364823025154,0.6257429926303818,-3.978713763747792
89,3,4.570465552099982,0.13194333325090074,-2.1050468506836184
89,4,6.231058567596469,0.1469009038657122,-3.0666915350666146
89,5,3.6907303379660465,0.5325854045504163,-2.3819169412822685
89,6,2.313499918491042,0.38814635113760404,-3.470785253156609
89,7,1.558416779020354,0.2600130030070943,-2.772148911245838
89,8,3.760311870288957,0.1974667431773007,-3.1979238300525052
89,9,3.6689963781265162,0.5491993961538306,-4.2331109407283245
90,0,9.99994039198622,0.6164318694800884,-0.06776060579192045
90,1,9.99991827782837,0.010000000000034167,-4.999965819269217
90,2,9.310770031297466,0.6088513449271911,-4.930238616124143
90,3,9.99994039198622,0.38814635113760404,-0.4993170459125533
90,4,1.7619195825261829,0.010000002133614752,-4.999978876127899
90,5,9.99994039198622,0.7714725195958905,-2.442585511420236
90,6,5.261596405575479,0.6121051809981851,-4.999965821537625
90,7,9.999884408359648,0.6299397584118113,-4.999993869192462
90,8,6.263159058048515,0.6112560597931359,-1.0988695321447737
90,9,9.999940391986222,0.854388722073443,-0.6738622594610728
91,0,7.407344370991206,0.4123679358070745,-2.976172231795047
91,1,2.6109354388833674,0.38814635113760404,-3.978680401686212
91,2,3.442309560155097,0.38814635113760404,-4.143487743852985
91,3,5.024376371620395,0.35351546884960416,-2.6053112377983796
91,4,7.603835400209192,0.28556359983938795,-3.9587484278229224
91,5,7.779124271659746,0.2424981406402632,-3.4845990230218313
91,6,3.7387059037713835,0.5878298993154627,-2.5105933204856163
91,7,4.284141428419094,0.38814635113760404,-3.347968782231575
91,8,3.7964013403696484,0.4741920688398318,-3.3474877218685997
91,9,5.065563430137408,0.33386478231736094,-2.326304417503696
92,0,0.8286082281062919,0.17954402862324098,-1.7831832234151428
92,1,3.8166688969521156,0.6192805712953177,-2.7163345512551524
92,2,7.210755224570499,0.09345192949817281,-1.8372257109863461
92,3,8.54853173996571,0.6116757844376524,-0.05092743470637995
92,4,2.2743050237126115,0.16979796758846086,-1.5097233244268569
92,5,6.654706831169732,0.10385897173710601,-1.8813910816359556
92,6,3.9806551734736266,0.2863566256580643,-4.498672009608871
92,7,9.094535170773721,0.5668967056514392,0.13767286155975178
92,8,3.8200708672905974,0.27004510581736246,-2.148092059593554
92,9,4.682442668738226,0.38814635113760404,-2.3262379212492643
93,0,7.562654416916844,0.6143604566016899,-0.04844256440658734
93,1,0.21138471993687902,0.39304337565468656,-2.0936968015959563
93,2,9.99994039198622,0.3751222898161435,-3.991186591551804
93,3,1.4590657476997795,0.3043757365282399,-2.5902491032848145
93,4,0.3358694015653506,0.3552068137369195,-2.2947131455759613
93,5,8.406519631575666,0.5928218180955084,-1.2984046576873687
93,6,1.7836891074733865,0.27964223499131835,-2.597171653508797
93,7,5.3469626839445255,0.23319736104966404,-2.5478417337901638
93,8,6.5878519801173585,0.33084569083213944,-2.325597724998401
93,9,6.048483812407716,0.6148941776722568,-2.063220673882522
94,0,4.491930742589424,0.7703943349119929,-2.013430004031666
94,1,3.7331456041897297,0.7597397874252638,-2.3622707233317355
94,2,5.825366563483252,0.7037013673518605,-0.5937936892310596
94,3,1.2391212530305467,0.708389564133354,-0.6850420057595078
94,4,6.713201305337591,0.7666115557745251,-2.475208235551216
94,5,4.91973579862189,0.7161717416795927,-0.5788951750493709
94,6,6.2054118973033185,0.784602115169192,-2.213294704751945
94,7,6.910827326837717,0.38814635113760404,-2.06340560490284
94,8,2.9193656496376326,0.423558139674319,-0.6957267761543189
94,9,6.1023949052727335,0.3805456113846255,-2.4752415750147216
95,0,9.999999983968216,0.012645886991514687,-3.4170185422392083
95,1,0.377050068372311,0.21028692504330715,-3.5808893264014188
95,2,4.512453635395729,0.40051014230058085,-3.4508574995912182
95,3,0.47049401408229624,0.19058864100529044,-3.57249102671616
95,4,6.352661644687579,0.18463525842643824,-3.91469686603128
95,5,0.4605684193364151,0.1654100998304343,-3.543420756053139
95,6,6.781285147794742,0.38814635113760404,-3.925142109385871
95,7,7.379503134353827,0.388146351137604,-3.912719633550935
95,8,1.3748869047994972,0.12489906305753994,-3.50736074272315
95,9,0.5645122919941845,0.16643220134177023,-3.53629026158222
96,0,4.896734821978555,0.37362010480946733,-2.4539303036988644
96,1,4.319948834354808,0.38814635113760404,-3.860609202634922
96,2,7.435254966214272,0.17274759677874446,-3.6758471309125365
96,3,6.307533867206972,0.3638586590404188,-2.4268736085760834
96,4,7.169877202512309,0.37558634923035156,-3.978604523591137
96,5,2.680138008139126,0.38804226599481956,-4.667324998113404
96,6,3.8870133806615508,0.3016036102514645,-3.3147997088397227
96,7,4.097877730862814,0.17676429552471584,-2.5200998965263497
96,8,3.819721915899926,0.1190441150769117,-1.8280613595480741
96,9,9.99994039198622,0.6249282126773863,-3.9870174527752873
97,0,1.2823074082924972,0.07197723762679967,-3.152574153455466
97,1,9.476752474370727,0.7602843289131664,-3.12415696146803
97,2,5.534159188931695,0.9336504634157781,-2.0826117600508933
97,3,3.9086593834668673,0.782169443004544,-3.3543494027840524
97,4,9.99994039198622,0.6218536488623958,0.3475241575014718
97,5,0.3276344025380839,0.1514374694039228,-3.2203838966484497
97,6,0.7295515056445097,0.10927371840944974,-3.183024941795194
97,7,2.90606556970516,0.04864283305775049,-3.116958209903886
97,8,0.10771874895371703,0.3662939777079435,-3.1052354189468807
97,9,9.54702715586373,0.7650683502369529,-0.6641529435481264
98,0,8.046400539134357,0.3278258889885737,-3.3475241575014723
98,1,9.999999990625803,0.05152408537805632,-3.2017439298695853
98,2,6.116268644794711,0.13795428210742966,-3.5053723745203365
98,3,2.4302326159200986,0.17451855960752105,-3.397282957479275
98,4,1.4014483138943405,0.1399325993163589,-3.2823841687384707
98,5,4.738761171961671,0.07408058299820927,-3.2334887407870743
98,6,1.9259048765216453,0.11764779490047107,-3.27182611711196
98,7,9.99994039198622,0.4132368250477171,-0.22675111745436505
98,8,7.213660203781456,0.45545158694908877,-3.090737060182884
98,9,3.6010073006996963,0.7686414600286997,-3.170642458912976
99,0,3.3415559893085724,0.19780963757643802,-3.765986063516638
99,1,9.99994039198622,0.38567088387617576,-2.5764485666143115
99,2,9.99994039198622,0.388146351137604,-2.9989107130406665
99,3,8.453309237671363,0.07792677616636602,-3.4421530305123023
99,4,4.867428229189158,0.19002147847269785,-3.7468518044992445
99,5,5.690609156049514,0.38822446158423346,-0.6732993300212733
99,6,0.8941565219543347,0.2588615048817031,-3.6136987039993254
99,7,0.9809656626177232,0.23900445866479977,-3.598402908847702
99,8,6.130259701556019,0.15947458663090774,-3.6618549567166734
99,9,9.99994039198622,0.6362533451116538,-3.978932244061102
