simu_idx,session_idx,delta1,delta2,hrate,nu_p
0,0,2.388537168256553,2.431233363666891,0.2255048348782806,4.795665097309407
0,1,2.795540384553248,2.4061124519877377,0.24631686222376653,4.937258253115851
0,2,2.29599595516441,2.30106563004634,0.23949417956575375,4.849872869218931
0,3,2.314158985798054,2.483255572441969,0.2502000237413394,4.850942847180141
0,4,4.0430189743678895,499.4999997802138,0.1728432443146704,4.869405164704612
0,5,2.9018650666826034,1.3540913159948218,0.23197426094529103,4.9285842464836165
0,6,2.5409963242573728,2.6662949262010596,0.2650018656865385,4.97800124290147
0,7,2.6503165069705705,2.3217897900909223,0.2491116648071631,4.955506565708638
0,8,4.269616088619686,499.4994704159944,0.19298744118265085,4.980568263417033
0,9,3.928148192371971,499.49996853069456,0.17429293283788888,4.879534054916654
1,0,18.246580936380838,193.03261078029496,0.1297107254045113,3.3226088690027566
1,1,20.260539743350826,499.4970285704068,0.08487992447337711,3.175682275446856
1,2,15.413147879097558,115.3778031435981,0.1272428668710032,3.2140658745365944
1,3,14.289756810978284,228.86926601826664,0.09585026241713746,3.041295014643123
1,4,15.449117599235725,170.68997310868505,0.12623058563321407,3.2178539760017846
1,5,49.548323880586686,499.4999991053695,0.025666274795137042,3.442093260982481
1,6,26.426774496791857,419.33521725560144,0.0870501709444272,3.3622470230057733
1,7,84.03082615422252,499.4999999322454,0.0047911772281198335,3.568442736617363
1,8,16.979197194363227,230.97821130817275,0.09815263935192632,3.152406458402749
1,9,5.168622324168727,26.769796994308315,0.17245976142459796,2.6576032228470465
2,0,4.357078996515635,499.4991875886199,0.011024067412943395,4.247277079334001
2,1,4.474748203460099,499.4931725413702,0.01625994368790768,4.389454293509347
2,2,4.102698475551449,499.4999989022829,0.028680292017619975,4.840919289300684
2,3,1.9591001548251596,19.048367835888723,0.04464271680892652,4.986248020622335
2,4,12.42817533631924,499.4999995973512,0.012035703485237137,4.981567860528763
2,5,4.4112113408199045,499.43932637859007,0.013982054064474853,4.313601445579173
2,6,2.2831109477845097,2.5314570790515023,0.0837529443559189,4.9999616678125225
2,7,1.4896892571821487,2.9477720706256387,0.07036454916150821,4.989006837023694
2,8,4.448957463310629,499.49999959677325,0.037095733079492405,4.919524206699758
2,9,2.1725047736287446,2.4499894917079503,0.07917102713405864,4.970206846351341
3,0,87.73268509435574,499.498828152911,0.019830246144428795,4.943766273518945
3,1,9.868324778035973,364.04306128505965,0.18265824721570037,4.31235085928149
3,2,7.999955239301684,277.05536710929834,0.19071687520096942,4.201294795132334
3,3,8.362826049565522,144.50452432739914,0.1834282804567521,4.185059869199439
3,4,12.956052924472763,211.7034424119211,0.18872654854230203,4.474838777051221
3,5,25.80190781642208,499.4999999999613,0.13008247013541432,4.704559321613473
3,6,6.247139991508755,3.758494823737932,0.7285014894298774,4.999999115231186
3,7,49.446007143395626,499.499999759203,0.0403253869230632,4.800818629507815
3,8,6.750674318928127,215.34854638074526,0.17020386714658486,4.034329502767333
3,9,18.691730198500807,400.19727635018376,0.15402343088832623,4.6152383348768575
4,0,15.800634427405926,130.08790769806907,0.08909735863093832,2.9085406110775898
4,1,12.603391636858024,82.13469754283909,0.09445940783211017,2.768976225763036
4,2,14.41229734562818,77.81190500767669,0.09108658257152218,2.866271017648466
4,3,16.02916195370502,128.27162932360474,0.08389419022679363,2.878205106066222
4,4,16.49348502840075,178.04474809594055,0.07607460760218068,2.831504560843035
4,5,12.132192413037073,47.95244871249395,0.091537788478217,2.698878495377536
4,6,25.58889974910364,499.4887725028451,0.05993824082369455,3.1396765966790623
4,7,23.800187455625206,498.68519432977445,0.03887457945661905,2.961889517122113
4,8,18.28333143156325,318.6891473954707,0.05851197192552732,2.842098299820113
4,9,14.301667465845625,157.88695906233417,0.09209989281771186,2.822865603168271
5,0,8.793783741785804,24.05607071115199,0.06128221237477151,1.7789955533342063
5,1,44.507929528005285,496.3351360788709,0.058774738854602424,2.407902354174047
5,2,43.48414000954733,399.1366112915732,2.3807535641516585e-07,2.329068628765761
5,3,6.87930661479653,22.865027851108458,0.0903591261709257,1.736556438246269
5,4,8.28763860647149,24.536015283780834,0.06322554996852082,1.7519099861307568
5,5,5.380788981786303,22.114588832912805,0.07881581485745062,1.5008971865159526
5,6,7.128992055920755,27.992319740962486,0.07821206375090946,1.7029709166437828
5,7,8.35652081312592,26.83565565827768,0.07411842656050316,1.8065248693197076
5,8,6.0442667581709895,20.06937893249502,0.08939139464412196,1.6102072575765738
5,9,6.004533186990738,17.099487117282244,0.08283086342377256,1.58679754844528
6,0,14.996433927919925,116.03778109293907,0.1547212209761254,2.9255658852213693
6,1,15.162889073668573,219.5616434324439,0.10001988502734088,2.756981460342102
6,2,11.724555201413432,162.52276965142835,0.1148483489332475,2.691739966675307
6,3,402.15286863751487,499.49924306028805,0.45108684818040645,3.3127044563348775
6,4,22.99716249901291,296.33833483530157,0.0866682288909079,2.937456424850148
6,5,12.056161583467158,189.24762000627223,0.11550851304793831,2.6657109190005968
6,6,12.374831693509147,102.67142114856198,0.19680674588712602,2.9137377061988756
6,7,9.259559839686503,72.03477571605794,0.15416035161634078,2.6631056240924713
6,8,91.37207050590591,302.04676684726235,0.5195487031931912,3.350422043867263
6,9,11.586103980603298,165.59869257465033,0.15282791131562493,2.734197597449509
7,0,25.159021213102616,499.4874128222529,0.19467323908894102,4.2872347491922485
7,1,37.4792886593102,328.5145999945425,0.2460858178345435,4.519160365580577
7,2,86.8774880051729,499.4999999999975,0.0802442378247286,4.427455090856305
7,3,21.18423605713721,486.6417985786294,0.2297520666849238,4.255594626034457
7,4,45.83124311817076,499.49999987983205,0.23820903573464297,4.552624264048484
7,5,19.001431497909312,461.4109684812388,0.2102312067379073,4.201187456551553
7,6,16.670038837656342,309.49143977768694,0.260503539341449,4.236373602893558
7,7,18.03136845109847,455.05617474136875,0.20269375628340122,4.157501446673846
7,8,14.09239446053982,241.47530821738678,0.2235709830374625,4.060054742189021
7,9,47.77957571525375,283.13875227045577,0.26336901116577677,4.538579482449809
8,0,3.775623272346066,10.97812794718579,2.9054808537899307e-09,4.999955307589133
8,1,4.839760951553147,12.42005922408291,4.563922095811053e-16,4.99994342770303
8,2,4.878214923194937,8.639803799496494,0.009951915349241506,4.999874701564315
8,3,6.210403708190733,3.910730930011407,2.2799544863235934e-07,4.999942582284241
8,4,4.999482753822742,12.252886209152678,3.457586001673425e-08,4.9999640214084184
8,5,7.01157364079364,8.855440010109202,5.339568447494747e-12,4.99994506435538
8,6,6.872382312103055,10.020620264635529,1.410404036654233e-15,4.999946793459112
8,7,5.525031501200249,8.49761452492357,0.010375712888535138,4.99987912526414
8,8,6.253499450148217,10.140180855418613,4.989902549533562e-08,4.999948029688407
8,9,8.080320583364651,5.809791988763394,7.678576383585801e-15,4.999948375545502
9,0,17.262075796436612,223.42752994964502,0.01774621259306439,2.1006283350009465
9,1,6.593528138022421,13.005673088562054,0.052856382377005906,1.576124465501131
9,2,6.319439145179306,15.844874849581522,0.04489129932034198,1.428855078939794
9,3,8.497253531612447,13.56196881088984,0.02791137139693426,1.5757272262493895
9,4,14.80195266752168,118.11469221655987,0.029429017699194458,2.144901782919851
9,5,15.846398195260765,197.97246664373407,0.03176860303094711,2.191734012856699
9,6,346.79383216755355,237.1326778909682,0.2036194089697667,2.6021831380087193
9,7,7.243548394196699,14.755131503375802,0.04363931407874947,1.549062997077405
9,8,5.109839350730584,11.83382165495806,0.038746398623862865,1.1761844330308688
9,9,5.008637737292259,13.199190695468351,0.039855778785408545,1.180031120932958
10,0,5.247794790408741,36.88721755522319,0.0001879213477474642,4.999999989374217
10,1,4.730361916579844,24.33571091530071,0.0027399561903239736,4.999702323269806
10,2,2.9080539419946994,6.2629247208528005,0.0004198222188440513,4.999999975931318
10,3,3.230030664848523,5.917867774182717,0.00040644992808418727,4.999992716296586
10,4,3.699137450234588,5.60143563759018,0.0030062333695405133,4.999961677874532
10,5,3.8811517850375807,21.703625734034972,0.0024259970820413607,4.999944711057181
10,6,5.183088662836326,29.415972503658654,0.0019401483897693243,4.999897305667509
10,7,4.14248796239577,25.734020611770244,0.001534908636239032,4.991347718695132
10,8,3.057461515946705,6.124288503235703,0.00043279066102292716,4.999936719525692
10,9,8.36613466182791,104.41403209117269,9.989474663755799e-06,4.9999513531883055
11,0,6.659531601366322,11.316325311409475,0.0616915091336224,1.483905648946916
11,1,5.765396720694093,17.290070264443557,0.049620074663460904,1.3031145490518852
11,2,8.828815981027322,12.389514856128411,0.04925657774963416,1.6639569751517262
11,3,6.529154607541529,11.275070735502137,0.054140976063676155,1.4532406683583183
11,4,6.897634743537176,10.984990540780624,0.07741893505360435,1.6056892312140028
11,5,6.2001374764956,18.556979767647675,0.04540356018676,1.3016047465578064
11,6,7.320419357576578,12.353605732908338,0.05255213380941357,1.5242477299296964
11,7,6.307589559094071,11.187676762727014,0.05651523690782615,1.4180925681672794
11,8,6.5326863406404465,9.72089500756332,0.07167572487523707,1.5207778547843038
11,9,66.8007112870777,253.9187368941378,0.5555978647516929,2.4670251408525146
12,0,16.077549955279462,499.4987345565232,0.029227925508217237,2.26855711094868
12,1,8.40679095502643,24.82536427885198,0.041042057712891246,1.703892713415144
12,2,8.387134687931757,30.37103604707141,0.03930564964230719,1.6991219131266349
12,3,34.05098313076924,499.4999996367643,9.918471352710698e-14,2.440441074529444
12,4,22.477200676963815,499.4999998588798,0.008299823823482261,2.2482711053282523
12,5,8.346608817101883,28.195696527627604,0.04032112207732608,1.6870898545524053
12,6,9.410076014988682,30.521353275936416,0.044354639409348556,1.8391353240664652
12,7,8.252790415146068,29.330445340687074,0.05074638673677662,1.7798083239640419
12,8,8.659751139033554,33.62752679788794,0.04788799306158538,1.772882387202811
12,9,49.44451620828306,90.61168815243957,0.19576258890547693,2.6406323154628186
13,0,7.595666405020797,11.061630223378993,0.038301165884995575,1.513862614756428
13,1,140.32679929740578,184.24500800793302,0.06313215008088716,2.4098797696143235
13,2,7.396668576899807,12.706019121883187,0.03779145514999575,1.4635915933483037
13,3,6.988643550600295,13.202422366193582,0.03909801775941881,1.4158598403928664
13,4,7.296789552958119,12.65918906751972,0.03242068723348789,1.4261323928342713
13,5,18.401704281037688,364.88914938125026,0.016966442164308888,2.120724637628213
13,6,7.723966914587131,12.20137873146421,0.034902522723046815,1.491738754098818
13,7,16.24991139029731,147.46622214993747,0.027182986419440384,2.1638749813774814
13,8,227.3247215544656,499.4670463408357,0.25121528704804574,2.5343490165386635
13,9,9.05577179982535,14.631862301091148,0.03097303961789614,1.6048869498150673
14,0,3.1794248931596987,26.228540672425066,0.00440697721818812,4.998327867259049
14,1,2.429509976801328,4.861998984151189,0.0052706382317889554,4.999960909214851
14,2,6.618722376930484,499.48975134715204,0.00017326200405569638,4.999955171623534
14,3,4.592737469751602,28.33995274993885,0.00921318594629678,4.999950854949279
14,4,2.4527439740768697,4.812720082780496,0.005010286240631348,4.999961525413374
14,5,4.874443159068905,34.5561581320738,0.007317286810447075,4.999881960266947
14,6,4.962246333928139,32.054575666837096,0.006351509242867029,4.999435497110898
14,7,1.6815695110130002,5.3789544547957755,0.003157811994534348,4.999999999115232
14,8,3.006566198714027,4.17855671218434,0.004408879010339775,4.999958312645537
14,9,2.238351593067362,4.872826220625881,0.003788324313967184,4.9999452584482365
15,0,94.34139833094602,498.0443685708701,0.3744541634925552,2.764852442817531
15,1,9.099314458113456,20.949168059414795,0.04431903259560387,1.8156754024934034
15,2,8.974206414481243,20.05609578237318,0.04531389756959439,1.7981231526872794
15,3,8.916194891824869,18.797416880657256,0.038791373864130486,1.7696335172160105
15,4,8.46877624738439,20.563738036122484,0.039548711244044896,1.7276758413569933
15,5,13.773961243061175,93.5380592040027,0.02097723870569897,1.984159782390833
15,6,10.064773581168996,49.95302833476374,0.03152661437073147,1.8185832667117192
15,7,9.2556146517977,31.308833699908153,0.040594622816488304,1.78440032624889
15,8,7.348774117026243,24.438864743860233,0.04677038939825364,1.6293088093941634
15,9,7.635784775331327,26.026128237593383,0.04746668384614822,1.6690621602246325
16,0,71.20489343364854,336.9380710041853,8.027904384033668e-07,2.287869414408677
16,1,3.6563107732283453,10.414662111570644,0.07758399828962871,1.1675184364677835
16,2,7.530624771587775,29.067695632678475,0.04953066667999816,1.5659163213584775
16,3,14.367096779933492,38.19771562093331,0.07289742658357129,2.224185743555974
16,4,7.660716614728755,37.044889007923004,0.03969430562177735,1.5456564058382858
16,5,111.58006890480665,327.5105956815686,0.09865507587465122,2.397020351155746
16,6,6.340048422020485,17.943195708744835,0.0521663002017788,1.4474681029666772
16,7,9.636844285502594,36.67648471139651,0.04211428057164592,1.7718664486781026
16,8,8.026126659717184,36.4842077310895,0.03983353934331699,1.557216483021678
16,9,9.479004463597661,30.7078108308704,0.048223453680357936,1.7721836289833413
17,0,2.498119672612411,4.873932815627304,0.3010489656185452,4.932655868768624
17,1,2.8364738306595445,5.16582373583118,0.31021354483570557,4.999999932335176
17,2,5.477352930968161,499.4999367179327,0.21668955748787053,4.967671686780592
17,3,1.0104883881795574,5.755586299214137,0.245104624443481,4.694502326754193
17,4,4.468703499810603,127.10504685417119,0.21434100280188179,4.879117937282292
17,5,7.845158091786869,499.4999998268984,0.17580756623259067,4.9511880740722685
17,6,11.714124450717561,499.49999922509244,0.149373342580896,4.999952058461439
17,7,5.3461161075386965,154.43488507662948,0.2246268551028473,4.9830992172122555
17,8,2.8307256546785697,6.636177516381,0.31224393225751645,4.999999987938785
17,9,3.9655512391201246,205.64961679381602,0.10623132427823319,4.215397332331676
18,0,33.21780926563398,499.4999986536338,0.056681146624028525,3.5334500692224373
18,1,22.26673565384958,499.4981635555162,0.10034851080188821,3.3883066535175987
18,2,49.36025250672762,499.49999956729675,0.026361935017136694,3.569714986578017
18,3,3.3179249677671514,30.857678201078684,0.15322299029366496,2.489461597220814
18,4,11.554722112273508,105.96705937861414,0.14914861542711294,3.1391812314689127
18,5,16.892117646686657,197.2663815816547,0.17092725302698722,3.455232280155448
18,6,9.943688291669911,170.95685671754688,0.15090640647294562,3.091991454694193
18,7,17.676394242609565,267.0383346363663,0.1285362808681774,3.361780640514971
18,8,29.595315219707484,204.43619078340075,0.14485763189472267,3.68791140556006
18,9,45.60196589940369,499.49999974012695,0.055810954882816566,3.571459503680236
19,0,23.049899706911802,499.4973398126198,0.11047663490211031,3.256651633355406
19,1,6.914322700466944,44.015939552003715,0.2161251312654125,2.8750421695450012
19,2,24.122499534900296,499.4997320663607,0.11378192185445254,3.231506787557633
19,3,21.38349745267719,499.49999999840287,0.11505990058681563,3.240963622590481
19,4,20.881570210523428,499.4999460150934,0.08995718027826935,3.169728353574207
19,5,34.43600544901627,499.4999520702552,0.11249875549454894,3.435044901029077
19,6,22.906690946771395,499.4999999999459,0.12157575921352431,3.276126024891476
19,7,25.909504936238946,499.49999999980923,0.11256148491585613,3.2604287996887598
19,8,24.674746007569883,499.4999986536338,0.11030643057199159,3.270107153852251
19,9,27.53837520879011,499.4999999990175,0.09991286191581827,3.279056529715604
20,0,123.54563941828087,498.2577718757861,0.013152779733872091,2.389169081894427
20,1,82.59318067197273,358.2244778929121,0.6512344171564068,2.4389167591666885
20,2,5.005189962333536,14.65450035882693,0.04502246781524227,1.131811157230576
20,3,4.181033252244287,15.554261509041597,0.03940495878728405,0.9456449365684148
20,4,4.0369076925203835,13.056987993643125,0.054419880076977796,1.003670685405193
20,5,7.056929240956535,15.755152840943396,0.033938414798234534,1.349243717957292
20,6,4.8631625659753395,15.178137512777926,0.043207659287882956,1.0893835957464406
20,7,14.054400158251804,14.19952649215757,0.015982426922475333,1.7746767798015013
20,8,3.25321219723077,15.441310856869896,0.04515262457980461,0.8003057984065003
20,9,5.715495087368316,15.915483305429468,0.044322515896618966,1.240271918822462
21,0,18.465962110964735,117.0093968117047,0.26571271002725905,4.264151408030163
21,1,28.196756134132087,299.70970558519315,0.2147282453588259,4.343222507066768
21,2,92.47425872526838,499.49999998085826,0.14660323684632928,4.516628075180606
21,3,36.87107492183523,499.4999446077469,0.18526948619059636,4.391559859010306
21,4,5.604249374768746,63.49473180994884,0.27168033671129693,3.7934135425150113
21,5,26.614781640388852,381.3048556581418,0.2572062939125536,4.357454447696274
21,6,45.91409359595897,499.4999706658543,0.17940556741916344,4.499964901757362
21,7,33.61069554550197,499.49995993116954,0.2060059946409054,4.424018671802191
21,8,5.724738121331244,50.1550209257733,0.31115287391300644,3.862894388237246
21,9,31.458260030861695,465.78071054769424,0.20917102731529202,4.373639136390664
22,0,57.339911726010136,497.3170267845246,0.12639604502670326,4.991352744985313
22,1,499.47027155726863,499.4999999899675,6.49853245879377e-05,4.999934905079634
22,2,29.49822549449435,499.49999915002775,0.2322923185701196,4.9999389572229775
22,3,15.463946406647338,499.4999987117079,0.23279261743002064,4.893245524048579
22,4,7.757292502320085,65.03458845854334,0.46138126332679097,4.995130505143267
22,5,499.49999998411505,411.39624114337477,2.945444865340034e-05,4.999941074033447
22,6,26.313116129465026,499.4999992702832,0.1872143389246237,4.999960580022211
22,7,5.563380596687663,169.2841134531039,0.2853922902146259,4.538601302388486
22,8,18.112597193367048,499.4999986584474,0.1958496895512638,4.8136623441893835
22,9,7.5551090824572515,69.8062256771378,0.4064352263321486,4.939554754560478
23,0,245.4531942013011,499.49956647426495,0.31305207186477635,3.341311201642013
23,1,75.95962014934396,496.86841981825006,0.0008927023982647171,3.181097629650844
23,2,51.09025985639358,499.4999999999971,0.011460529865143072,3.1163698795599095
23,3,5.9530846262932595,52.37567425419464,0.12378362612547947,2.308971758858119
23,4,9.705472859725974,84.26157986936782,0.12293589185515386,2.66550780210702
23,5,21.475606970696465,131.40061728887986,0.1371357720690476,3.151742491982562
23,6,18.26181200056685,77.68516402736837,0.16234920761765279,3.167100648176844
23,7,8.87658982922559,81.8941414140935,0.11471726284576055,2.527491213704574
23,8,18.499610924040216,71.90804252894748,0.15926087152665858,3.174684578088674
23,9,7.2880644202852185,64.72239624297724,0.11919492318540346,2.428118970982014
24,0,3.2432244189207173,212.29732955048763,0.30245398631867243,4.999945213031819
24,1,2.682126107010531,4.2988847885023675,0.3377215814959152,4.985845192213177
24,2,2.804801547332843,3.3891938753675963,0.3546852273020523,4.999957541198399
24,3,11.367098453234584,499.49999917160136,0.18758091132798912,4.999959467108417
24,4,4.077491745917884,363.7638394139825,0.2585403758936474,4.949043647697782
24,5,3.9542529180417327,321.6259090562695,0.24990350762222652,4.933478114842127
24,6,2.7137144829205266,4.132803996083638,0.33736948711601494,4.992881112930701
24,7,3.6375415111444456,499.4999998904169,0.15185471033821188,4.465097016900019
24,8,3.8231094037095708,316.48108514001797,0.25079437901645596,4.895958829897318
24,9,2.4896699857613354,3.400876674048621,0.3208096688433342,4.883147239957767
25,0,9.197317530134768,56.23215766143868,0.05036267008422645,1.809765206662171
25,1,12.55142660870663,100.0087585163516,0.04141149390345182,2.02542504816608
25,2,8.683794977260412,46.53043141889003,0.04480933463758909,1.7718003511841185
25,3,9.564852162123216,31.472569637669405,0.04899391571945499,1.8613604164446025
25,4,14.789699859221399,47.549493358319786,0.06674775524650944,2.3638546677127796
25,5,6.319026374828824,24.792463312769573,0.056422748022971134,1.541392688340868
25,6,13.019965943885111,117.97236217906058,0.034764539669659554,2.042073376977113
25,7,8.504500726604675,62.333816275576204,0.04936939894743649,1.7570373630156664
25,8,12.616978827356338,158.29242077013672,0.02867974087376914,1.9216144693671817
25,9,8.20030297820622,34.53462680095231,0.05559308402086053,1.7715131299205813
26,0,14.629962976663363,231.36314178806728,0.048491645233208355,2.2740444913947395
26,1,13.875172895879631,196.01164506091877,0.06219037898634431,2.298722287025598
26,2,12.974689826368756,218.87195502316047,0.05771918019359254,2.20695789295574
26,3,12.342527438638202,81.35821160676251,0.08203049313786483,2.299250930747664
26,4,13.881511586925807,120.78363762991623,0.06511815676050714,2.348679793660558
26,5,12.417767714084563,178.65539725875746,0.057385311523182415,2.163178350170135
26,6,13.552085188381593,126.71383347508906,0.06363450976836382,2.278808757533813
26,7,13.188097441908049,233.60783723480603,0.05814285709120048,2.236853882680451
26,8,14.71361124924572,240.11304000303855,0.047082383649875374,2.2554274180592175
26,9,37.50684069362166,499.4997066668258,0.008331629096392297,2.614729740046478
27,0,6.040163076003835,8.99977811941722,2.783629503985125e-07,4.9999552967221526
27,1,7.326077508839384,7.70105614014343,6.914315125360277e-16,4.999942120273138
27,2,4.646139753218018,11.45243589512736,3.8860020706471484e-18,4.999955332377151
27,3,6.406773520879889,13.256467322687705,7.535482884628592e-23,4.999945133931529
27,4,5.238421151154646,13.800521072149824,2.390748521590487e-09,4.999947673245557
27,5,6.156454929096134,10.073328774573088,5.840534568325103e-16,4.999955304630939
27,6,6.32942048642371,12.635943652914651,3.518604946181719e-14,4.999955304650124
27,7,6.263228667976619,12.956401083110146,1.204797996654844e-23,4.999955304650548
27,8,9.2293717189522,73.10825598059544,1.2843561875538955e-06,4.9999619796104575
27,9,6.461320256220454,13.406327175768343,6.905916613640808e-13,4.999945041272846
28,0,5.330872554587334,499.49999960406734,0.0010297038190640719,4.999957287737608
28,1,2.287556267667653,3.964868129697826,0.010843862615230444,4.857108541716455
28,2,1.802382355649946,4.447274739633473,0.0118095714784436,4.988919192764746
28,3,4.954055793779875,48.21328621831258,0.011163011209700823,4.998112798278645
28,4,1.8346193913872793,4.465229344269146,0.013126087031909576,4.999999999989467
28,5,1.8829017116581588,4.430602014576751,0.013491328186633914,4.999948499209259
28,6,2.7340361992223663,3.448584801893574,0.012817594101217765,4.999999995887702
28,7,2.6312140222718536,3.6107064241626774,0.013468934373295173,4.999953474594926
28,8,3.4144951240244907,30.03099612947741,0.02247810490736563,4.997815144084517
28,9,5.355663100831593,499.4999997110486,0.0011051222669116055,4.999957769480193
29,0,9.431360867490842,150.95775010010186,0.0874082106865251,2.3504884930244048
29,1,16.97890449401567,127.15720656363068,0.1386687266855303,2.981239281361882
29,2,52.144296964526006,499.4999993396246,4.9589495054469384e-14,2.9956700334066535
29,3,11.040831339204514,216.87195617504995,0.08667730762743646,2.494875457058653
29,4,23.579207326889577,499.4999987212582,0.05708802778185647,2.820432633558372
29,5,15.768193654027332,115.77107583677298,0.11331307353848159,2.8666695168883987
29,6,9.526913308303952,169.46374358585405,0.09633726208952922,2.4184241932015396
29,7,10.095033043237077,145.70848197208127,0.08714568874397607,2.4222619325422015
29,8,9.688177675643283,161.58949957137418,0.07369967865741063,2.325693950044469
29,9,33.92502025363986,499.49999967926055,0.03538861807781167,2.9175203199606328
30,0,19.904273913877876,141.95635934417876,0.2365196923056164,3.9488660087069554
30,1,32.04270929902875,331.252408340745,0.1689968666064927,4.024561088745548
30,2,18.36187601999286,313.27458329559687,0.20678377257509223,3.8680173863849663
30,3,64.22422714309972,484.40303231366346,0.05317962610635926,4.070683059585158
30,4,50.02237233430588,499.4999992641981,0.1004868849794868,4.04124239745551
30,5,36.36057047103762,153.7604236508039,0.19013482997061565,4.1445711276295185
30,6,28.564503781392172,274.3672941202812,0.2047603130505024,4.043920022724335
30,7,12.354982174183633,90.14262718774438,0.32703780463521975,3.8738358486892768
30,8,155.16610001813925,146.9698808265345,0.007001528457661208,4.165288901719908
30,9,36.05515937134851,252.75776833702923,0.20363821321181,4.051513808453464
31,0,8.341278619971773,9.918349712129283,0.04456885227446798,1.6326988970163907
31,1,20.13788332609605,499.4998344079042,0.012273099317991589,2.0841803376931107
31,2,8.33499643534686,12.02837116737713,0.040186061329070114,1.5885295010348104
31,3,104.04105992333768,498.4450861261307,0.004871709043136968,2.469723270016862
31,4,148.58659536880864,499.4126410986158,0.30601156892745457,2.556937403231312
31,5,8.244804603402251,12.058670474292914,0.03669230008486498,1.5566331123574586
31,6,10.023890252216939,12.289550135334462,0.014043108339121181,1.5815269966362866
31,7,14.531638990756466,5.6375658306279375,0.04130277859291042,2.155790150511109
31,8,15.995514507620593,6.535989683252569,0.026458977996210317,2.154435845242864
31,9,6.007073832854123,10.731683107040359,0.03757685321005828,1.2784057373081945
32,0,12.411222744477126,103.33479373714147,0.06852363271644733,2.380828618096818
32,1,12.860358384156282,146.31388608953253,0.07317680345498631,2.4174973558486124
32,2,13.895006894108706,97.45603576462068,0.06075329487031615,2.4376727401120233
32,3,11.72444522896198,102.02015750002937,0.08049899281864778,2.4026438650027204
32,4,11.387123241105922,103.16754877606473,0.1030315050479143,2.450058569545056
32,5,11.927534256743074,112.88960754647091,0.06781901638364285,2.358620397677236
32,6,12.637538718569832,121.76066503290909,0.07821715743911353,2.4402757978972107
32,7,12.58772817771612,102.6178191512609,0.0656765797995371,2.3808113339319563
32,8,22.492936753844894,224.4788588287805,0.03373531430930517,2.6602079160317675
32,9,13.17796496019889,131.49834696827043,0.059200054467754476,2.3807354132810494
33,0,17.399164702537583,499.4999991979057,0.06892613763127751,2.7281221110158134
33,1,7.457836063161319,46.411311759017124,0.12291138463930118,2.3856322442125775
33,2,8.924238692534532,136.99678195134987,0.1173008629026916,2.5224339031174536
33,3,6.94338933250956,48.64082819612184,0.12385502402934431,2.3555479218690127
33,4,245.32766967975638,468.6117828180105,0.21379865952407795,3.298231226138566
33,5,26.05487682382454,499.49519212592304,0.12008867528716807,3.1409214634602276
33,6,9.345553244387832,108.46653796583873,0.11171492190227315,2.5119171628290204
33,7,9.24262980347416,91.41468680786218,0.1249939033261414,2.5493326913682313
33,8,11.619754097163963,250.0319987219118,0.08882752121837457,2.579023574092056
33,9,7.313974802012224,43.17647258633343,0.12111619304987861,2.36970371068687
34,0,6.165853620020667,13.154581084491772,1.640404862386064e-18,4.99995833701661
34,1,4.953405481494412,11.849809437593432,6.610685164610031e-05,4.999940029892337
34,2,6.260027850388485,12.785989304240845,5.5326156059203936e-15,4.999935305799685
34,3,7.382403798847041,7.538848973353877,1.18418617933546e-11,4.999948126668899
34,4,4.603026414914021,12.172264696681113,5.28077457731237e-20,4.999959036353265
34,5,6.021812580487563,12.660526003087352,7.523299621758323e-21,4.999955304650521
34,6,6.260483854407249,10.27598277505101,9.76857298703266e-09,4.999959306703445
34,7,4.6257518939167435,11.238762242560739,4.247676463423749e-09,4.99996058757333
34,8,6.147209056114921,12.969384443283166,2.246976275282143e-18,4.999957446137687
34,9,7.183248890554069,6.9358084390002155,1.1388976442234462e-15,4.999948793380502
35,0,3.414572718451424,218.17149563746537,0.20359307767893775,4.8180462381512115
35,1,2.3998622486143186,2.570402365001892,0.32153357983496633,4.940308617925021
35,2,2.2566938911749412,2.400240494422106,0.320571450407772,4.965133367491911
35,3,2.301273822217899,1.7854298626986953,0.24745045509137362,4.6595222827282505
35,4,2.522622332026975,14.940555055982117,0.1441929830670965,4.09516022367856
35,5,13.95446771471122,499.4999998141052,0.15932915631216998,4.999936404292048
35,6,2.52010256423476,3.1617274798064376,0.32503825020915306,4.967323193780803
35,7,17.413975553497604,499.49999923224794,0.12208741106170815,4.999946665599368
35,8,14.297108891900177,499.4999996961321,0.1607925883858074,4.999939928983067
35,9,2.9790293734790434,196.30312883417466,0.179141392007756,4.6505504960677655
36,0,4.21946585020812,4.51075993837129,0.3922204458285542,2.1771417046864707
36,1,8.263137358035346,44.966268565254865,0.04655669603889869,1.634185596635469
36,2,11.263263729237373,117.30603679565802,0.0396246678123117,1.8554535353016537
36,3,32.639861467510656,499.4999997097267,0.0005087099257103563,2.267972787954606
36,4,10.860278605996282,101.76983318468157,0.04220236374588792,1.8527607601871943
36,5,20.22208244184801,427.61398038071627,0.04563306258420542,2.4070161130614536
36,6,24.83310968997732,499.499998860419,0.006270497462173908,2.1593035950120285
36,7,10.60092452591159,359.0399492092863,0.04296079012133587,1.8294309098188495
36,8,11.47016277071351,97.29822540831138,0.04006328565989359,1.8749583356691073
36,9,23.48208958468926,499.4999992802846,0.008031580343654572,2.1745237401795103
37,0,2.7282295596870623,10.46881209217468,1.6224285221697163e-16,4.999937228837588
37,1,1.2572135307252,8.458953546950976,4.6499120822764516e-07,4.999956879760803
37,2,5.2563229609492215,8.764474964783163,7.25738134398205e-18,4.999955304645683
37,3,4.961193578935146,8.64828600676671,2.0178525760056176e-16,4.999944077912057
37,4,6.150537589324178,7.932938174432285,7.719853388415643e-13,4.999955307551639
37,5,4.109835549762463,7.3900852832492925,3.280418911743571e-08,4.999955304729348
37,6,5.202599222719258,8.849411153713067,6.136923612372669e-15,4.999955302138601
37,7,3.936998655673938,9.034450207154439,6.610696135189607e-05,4.999955304989074
37,8,4.583918161144728,8.187988649952498,0.009520918175635261,4.99993501958357
37,9,5.3466674915890655,8.045464881808469,5.898143892625389e-16,4.999955304650508
38,0,53.177819990342506,499.49904201443064,0.003843036591143391,2.373853548967874
38,1,158.80298769666325,216.23349858440633,0.16185075436987661,2.408649838469912
38,2,50.88057307886985,497.6640211920363,0.0017402179166667359,2.318906808452299
38,3,5.245595892290448,14.149749216889546,0.053903383371214426,1.2487351934848974
38,4,73.54934854854042,65.13120920016556,0.19527875639386205,2.380253843965989
38,5,121.5664460369791,401.2013169405234,0.1834184611647125,2.5056910859060086
38,6,12.729393264795291,6.636279972726526,0.07313614805958535,2.1440747971163865
38,7,30.173429437562735,499.4992153758681,0.07368623221384674,2.2505916173089218
38,8,5.88492229813911,9.601659984405506,0.06040977456678375,1.3912289579534136
38,9,7.8013562161747245,50.95132368779594,0.03722810687656353,1.4653991127537596
39,0,8.442838830802769,30.822978134439424,0.0619149163929928,1.838314409149883
39,1,283.9766752633957,499.499580926807,0.1407938475379408,2.6509075673495928
39,2,8.857540099005666,39.426762354763596,0.06007498738859559,1.839580822148249
39,3,10.588189064221735,228.14408087055997,0.04444591959653775,1.9047998707364826
39,4,10.580622938153985,155.804611136783,0.04565595914646043,1.9307386779538847
39,5,8.977984236819635,38.769671878398306,0.05924242149820138,1.8813831618585255
39,6,7.961655044044918,45.60817824218692,0.054557819939211556,1.7444355210378035
39,7,12.230138917967514,260.68843965620835,0.042504240279093004,2.023670987567179
39,8,10.182883777686174,31.233051571284438,0.06073434726040585,1.9935051484784343
39,9,9.555837974406357,208.6604533251709,0.05227930828547972,1.8669811756649264
40,0,5.98724263579012,2.9156413822477667,0.7543782097281667,4.999998503210055
40,1,10.351954172695457,165.74191169339497,0.30669164124446907,4.696923729102184
40,2,15.705935368531593,40.077808414194095,0.3331580208578602,4.872719431739316
40,3,478.51126524131513,499.45047417006674,7.571931918869465e-10,4.999929469523924
40,4,11.787568211061524,499.4970285704068,0.3184456909006719,4.761947939089017
40,5,3.0822431449105987,8.486190464028077,0.29417080076384944,4.109375372853204
40,6,498.80538835245073,499.47837091044426,3.6064578344649663e-10,4.999812662688082
40,7,6.96595130574525,3.926968328799782,0.6967027227912864,4.999994562358144
40,8,9.397956984972623,70.24717059154658,0.40207833166460155,4.758754550632094
40,9,13.316088778990563,397.96989961101445,0.3151676015862141,4.804353489090331
41,0,12.997249485373755,171.8359252071045,0.06972657149592446,2.3564017328188362
41,1,24.61165781639846,472.87978602415046,0.02633905729500415,2.61889387738876
41,2,13.275454238028885,139.9746805350905,0.09242176051089103,2.521830655911585
41,3,13.711065485978422,225.83750151260165,0.05772449099678768,2.339579569631208
41,4,12.158357975659754,23.446005312723333,0.12692069557818994,2.578310131396251
41,5,7.638224759296511,65.65072609432208,0.10807529111641195,2.158060628535415
41,6,312.82798556322945,499.49957376350073,0.15053207949056518,2.9542192499586832
41,7,12.93412038788562,179.81637193068553,0.07028843974571979,2.3841876513976494
41,8,13.193604485635117,199.29752710482137,0.06469404545258793,2.357619550577962
41,9,10.27272673981409,135.73618427715385,0.07866105325356572,2.2381964813063813
42,0,9.66092711642259,41.540467791482605,0.04123084945336084,1.8008268266393257
42,1,10.236142523381293,44.28655572255616,0.0371143154248412,1.8321836188317997
42,2,8.592226693282761,28.292985079633997,0.06231153613101277,1.8412868924787353
42,3,153.54386209880215,253.00222054183106,0.26790627167779274,2.720273644152216
42,4,7.640272331761547,31.21011037064163,0.058080104380892436,1.6996311388280543
42,5,6.634553172030074,27.45357628008779,0.06757987145033834,1.6352793889912405
42,6,12.56447333847964,44.82131334894322,0.028339154523784056,1.9211320550559965
42,7,19.017638388167295,29.78013028210688,0.06229519776775504,2.4785117739998594
42,8,32.248325693431404,499.49999981913385,0.0010390079744151282,2.3949454559482453
42,9,9.23254946772563,38.48963271148382,0.04596662854485946,1.7943669821179726
43,0,99.4515688705097,287.2984853354648,0.31394354891406007,2.4956052339487247
43,1,283.45286606373037,388.29356577977154,0.19303747008930894,2.4748086992369878
43,2,6.263787557377476,19.660619656366073,0.05367550154031881,1.4308624134243475
43,3,7.475073968680779,27.39527847525536,0.049808640317562373,1.5440237614612664
43,4,148.9079049973131,494.71961371844793,0.20913345998490426,2.535254587397237
43,5,186.10982831222262,221.42592306595247,0.2659247803307418,2.5342048105967225
43,6,8.61728008438596,20.186206488429615,0.045592910348533355,1.662000117858089
43,7,6.682070799731006,27.106980417375873,0.04874192357984338,1.4365580171251005
43,8,8.103624165379374,29.487359987704153,0.045885950362019624,1.599797085802276
43,9,7.526290388039493,31.660640586864684,0.046460763970148485,1.5507378465488393
44,0,8.012787724142811,137.1423621829886,0.10692452177896429,2.2409898577452427
44,1,109.97625754717637,402.2639900797168,0.4057629635869271,3.1456918218552996
44,2,84.48834397930993,499.4981635555162,0.22316030095912148,2.8791843513971584
44,3,9.1796452077546,31.573648097422907,0.1615295838339189,2.544109526510738
44,4,7.033207552026929,118.91899947882331,0.09357885985460163,2.086487046265387
44,5,13.56392566357923,8.470459987375408,0.22620971276631843,2.9225415399725216
44,6,7.439315409748558,63.077530050796696,0.11447836148375319,2.2075266689043658
44,7,41.166045627137635,499.4999980782403,0.02768253382759033,2.883007370008465
44,8,8.610649975418413,68.07894501727182,0.11099144118100174,2.292524707735893
44,9,9.015816866832793,126.01188618581352,0.09163620286731038,2.253087841868244
45,0,5.050327966216623,29.447207805117365,0.002120490300225889,4.999825687882514
45,1,2.9541049468744407,5.833718434227219,0.0006198662966417081,4.999941613452757
45,2,2.3805708327830444,6.408676554074143,0.0005044052714072877,4.9999450098663285
45,3,3.084111872324611,5.731112646143388,0.0006018543261874286,4.999939487094663
45,4,4.8465966851164355,26.083807326262693,0.002816655463246829,4.9999495740756315
45,5,4.856547477703746,28.096985846372245,0.0024120322814300695,4.999936724095357
45,6,4.369791913765985,28.40385525076256,0.001533149743114243,4.99622302156569
45,7,3.626120860481593,24.258204138055905,0.0010094578864713916,4.998885896062611
45,8,5.859563692609376,68.88828895238169,5.005056225420919e-05,4.999999823198098
45,9,2.9523491959950436,5.871062398191844,0.00062760496524843,4.999995294024786
46,0,13.454115440326401,130.05364214331286,0.25316240637013754,3.4363331056978916
46,1,34.06180552071593,431.719106563876,0.11647422287397279,3.5850623780198094
46,2,20.90299524256615,295.60564808683483,0.14146699487987863,3.465023983000497
46,3,15.616423248077608,148.3092126079108,0.19758253759875632,3.429603913363968
46,4,29.00312037892948,311.03239752065554,0.13457288610090334,3.559540017876183
46,5,76.72902959338234,499.499999237158,0.04063717980909086,3.6814877086624493
46,6,26.280089913896912,228.25097547295397,0.16544857183430983,3.571230346640078
46,7,32.196967866191095,97.31971380094006,0.2165028174888602,3.7232176981893126
46,8,28.403991373804573,108.38833902017313,0.21559992691453403,3.664704230335062
46,9,54.888878930907225,499.4999995681746,0.05711099702262463,3.626712617655105
47,0,16.39640557215362,277.7616597972631,0.03290823431602485,2.304206512458359
47,1,17.712562485449286,14.064860318127362,0.08973530277059606,2.6987726522851356
47,2,86.0731137151223,79.22205421064845,1.4591157243729291e-06,2.806230160157337
47,3,14.544664448784225,36.96562873218699,0.05066047302637059,2.3244561099800074
47,4,11.908022234967882,29.212573175436518,0.06884423281583456,2.2154108520546596
47,5,13.927010455400433,137.3260003445876,0.041352577400687394,2.241216783966845
47,6,19.23175605720545,340.3682422207176,0.05429768235043776,2.557839263500138
47,7,11.890923164640839,27.997416266502608,0.08098009899216353,2.2869981076841404
47,8,11.87136387906575,34.90942479719719,0.06063114365920444,2.181943073369495
47,9,14.990198994337403,25.928063747033615,0.053977202004712094,2.322718749710303
48,0,4.334994467848864,19.336817283678737,0.08013716652628654,1.3965897590478242
48,1,12.943852313200836,29.76324592032192,0.03196677639783775,1.99819357097448
48,2,10.739741886679653,42.00393021449122,0.039360844256600545,1.867468801619082
48,3,11.90046929748602,21.51999188731569,0.028353549167128643,1.8929375910516744
48,4,10.418787737240127,27.54369644393241,0.04177822507865514,1.866814593389124
48,5,10.534840851837519,24.252160512726057,0.03785479270282873,1.8614664470800741
48,6,25.120542764491574,263.2309254553055,0.7570255883366204,2.653144044286846
48,7,11.463398148741392,44.57339828026454,0.03756722601564712,1.9015449428644713
48,8,15.675888426466976,258.6368689331115,0.02039377005641829,2.0697981929746634
48,9,13.843125232012914,67.53251763215196,0.02361460021095282,1.9953255124049558
49,0,3.1466687861757485,469.15439644600457,0.026114597423447915,4.999958617937845
49,1,3.6096474703685053,428.7981637735762,0.039657176534808394,4.952654688942776
49,2,3.8988585548282075,451.4826578466343,0.04984950241144679,4.999960202456553
49,3,3.318681156709277,413.294954159298,0.015566007749239026,4.716442084002798
49,4,4.139672305374498,499.49999997324824,0.05277892846787752,4.999934646761233
49,5,11.831596565612982,499.4976824892358,0.02571508115049251,4.999999999911529
49,6,2.897424016161452,15.013408907189728,0.029765686568973333,3.560142943273851
49,7,1.4027065293712309,3.2266162202508544,0.09360152616870612,4.999999900421358
49,8,6.6547891228417635,21.816291399012375,0.05819659159953822,4.999385896036251
49,9,3.6839627364491734,460.28348773865423,0.04266356575416484,4.992542371797071
50,0,5.30286951792848,21.742191131068434,5.819926044050271e-14,4.99994643074392
50,1,5.62895215681708,25.921872188986157,2.8931028483846935e-05,4.99999999861672
50,2,5.50437250029648,24.68700380899778,6.374232752826421e-05,4.999958180186564
50,3,5.659452001652548,26.04343338338342,3.220720529800781e-05,4.999999999173578
50,4,5.010305526166794,6.661523435115345,1.1598488004226528e-13,4.9999401379265365
50,5,4.849631928204739,6.826816025098154,2.0093003000270095e-18,4.9999497027318895
50,6,4.737802461981724,6.8436337156230405,6.501749176164297e-14,4.9999554184780095
50,7,9.372013604594382,345.61620517207814,4.77668302049976e-12,4.9999430814480625
50,8,7.785280904101907,49.79101013428783,5.10042880908977e-18,4.9999553046347165
50,9,3.4455994055987746,8.243312462473854,6.610696135189607e-05,4.999964343801244
51,0,26.30828646936673,499.49994639648105,0.07220270667776159,3.171583971978862
51,1,25.72008025462336,499.49996748951503,0.09983697443340356,3.198007266681585
51,2,23.379349343105044,472.8061344463825,0.13225721241586513,3.219735566973519
51,3,50.01914824921952,499.4999991142993,0.02902262537385008,3.1903659182160102
51,4,33.45242486915484,499.4999987116076,0.05379386265062673,3.1259382843264727
51,5,20.094608570622597,499.49999919510407,0.10697277081316099,3.0882524315178865
51,6,17.529526289953342,499.49995944369925,0.09960691038915678,2.933915063306919
51,7,15.763779583614054,206.18141366733218,0.10302403830397612,2.93364646542414
51,8,15.408368754345117,499.4874128222529,0.09507953347976592,2.842064176875414
51,9,34.47967457596476,499.4999997114179,0.06082746614220325,3.1307732441869183
52,0,46.5082772766511,499.49999954324954,0.06505290651958107,4.999937486937179
52,1,2.249430575755602,7.33793427497221,0.46093671574113243,4.9999408162682855
52,2,1.8402053741736506,4.188680621485521,0.45131248174634386,4.999952142251866
52,3,2.215669997053512,5.2540971701600565,0.45224007407893124,4.971063813159889
52,4,1.644857257431071,53.45331069562441,0.3544715778371465,4.930045187920981
52,5,2.123646233068226,58.185982379291076,0.31798787213740354,4.811750605307615
52,6,3.55877351439578,17.517094489704153,0.35592488096369174,4.903740855587788
52,7,2.341914044107587,8.035377553583226,0.41116382109484395,4.918354466533354
52,8,2.2224719834756,5.309164060208871,0.4585362105354633,4.990634153809542
52,9,2.0097834531876484,113.0096583763598,0.2705620605346785,4.708101068440333
53,0,1.628175079598114,2.2389762094767214,0.10421912589895937,4.726547229173875
53,1,3.5102312206507973,499.49996477022415,0.08487949173439417,4.99999999781627
53,2,3.491064510765901,499.4999978215337,0.08312693603011842,4.992900325969474
53,3,3.5637494412268054,499.499999901889,0.0340151158592757,4.399542051052714
53,4,3.3957270235859864,499.4999999999478,0.0873008875919879,4.999943607357688
53,5,3.4767907608261877,499.49886501489055,0.0571880018530641,4.726811798258578
53,6,2.2072138694379544,1.79621233432542,0.1313164156551633,4.999947642299626
53,7,3.385464280395909,499.4999999996309,0.0827878297459106,4.999941646015856
53,8,3.31269082612847,498.880257325003,0.07202346532316974,4.952266180422128
53,9,2.4901065699437583,14.91262475782473,0.14426358121800087,4.999999974967133
54,0,9.704517666038322,40.12997900813531,0.23184028220298952,3.351125488990813
54,1,47.49348839618191,499.49996209393515,0.08118996224304433,3.850059373751634
54,2,31.757158242082195,394.78809813787365,0.10506106213710073,3.6633136237563306
54,3,20.006998233521703,298.03333698048255,0.1398582657790057,3.5482769300347314
54,4,44.36015636075127,470.6528270191538,0.11175076972234269,3.867510473678844
54,5,19.81177144129711,148.65954986907215,0.15384850833429578,3.543070988047864
54,6,8.773319584882506,61.135322964556806,0.17738019445706776,3.185582329677075
54,7,18.466668291174802,159.2214468048455,0.14505649732826417,3.492733530461555
54,8,6.2189592331842825,74.7727218991432,0.1836742744394093,3.0061236227869155
54,9,30.565370207334414,474.05708087242846,0.09847686108662859,3.601109321796885
55,0,427.6399809339456,440.624561724478,0.2504439790864248,2.613021585616458
55,1,6.508408953376291,13.53523338665087,0.0552475036599122,1.5191274337370753
55,2,12.336368876191452,190.72010069546923,0.03135712992376784,1.866351414510381
55,3,9.891216661611912,15.732483670884132,0.028498414648941428,1.642898047273707
55,4,9.731526063727841,13.099071145486029,0.03269340860427096,1.66601423799153
55,5,7.017774835118272,10.83728167792086,0.05366316518723175,1.5430363505382632
55,6,9.862668648073987,11.408849229447574,0.03177379184506892,1.6939566470661613
55,7,4.427065039979548,15.43425587025192,0.04613647576066938,1.086888322319956
55,8,14.23246380190958,8.55591525570787,0.055607734731919815,2.199222393199693
55,9,394.8584960634442,129.48671491702737,0.07079841343426951,2.5900368892949124
56,0,13.08038027563634,100.81895875660776,0.19769704984755337,3.2525598851313893
56,1,19.68016416768917,183.5132655372173,0.1359350021720527,3.300026651612788
56,2,8.159553013933659,82.40849092595457,0.18314527518774326,2.974500318421528
56,3,17.648669888013856,148.83494030626912,0.13802728464165934,3.2532023944868182
56,4,25.57431322103655,243.97690472464745,0.08800427261038525,3.309461626497726
56,5,12.525113716711527,93.00293113712247,0.24041689505039188,3.322741430909263
56,6,4.205647240906174,41.064218814953925,0.20031574593848198,2.683732779086236
56,7,25.05293163182498,214.69276546697571,0.10650193286479227,3.3626947465314316
56,8,14.802182494776858,120.89742867250413,0.14798589586145866,3.2229874888743564
56,9,7.298046836262235,79.24192056049885,0.22885982774725913,3.051600941082092
57,0,7.927568584861472,23.30551367722614,0.04906659596547509,1.6341378325820113
57,1,8.128172601115057,23.70247456258208,0.03964675097450508,1.5930115368549091
57,2,8.058246374159673,22.458571691340868,0.04042142765303715,1.560472197490945
57,3,124.81712392897535,460.7087766998668,0.2928739004531937,2.54709372735878
57,4,97.4971569200911,483.34944644427463,0.2488379431872405,2.5626244436236765
57,5,339.2313128844261,499.4670463408357,0.14887986037027248,2.4640742133202846
57,6,159.42623918516017,442.50194837530375,0.13917747480726633,2.578123252233481
57,7,102.91434068095734,126.46354949515968,0.10485973476211098,2.568656657244907
57,8,8.272853440466402,29.725134456434482,0.03432370217406391,1.536536895163275
57,9,17.43995069966985,170.76570483319443,0.01457670701306326,2.105936810620249
58,0,6.576162396999001,14.122069127510919,3.2702840789211803e-09,4.999964859252178
58,1,5.657350659801526,9.387381561071862,0.0020619446858633848,4.9999301737892
58,2,6.346250060109246,13.735015696074987,2.336275396037395e-15,4.999942439008072
58,3,5.322715351942586,12.924006328460122,6.610696135189607e-05,4.999943932738371
58,4,5.186898840697841,12.568524452703791,6.610696135189607e-05,4.999952056293323
58,5,6.514284465541959,14.643480926307982,4.40656582976704e-14,4.999959237959535
58,6,7.5458104084842255,8.637789957781447,6.873984020931976e-13,4.999936718837759
58,7,6.6280500291100255,14.193101314161416,1.5390807659445003e-09,4.999953693379914
58,8,5.219187199859591,5.527355002621622,1.3604564037506356e-07,4.999955307590725
58,9,8.276810093338286,4.715347038297946,3.859368907752577e-15,4.999944672736009
59,0,3.688114377640032,8.885753912936465,6.610696135189607e-05,4.999960305334707
59,1,8.418674493738473,3.359228826477805,1.3972222399373095e-14,4.999952866602405
59,2,4.2900901419139545,8.21256513346575,6.610582612853713e-05,4.999999999999992
59,3,5.1002581613316975,7.274089180921446,6.189365518713367e-05,4.999966666767804
59,4,4.901070900206311,6.880588922526537,1.5291071695743278e-14,4.999950531736024
59,5,5.7475175653593435,4.493937285545823,8.446556581237153e-08,4.999956164377727
59,6,3.960510653654765,8.855554474164132,9.173673000186491e-09,4.999935517448584
59,7,3.4986798851443726,9.766872663613407,1.272912825453193e-06,4.999953604067715
59,8,3.5487650018390626,8.971466174608477,0.0003555872958594646,4.999752867591085
59,9,7.716605709040575,42.06002305336906,6.6053240486863e-05,4.999953634205769
60,0,2.3174170432748546,1.6152359416653548,0.2308470991593418,4.9999392382057914
60,1,3.312845953922317,499.4999992531769,0.11748197312502343,4.765984809844597
60,2,19.62811643136689,499.4999992066811,0.06286849786429341,4.999938262562834
60,3,4.307037132810048,498.360450761028,0.012784736688022548,3.0366865585809366
60,4,1.8931423424601936,2.0962028950306313,0.21376418418829848,4.908143346183145
60,5,1.0101424861949648,3.667055171459533,0.20943378099328136,4.838837334117649
60,6,2.716940460993907,499.49999996264467,0.09250853450178174,4.752558173377248
60,7,2.0596268535460487,1.8853204893060427,0.22728527057462472,4.992898902592834
60,8,1.5889870058917592,2.6289554255275847,0.22754809664135478,4.951848710966663
60,9,18.634158416328848,499.49999965527763,0.06671627336606023,4.999938029552676
61,0,2.492249758646959,4.1150796443219635,0.006993265575425554,4.999995574592837
61,1,2.7442017619243244,28.700813246500513,0.003202623142255794,4.999714377322892
61,2,3.6814752146148417,27.94264756468916,0.005722180467273255,4.609232783848567
61,3,3.270548542222613,24.29781824731522,0.009141267797691902,4.9999924210010835
61,4,3.762567517637465,31.293541274926852,0.001601409966481277,4.999937014161971
61,5,2.6207083976583427,4.227726702975656,0.009288363086571712,4.999959247602899
61,6,1.610342064471697,5.03069186859405,0.0057834301312182645,4.999945954484869
61,7,5.91359816576716,499.4999999561233,0.0010438193484487324,4.9999379249031755
61,8,4.330430645053393,28.83394580744411,0.010381108949511286,4.999719638068168
61,9,4.230224192235132,33.15106874218271,0.0024771563358074525,4.198544843724254
62,0,7.788387819644716,64.48425907020143,0.11993611664326354,2.6776175170944456
62,1,13.92353043537072,158.18899881569507,0.07897414772296722,2.928893625182946
62,2,16.349368964571763,163.67721381290963,0.0739889224496182,2.987065170333332
62,3,1.5697541358775378,17.697231388322262,0.0517113590103861,1.6944500778413099
62,4,13.801666126641564,134.45403772303393,0.1069928093142152,3.0162489842633513
62,5,15.313987585970507,208.5752337194609,0.0633268637310131,2.8746998530512413
62,6,13.24041555597779,122.40939694157385,0.0883011213872292,2.9112696501398583
62,7,14.7141298666021,189.2425096897841,0.08162484567619906,2.9527256521423793
62,8,15.059896729309594,159.5191478807979,0.07239827858468027,2.9004286434513937
62,9,13.252143085065628,119.85357094158427,0.09178804965538757,2.9667314309924224
63,0,43.532534431023386,270.67511358265284,0.3350559681497759,4.877624975652591
63,1,499.4834972416442,55.917803519888515,0.1283618001164651,4.085025496773978
63,2,112.1760844066605,224.58081738249666,0.1955625171811897,4.9743717772988285
63,3,3.937139009684037,499.4997605012654,0.11785843891950355,3.3328622573448587
63,4,9.54003952822873,196.44574649860985,0.47013805104253037,4.754595940492299
63,5,10.798727253329348,499.49999997557774,0.29384135349674895,4.5255298508449915
63,6,8.229782719992938,117.52455863471963,0.4664753805600214,4.667681282043411
63,7,3.479421003986669,3.5651820950452997,0.31670612762166916,4.034293407145323
63,8,15.319067677830324,438.4990491659115,0.38094628572547673,4.740222196814819
63,9,5.761839232290299,194.82126279807775,0.3251184626488442,4.319923516690072
64,0,5.5852069843754,10.66155163639194,2.244083065989307e-12,4.999955304786622
64,1,4.419052857208848,9.986006707303261,6.610696135189607e-05,4.999955976013076
64,2,4.336301265319343,11.10276941942814,4.752523030595445e-17,4.999955298169001
64,3,5.70180910185655,9.960446033989735,3.847872834317376e-16,4.999955304647171
64,4,6.2300737592926065,9.04672665763801,1.0756687178825673e-14,4.9999608414907515
64,5,5.848396854075936,11.20514634004307,1.1337800176139126e-09,4.999955479425708
64,6,5.582058304579869,11.162262608639612,2.9785571834882946e-09,4.999955304650503
64,7,7.068526324734371,5.629282867142881,1.8469289114130696e-15,4.999962020434169
64,8,4.391774673031698,10.887644598467093,1.7854984404458745e-09,4.999955306104811
64,9,7.077585569284403,5.6356151157511905,2.4821448523397706e-16,4.999962584691094
65,0,8.130909604898084,84.12876679349958,0.10457455587419098,2.1028284782354096
65,1,8.36605195114977,87.06765316580213,0.10753958109712135,2.1411538883398182
65,2,16.085886585177086,239.86253079175495,0.09173675373886742,2.492993251814364
65,3,28.992232912195387,499.4999995031347,0.04812292891960589,2.6160658933013834
65,4,12.31056803068691,128.04859439396515,0.09810039437153803,2.361245885505159
65,5,12.893488783309751,499.4934969702421,0.07495786667937974,2.3129376857325155
65,6,21.51596346572991,499.49999916789994,0.04243686017287811,2.466797525104463
65,7,9.552991812734971,136.4135311000103,0.1236581127657947,2.232541380574506
65,8,11.847755080018526,103.46475918099213,0.0943803497201502,2.2990635852077435
65,9,11.94276402436505,75.51078430777025,0.1236013177908474,2.4029332393719276
66,0,4.861067232964527,113.01826731566865,0.2721154363463188,4.588950841322024
66,1,4.09134089575992,49.38511256522337,0.32527514907308375,4.662960720821024
66,2,3.2734002601836196,359.8456229279475,0.04049515381976713,3.0841304306989934
66,3,5.711869192093985,100.68551748775457,0.2982325777960149,4.6898614459263035
66,4,499.4189146381598,179.21770992346353,7.477749612990966e-10,4.999942207214647
66,5,7.942709813578121,56.71048995260308,0.345969291674766,4.965305159994677
66,6,2.1382742530778365,38.43029048287143,0.2157982786987711,4.3366032437656195
66,7,9.409836313808146,33.21970245741143,0.36359463760779537,4.999990767691655
66,8,71.28929615871174,499.49999930145657,0.032372181307386165,4.999936556068634
66,9,2.883400994734549,8.026018433938821,0.5133627091213162,4.999942287176792
67,0,7.3926158357639835,20.336220911071916,0.03706809242864438,1.565189268300826
67,1,7.664648024156295,29.180206839327123,0.04209793832357839,1.6003369162908343
67,2,10.148252623797141,40.10096266867798,0.027649025065449823,1.7626687464735824
67,3,3.507687683858888,13.797761395025136,0.0563307544911811,1.0674212579724942
67,4,100.90224626004635,313.54468776635713,0.2989347360391591,2.6252089527471782
67,5,12.472044600616735,62.09790056576093,0.01962820108870821,1.8734203502412008
67,6,6.317578256863917,17.91268138098407,0.049260250557553176,1.4779989239807918
67,7,8.83048640589204,42.319814311010845,0.027539941639058627,1.6182790187444605
67,8,8.96800939393615,28.724339635928427,0.038114525576444416,1.7482483789784524
67,9,102.92625791472672,490.4726363266826,0.005114365233133479,2.600229525201612
68,0,15.934608247450132,145.21953224357677,0.06013782676058126,2.878707268629323
68,1,11.838868542083288,80.48057312013462,0.09186784635255438,2.854036650272047
68,2,9.678060127165121,75.94453290835322,0.09984618621040461,2.743045334834365
68,3,3.654095157468802,27.194321447160913,0.11179177260144375,2.105250389480227
68,4,26.133383983894795,194.6472593884524,0.03858777752159992,3.1652784202664512
68,5,5.275791278916289,42.86571871796926,0.1296228233137939,2.436916207434896
68,6,5.655460644667917,42.55520217111509,0.1067943570353423,2.3726460648357817
68,7,15.116210348321927,78.62277747431955,0.07349321150308058,2.92908369747353
68,8,8.59835670245272,44.458270318919666,0.12173403115073558,2.7008987927173336
68,9,8.228842930600452,63.4765932822238,0.11431627515214852,2.6751177191711975
69,0,6.150100655534686,9.31682779555875,3.7975429803157503e-16,4.99995629523958
69,1,5.859252488950516,12.63381251538799,2.490293229666867e-18,4.999958362101561
69,2,5.988341098382953,12.382382996179903,4.715958023190049e-18,4.999962065477402
69,3,6.205255457485831,9.076685401512178,3.1159486702011176e-16,4.99996060050048
69,4,5.853396108301811,12.680082364114444,9.63955495525342e-18,4.999956954825548
69,5,8.192200800982725,499.4999999999558,6.610696135173095e-05,4.999957541317749
69,6,4.7863741464893295,10.960442992864202,6.610696135189607e-05,4.999937673484777
69,7,7.694798045593519,4.903353773468221,4.334936403021451e-15,4.999950188371165
69,8,5.801465233726157,12.458447351324754,2.0396246717486867e-15,4.999955301604287
69,9,5.958478210379517,12.537560754333072,2.5994048844124103e-09,4.999964861380399
70,0,116.02915143661252,497.9099390938082,0.0023750669635932,2.661982444926754
70,1,19.93419031545427,499.4998420647119,0.029881887883777717,2.38207750969081
70,2,9.723925832173961,23.748807577445497,0.049349111386978804,1.8757455289512024
70,3,6.557453808268051,27.16418407751609,0.06049655491810793,1.5878103062108955
70,4,18.63378343882632,434.89796464482237,0.050961548135358914,2.417687765223942
70,5,9.629225321185352,25.289401919611866,0.06266265627270445,1.9308340429621682
70,6,9.28336871112005,23.42815630723911,0.07065322369837472,1.9265841445084817
70,7,8.506141145032542,23.00571673156521,0.06379695826696473,1.845530544825257
70,8,21.94606382302234,499.49999875900835,0.03240004298442736,2.2748543575945592
70,9,8.652564170715822,27.862862100399852,0.0578505106974768,1.7970982913367175
71,0,12.15482412011093,74.11141187392931,0.1677110181691091,3.384324233776009
71,1,366.3615860788362,403.34455022951835,0.32369608669276007,3.9353279395883383
71,2,11.846465539737908,139.39453888791604,0.13642975657946624,3.283155885786335
71,3,14.304942331331178,137.4786049548799,0.14284899440466292,3.375607333015062
71,4,11.400918351193091,134.51409618090975,0.18031435977021434,3.3807767521083907
71,5,47.78089369470076,499.4999993581392,0.04550287163136717,3.7050735110109714
71,6,11.509433896980433,79.39341485888103,0.15616535076337187,3.2839890420739013
71,7,9.865608647971749,98.62514283052225,0.18528724426664323,3.322877553151122
71,8,11.45610550503517,114.31467569464287,0.1765683191635832,3.403173564480975
71,9,9.853941216615715,98.29647800988937,0.1542312447952305,3.2109457626280364
72,0,11.190513230250511,201.34565216012456,0.1073225578856419,2.3453267195134124
72,1,9.079892653286088,243.87579171189896,0.0753040804358982,2.0637319271619816
72,2,11.492846097669688,262.8233945882895,0.09937356364439734,2.316384414990569
72,3,11.656000963119922,418.0391298805301,0.06299187654413069,2.206723817282716
72,4,9.268055568457614,262.72783930782975,0.09942070002397058,2.1886377295108015
72,5,7.618512114937605,160.0432170915324,0.09242483003965159,1.9867158286723798
72,6,8.112515715148254,231.60727073108487,0.08876494310936288,2.0208452723676356
72,7,9.810355945219914,237.44234333727488,0.07951228773512418,2.1490110721606883
72,8,76.76334045484963,64.71141532491336,0.5103311884569881,2.892631380394874
72,9,10.366040069961132,277.9659933272316,0.07873360520243206,2.183254991533611
73,0,12.459725201038816,274.27755128832905,0.12641465651506653,3.038088053788359
73,1,12.911526739687513,353.85612756956124,0.13017365783604778,3.0205900147875684
73,2,19.44029977015741,223.49934067933464,0.14848683549308853,3.39344800219276
73,3,13.590431361505535,184.69106522034053,0.13727629532725769,3.1367466237132215
73,4,7.243122730763809,3.5568038043665284,0.4785379879716701,3.4002003097223197
73,5,13.864853371340331,212.2868329655488,0.12053499355941123,3.0628295453046777
73,6,47.031092489939105,499.4999997535382,0.0462828898370842,3.4422509812487814
73,7,12.665287282055475,176.20672096780154,0.12556043764974997,3.0588529546074446
73,8,37.362207697438514,499.4988759949337,0.044651683383810405,3.3625209594921226
73,9,14.45635522338379,324.89180647398143,0.13068887694691594,3.115636831976969
74,0,17.234953690441383,335.05818588110066,0.029550985468932905,2.0790951724108777
74,1,8.968342133796648,25.34682216900928,0.04974609266434337,1.7157100877343012
74,2,4.802500925985394,10.62952976137276,0.08122829959595078,1.3600093835134914
74,3,6.763491304248113,24.154602595372538,0.04949956557584133,1.4695303206911845
74,4,6.165089797656306,19.835341390019167,0.05881887271757871,1.4346219424833013
74,5,26.893431174394827,499.4999997020232,0.005936278788374535,2.1428305879650913
74,6,25.88080322635734,499.49999882061275,0.007170028213126994,2.151228553749416
74,7,6.364892948104851,26.816957120652905,0.04015118114287353,1.3599891590071433
74,8,29.653620163797378,499.49999953342245,0.0008087598709786676,2.2061798206805445
74,9,9.497353171724187,33.405799036943215,0.04831117984883193,1.7664824972473976
75,0,6.646602013946778,14.20854451515506,5.261855515069444e-18,4.999955304650499
75,1,6.8235545511768,14.370484316007627,1.8490898190146922e-11,4.999953851306563
75,2,7.163474849685571,17.630450643043055,5.398354491255251e-10,4.999955576215362
75,3,6.521766144747436,13.67468615707099,1.0835555704089918e-17,4.999960541944825
75,4,7.003236751611244,16.01536762216912,6.427085678458856e-10,4.999955312415994
75,5,6.627160151368112,14.377760172829491,3.066623572995145e-09,4.999955302119264
75,6,7.356552431642953,8.21628708296097,9.449276220803585e-16,4.999960413033519
75,7,6.731228276188805,14.24099837592832,3.8276546499954494e-14,4.999955304650503
75,8,6.525423574706849,13.693621000462016,2.6658427812834774e-09,4.999955304650503
75,9,6.854012246814653,15.430642986915732,9.105645480154948e-10,4.999955477927845
76,0,17.146655974072747,245.20670344585844,0.01672049629137698,2.0519443237087587
76,1,15.182029750344194,12.806730023124112,0.055126850325074056,2.1768926135150815
76,2,9.81702865763852,10.742855207705354,0.03848780385573053,1.717932385675414
76,3,11.359054167016026,10.370722393396333,0.03663299999776806,1.7949122945870755
76,4,9.672734656376177,8.665109568048331,0.04362191868795311,1.7406296439566047
76,5,6.744529855499248,9.878127400920945,0.056340915155408115,1.4808638413697108
76,6,8.58852646999159,15.80794365081776,0.036201071272103785,1.5795834444770058
76,7,11.193811316849795,6.176955669540796,0.03392187142031718,1.7688702106223713
76,8,122.71881189958684,441.8040803255983,0.21720857295305654,2.4910198893374993
76,9,9.890302328932107,11.238180392815309,0.03905644520490443,1.7005452461441626
77,0,6.746714434890829,8.236555337063402,1.210622356023911e-15,4.999965411583692
77,1,5.061935807864043,11.996769858790108,6.610696135189607e-05,4.999949337946695
77,2,7.031502099160513,7.40521655365637,1.932534190348207e-15,4.999941457632669
77,3,6.492365315982697,14.450195447088552,5.972759045961751e-18,4.99993464465172
77,4,6.489702972445105,13.759825949451141,5.4902945719057524e-14,4.9999544779041205
77,5,6.351852715824529,13.034550145350787,4.969979927819783e-18,4.9999423147729045
77,6,6.5183233662812246,13.94287541328063,3.956714715852665e-13,4.999945200979631
77,7,6.246215606815997,10.374151043641655,5.2127833788754485e-17,4.999958122535111
77,8,6.541983618129139,13.97838744409997,3.6711414567977195e-14,4.999937524387526
77,9,7.475785938017736,7.826661123735056,6.71108267220751e-16,4.999935893496145
78,0,4.579310277424824,29.952233459603935,0.008797331410348792,4.999965637579201
78,1,4.634841643344307,36.452342638434104,0.0021585447178638917,4.999923892739782
78,2,6.614560262162412,499.4999895642437,0.00028003436405859487,4.9999559642897315
78,3,2.4292382783302475,4.738994537876001,0.004835349935555039,4.999960923341723
78,4,3.423398689667658,26.348518038843576,0.003993884703650162,4.906136045382679
78,5,1.6285993003697103,5.464556343140235,0.00368822466752974,4.999993664351943
78,6,2.5757719853696703,4.563399521646689,0.004790080970813949,4.999961978617962
78,7,6.297648068345786,499.4986512903317,7.363046072646361e-05,4.9999999987203765
78,8,2.6793054957203117,4.370774232470704,0.0040841867998300755,4.999974228991561
78,9,4.857955070963428,32.86194188012662,0.0074546094344210695,4.999921137851012
79,0,13.468305838448178,206.946057925275,0.04396217274326264,1.981207151244651
79,1,123.6768144701572,180.28376293231784,0.23692573577948892,2.588186174700359
79,2,12.604180047256794,16.06070952203462,0.044404356460065124,1.9342563273955717
79,3,18.668837062177982,255.74571890695415,0.05426822552156842,2.362201589994907
79,4,9.662064214665795,16.768637027327955,0.06962896777381565,1.9064547644791014
79,5,19.24449853935161,454.1329437367187,0.03475766973881505,2.257366209062077
79,6,8.47500870647585,19.259370411667973,0.0671645268773212,1.791951163376183
79,7,13.12895695443915,16.60753215779467,0.038078336972451,1.957909796895184
79,8,10.84896141004899,18.03278995926956,0.06199667630633758,1.9216420409377428
79,9,95.1721461764196,331.18200388568346,0.3262820350798328,2.5959760615649063
80,0,7.321213158006944,17.30371678349549,0.05091062637530747,1.5540538583115804
80,1,4.848403236766294,13.86906595324231,0.053525068761092025,1.2194271412930706
80,2,5.4664335013482495,14.433887446983034,0.05243601927152801,1.318436119229302
80,3,6.044436755928977,12.15932683743076,0.06989694815507864,1.4624916503881586
80,4,19.279307186810435,499.4970285704068,0.021263264392036706,2.159565597698073
80,5,7.455922305981703,14.889496415332305,0.04673393040375012,1.5519492797607175
80,6,8.554363231213388,19.502388172952724,0.0417642675564118,1.6180614370593078
80,7,135.22336661663314,401.31754562589157,0.2870931192195195,2.568830845883388
80,8,7.997762593112239,17.675859570344876,0.04410773044303226,1.5874018159822851
80,9,9.289528615539613,20.35256091420228,0.04156203301808578,1.6741746373481527
81,0,9.581216922541891,38.24300226077291,0.05525436797770261,1.8984003214206133
81,1,11.362824125496054,57.88994802409957,0.04230092988631052,1.9711044095627706
81,2,125.29369343959489,170.1361141959086,0.21655336619143867,2.649788773838302
81,3,5.87696699284725,13.634744962914313,0.09427634948279846,1.724035200751735
81,4,10.02867082080547,60.05016917925944,0.05554764278884619,1.9443292503187841
81,5,59.11330735998626,499.4990227952629,0.014933119826984012,2.597232674934773
81,6,4.319294156119498,3.896198480565651,0.35235373189434016,2.253113134213734
81,7,8.44718261161721,42.383619277347016,0.05534592836903573,1.801285796042106
81,8,10.323627351212549,35.685051402169535,0.06144160820396776,2.011347392010921
81,9,8.88797577973696,52.773093528815714,0.04743948093684353,1.7895912245329586
82,0,10.906598395387613,148.59696316304405,0.23817782707270282,3.628232115485801
82,1,28.71978247525283,499.49999995590713,0.18173722549316942,3.8979058113872025
82,2,14.430930089455153,286.54797148067905,0.20820616801785857,3.7458663107602623
82,3,19.72165979830893,494.32115365623713,0.20377656420755788,3.8054610283749235
82,4,54.061920915095676,499.49999999999824,0.14628082106377863,4.022061183519697
82,5,14.36842004227141,242.6393818689841,0.20807444808556433,3.6925867956338667
82,6,32.38604992752716,499.4984447154903,0.1522710041748447,3.930359813768357
82,7,26.410665794463327,499.4984101086151,0.160145884807905,3.86613184369325
82,8,43.694629416229496,467.3174869883113,0.18983335905703352,4.108484652873783
82,9,11.567879623946805,302.3398382967648,0.21634655717320056,3.5864998062242455
83,0,2.919130647588321,6.612878975780743,0.0006447479056341529,4.99994221387211
83,1,3.7615688097024216,5.647990526410436,0.000897582341078482,4.999937634500902
83,2,5.119359796110862,32.9166411629266,2.686524777294842e-09,4.9999532806911935
83,3,4.237918871041439,20.821833542414698,1.3555949353044512e-05,4.738330109138183
83,4,2.9340031169425784,6.4402809831482335,0.00020648321588064123,4.99995041656933
83,5,2.8400375592312397,6.519723539005757,0.00014189091168802465,4.999953115376009
83,6,2.7596938439277987,6.787482954074974,0.0006139125783408616,4.999941985804589
83,7,3.43971970854721,5.962159637199915,0.00020821993513462026,4.9999433025806415
83,8,3.0138866532323743,6.457715697755525,0.0003146266087561772,4.999943463330623
83,9,3.5511114551246714,20.79581995996436,0.0015195361761924622,4.999956708443441
84,0,98.64017354333859,164.23497077157495,0.4449494434049629,2.826051728046889
84,1,8.004304127257845,82.367751341463,0.04086739134950688,1.6815740930743805
84,2,34.18734275357999,499.4994998070089,0.0026236492511408204,2.4489452943190493
84,3,7.953402372224142,100.72757201651618,0.04162318617776438,1.652772081414992
84,4,110.26351108759742,98.50696074270115,0.28526970433889026,2.6885102975692146
84,5,59.088942354510436,499.49991189667975,0.49791777231935413,2.669373514862625
84,6,8.220168375402144,75.5261007253318,0.04186037773617778,1.691485748558303
84,7,4.109916684674671,16.98514730121746,0.05943330550995664,1.2973948216004
84,8,4.89239818274185,13.825419159760916,0.07220947019378753,1.4957156636869278
84,9,124.97423093565138,219.93480791212565,0.24933098611979057,2.7201092134985534
85,0,3.926413964339015,17.7491438483811,0.34718941688894334,4.999999998334347
85,1,4.251795713962447,84.14097012076554,0.25153290450082877,4.809168471966605
85,2,37.29325469485058,499.49999978949825,0.035376043534140145,4.999936048923577
85,3,14.215055295583529,499.4999512486874,0.14373682375773536,4.999999997318381
85,4,3.6950759011922583,84.6492677860284,0.27443214009495726,4.826028266317125
85,5,7.629121586970404,499.4999387065171,0.07986748056166455,4.063249875596757
85,6,13.221357991854237,382.01219731021683,0.16327948568939563,4.999989667410649
85,7,4.2000567740990435,13.641527505152744,0.330061181565813,4.999999051328627
85,8,5.1077227226493465,81.19658413984814,0.2592504770367433,4.882706217605532
85,9,4.87262270946687,99.0401126773229,0.2793784305944167,4.904929025869168
86,0,5.398221299426831,9.579359669993124,0.00568375259286977,4.999906367156092
86,1,6.8567555392683985,13.831280668700803,7.070263220211798e-15,4.999933541837786
86,2,7.513610552738259,8.524473857006292,2.5042458592650183e-08,4.999964846761126
86,3,2.2887870962928805,11.772891452402288,4.635245451235617e-17,4.999955305358901
86,4,5.054294848871896,5.166591490207888,0.0034585876447970096,4.999955289254125
86,5,3.213798145880449,12.028736451371858,1.8678684268943647e-18,4.999944589973557
86,6,6.49223828817884,13.997475141432988,2.5431092056879955e-09,4.999945149525942
86,7,4.81971367948485,13.253169258284613,6.750292505624014e-17,4.99994371937477
86,8,4.38101183680308,12.949670552574236,1.1501051521353268e-09,4.999943461746938
86,9,6.82583450784971,14.265576940170545,1.3336156560159635e-17,4.999942741676409
87,0,9.027226073565194,30.047778747125438,0.07322364115401238,2.0522294690838407
87,1,186.2115259844181,404.208001858759,0.17107534230911323,2.8871554349539523
87,2,8.864069184495124,36.280523208230065,0.08540932962178013,2.0886157140086565
87,3,11.814471043042666,44.816536207128536,0.06990300044532,2.2518483619903296
87,4,12.082912213524946,60.08200024502516,0.04711086988912633,2.151833173767791
87,5,6.227393304788116,24.6599623693803,0.10218280317917551,1.9002504215276708
87,6,11.049127281511568,40.74551918433206,0.06857808893819518,2.1534169112546375
87,7,13.813992115331414,66.47250907194245,0.05909111361841839,2.3112710013352027
87,8,23.113510911338242,328.693146550293,0.03031817777966586,2.62458440688838
87,9,19.597140224884605,277.5154809488202,0.029767704328675294,2.4480236490786016
88,0,5.0020457840550385,499.49999916789994,0.014080459723179534,4.710398149781494
88,1,1.0394022497744864,4.062214629535708,0.038710604029612905,4.9999360968790985
88,2,4.9983488860691,499.49999950540746,0.044335289884464085,4.999942603105355
88,3,4.856085603584628,499.49999916789994,0.014137280703137007,4.776199758226022
88,4,5.127349113153045,499.49999916789994,0.012979156480417343,4.651734477500029
88,5,3.64124294308602,24.449788427876104,0.05144303148970678,4.999427444574024
88,6,4.78907624426258,499.49999982636444,0.018138822274525863,4.957768847278275
88,7,5.64474816946262,499.4999334565424,0.0008355529933913668,3.2989932074006396
88,8,4.676612521679991,499.4999986536338,0.016844346853619203,4.945769177204949
88,9,4.606915353575303,499.4999824342646,0.014565558327401617,4.874212168469562
89,0,10.069191242293025,42.93252379571048,0.05651771475349721,1.9332381225557846
89,1,12.607019532453966,52.28073537273037,0.03887024250829609,2.009009892262776
89,2,7.901694046741273,36.27454865421213,0.06332876981746924,1.7556883546542552
89,3,9.01270528376975,38.186934019935165,0.06701394504316313,1.877381317228923
89,4,9.887115590081079,51.70362869614691,0.04860254651541913,1.8647944056706511
89,5,4.176002567586389,21.710245903585676,0.0702861959111248,1.3341211048209194
89,6,165.11291660107452,472.71998496838455,0.2308660282441226,2.698175199320457
89,7,19.386525778831025,62.429281521241734,0.05809976550685755,2.501131438414646
89,8,8.61630874042168,41.65827194872939,0.06093131303191621,1.811001990435849
89,9,238.61632611848637,486.4706659611021,0.12707673299130381,2.67752301174088
90,0,7.092963584694236,8.017973982680171,2.3327688880852765e-16,4.999942371091023
90,1,5.045284518053841,12.290446669329091,6.610696135189607e-05,4.999946089276084
90,2,6.749589994509121,12.871489854588216,6.337485210881926e-18,4.9999459092940075
90,3,6.313263365288679,9.683891188935325,4.905303488257336e-16,4.999958430327314
90,4,4.894766584677043,13.621701062832258,6.765393635462201e-05,4.999954073476032
90,5,6.578474949568782,14.333087101845527,3.618135889706702e-18,4.999941432449557
90,6,4.392022492839962,13.844396123938193,6.1070630907145775e-18,4.9999553076666166
90,7,6.762440571969962,14.534358963749082,6.626140082658609e-23,4.99995541179772
90,8,6.6602288268031895,14.405790077857297,2.8795370770025952e-09,4.999941677711237
90,9,5.9731670494647835,13.46836850199029,3.960331854734674e-09,4.999948897845127
91,0,175.8652152553945,225.88446425976545,0.15197349447093322,2.887759181403953
91,1,161.0485707520303,499.49997112175777,0.4088828433792428,2.863856536710581
91,2,8.024974073319074,49.487322257722816,0.07470425969331435,2.014295936277171
91,3,9.68017952810917,64.68168867614038,0.07032934514706092,2.135103933924208
91,4,13.40824674946571,142.3590566048187,0.03823708305962638,2.17967220772697
91,5,9.253949141263675,58.56058224431649,0.060153416274529595,2.063660403814124
91,6,130.35479241355205,154.8706357892029,0.37160142632446747,2.852993678783259
91,7,15.448161046990775,82.91377883735423,0.06880370615165976,2.4914121648748
91,8,11.486780051719148,107.52154252871598,0.05620374893132683,2.191176282654477
91,9,12.045423100563037,162.36714605432724,0.04771437268914121,2.1735120594521207
92,0,8.4283112794489,21.79823487104082,0.057694908676438734,1.7497160657811046
92,1,11.089328225858567,42.137080810795425,0.040106819899100365,1.8769264363491927
92,2,9.775511590595574,12.875513395527364,0.08981115974152266,2.0581140671824514
92,3,5.757843966529386,18.910520700009172,0.06975299125009837,1.540093235978327
92,4,6.200047175601835,16.408427686046892,0.07475223387273944,1.618505503541612
92,5,64.09524214942225,499.49830182171615,4.2982439483286883e-07,2.4570282525174303
92,6,10.33570848686028,45.004076818386864,0.04172677036777775,1.8364385509252397
92,7,35.922983322289824,499.49999983657,0.0028245792380042836,2.4002838795223678
92,8,10.916817014028034,61.546346346394856,0.044390052009595164,1.873688781101178
92,9,129.55167925948734,444.06628801498107,0.1116641340058167,2.6747283515855895
93,0,10.217682354019015,261.1671615711845,0.2516281732222168,4.466964938958189
93,1,105.59018114517806,499.49994414851597,0.02937398817409719,4.868779424477324
93,2,12.188994028959204,169.58829935354262,0.2750181913021135,4.601975036096094
93,3,79.10604703144048,499.49999970925694,0.09220510776829438,4.939238196545594
93,4,13.655628546033524,109.34261473597262,0.312239437546208,4.669992261639669
93,5,9.66579337490134,219.20846408030582,0.27086326374433134,4.451868767490034
93,6,8.74091703120531,238.52762305998954,0.2335758544175105,4.3346235504024655
93,7,13.306237404000765,98.72610806953986,0.3135891655098808,4.701712516116908
93,8,6.822215972449513,131.65650693377367,0.22671346528628128,4.18565074851981
93,9,499.3255352697696,60.7925600847254,6.655320627267706e-10,4.999947409991657
94,0,6.913578854675453,13.98024434431813,6.71945320089408e-14,4.999955304650503
94,1,6.972046992402607,13.998815166752442,5.785060064153315e-14,4.999955304650503
94,2,6.915588708460394,13.967588920019205,1.7919869606117956e-22,4.9999553046504275
94,3,7.171844527577056,16.560125059259338,1.1112970827518398e-18,4.999955304650501
94,4,5.411474267332396,14.033590295158165,5.6112236858258546e-05,4.999955179311707
94,5,6.702269999450929,14.288534121400863,2.247298067568617e-09,4.999955304650547
94,6,6.7329761605932985,14.161803449927566,2.6052984530771673e-09,4.999955273294509
94,7,7.578489253432732,18.658115018220457,1.5882445220327399e-18,4.999957737231481
94,8,5.536686720376913,14.06460899010756,6.610696135189605e-05,4.999951127750234
94,9,4.631958535076241,13.18711349164391,3.3628788307444434e-18,4.999955730748837
95,0,2.348147722382236,4.354582674752472,0.007090953706390938,4.999999649754465
95,1,4.003337150529296,21.52136161636893,0.017224422857574192,4.999871177115332
95,2,4.6629697802074626,31.17814730795029,0.005839873629237,4.999770221681723
95,3,4.180610690552626,26.126127395716342,0.004503464709722566,4.020497867834152
95,4,4.29778540027345,34.308366606116365,0.0036863147887354537,4.999715718406659
95,5,12.408296334627478,499.4999562576602,0.0006842581218146597,4.999940461171399
95,6,4.884635683309302,36.92410367202346,0.008657139207027695,4.999921389700646
95,7,3.2619268260752827,21.177425627606663,0.008808037951803217,4.999999998313552
95,8,2.183220669039163,4.756698956506456,0.008370187280373436,4.9999999652825515
95,9,6.283258771905373,499.49641759282827,0.0009635644398068846,4.999934951499511
96,0,19.38038703413431,499.4914716962872,0.04289570164414374,2.3208619239353148
96,1,9.507308091691808,32.08362734858854,0.07362504190080095,1.9218497510811314
96,2,11.429624398246284,73.14877602462147,0.04734008214467374,1.9376934992426396
96,3,10.131952650981619,49.806740114006516,0.0631466149295399,1.9113173012208275
96,4,39.40622669352552,499.4999999999966,0.00047881448543581355,2.40699577731788
96,5,13.566311854642755,104.14716398689848,0.03576861795907607,1.9980029629458862
96,6,113.84461175027084,389.1537294558592,0.48964312400677107,2.6334107948608265
96,7,20.7557934200792,95.8259442343414,0.033852486654263936,2.321764460766787
96,8,141.3320163520146,197.52913909519015,0.32470154829798975,2.701750187352369
96,9,8.038305710126835,43.51604247619848,0.09121088316443846,1.8758350912086588
97,0,3.3346464903829838,18.012338571243667,0.025107598755801153,4.782142633835677
97,1,5.576616712464711,499.4999995538045,0.011066084540623265,4.99996492576855
97,2,5.3885111381442785,499.49999081972004,0.007260246444907301,4.818901975451152
97,3,3.2410757658648475,27.235586175420572,0.033181276241480415,4.994629934209937
97,4,5.351941342323858,499.4999954199405,0.008653620309104455,4.916766570569372
97,5,5.484729488678948,499.4999986536338,0.009134357733644783,4.870695222147839
97,6,2.904132595778606,2.8738051349302802,0.03018543009926603,4.999923634152261
97,7,2.8856532007745015,2.9600625299975603,0.03091905702852426,4.9999956283586835
97,8,2.7200412889706547,3.019032158044545,0.030380821192456768,4.983388571208994
97,9,2.0501643894481147,4.027208152653607,0.035272743722731405,4.999920520428942
98,0,2.4757514700280696,20.474147958950216,0.012120703847331028,4.704782974183589
98,1,3.615823272151964,35.54588125884445,0.006580743272755152,4.999914418976197
98,2,4.628392163601679,499.4999570270431,0.0016969463637665323,4.99996589342175
98,3,4.552405836993558,499.4999459532858,0.0009669491370635576,4.999999996878731
98,4,2.856722080034667,2.595495721967694,0.017078559164498946,4.999934617201232
98,5,4.752386172307249,272.62711786933716,0.001465704229397472,4.999683592331245
98,6,2.008663175954836,3.575071991768778,0.020822112157833153,4.999962456158651
98,7,5.1240848639928895,264.0906072457929,0.006575573958947789,4.999632728834894
98,8,5.277557012606079,499.4999954143726,0.004956217976830149,4.936818120338525
98,9,2.0863317897478204,3.8163232110058085,0.02591340157628862,4.999965135489566
99,0,2.4149712381438664,4.030677541931663,0.008175060161899114,4.999957496611851
99,1,4.440009890303202,34.14358420703222,0.008150048651647361,4.999735237863501
99,2,4.311275727960895,1.7810728304862538,0.0031809812681069596,4.9999497449904755
99,3,5.99118354614774,499.49999967284225,0.0011529075524133567,4.999932040503447
99,4,2.2829461503873225,4.159620322739067,0.00875388265266481,4.986245822531303
99,5,3.6013782355317048,22.64613063226779,0.002712533136031472,3.6917579005814427
99,6,4.537830253120777,29.147140920502597,0.01103573604076111,4.998596493526891
99,7,5.741561139974064,499.49999974497024,0.0006169128829579634,4.999939822595992
99,8,4.247688774387887,27.97174333312237,0.016271631840277703,4.9988706863198775
99,9,2.326919013189208,4.245743021451411,0.009812022364316393,4.999999873315903
