simu_idx,session_idx,lamda,omega,v0
0,0,0.9999999970749345,0.01904656973200043,0.0401418793042152
0,1,0.9999999972951172,0.0073946796444735,0.21835086552889726
0,2,0.9999999983307587,0.019234110104832055,0.030703438324735526
0,3,0.999999997424489,0.010075266425220006,0.1700559716870537
0,4,0.9999310769868219,0.0060266246728715375,0.2581036442955504
0,5,0.9999999983873874,0.01020863024751256,0.14757904669079938
0,6,0.9999999974285761,0.018104153576022144,0.03239703122323623
0,7,0.9999999972687351,0.015675509006461256,0.06987294027756966
0,8,0.999999997851358,0.005695942729386837,0.21198366333714308
0,9,0.9999999962824239,0.011702060425383493,0.07363088241019623
1,0,0.0015132951735589725,0.9999338929633942,0.9999338930386481
1,1,0.002663669017282668,0.9999338930447772,0.9999338930386481
1,2,0.02263649654581749,0.9999477875992602,0.9999999972991109
1,3,0.01563828439698387,0.9999657947265698,0.9999999972991109
1,4,0.001543297505962727,0.9999965915284718,0.9999338949192922
1,5,0.0441272276734367,0.9999356657700137,0.9999999983307587
1,6,0.0037167655449013744,0.9999338933687525,0.9999999965729307
1,7,0.002318725837815245,0.9999338930548823,0.9999338930386481
1,8,0.0012347471849673156,0.9999338930820221,0.9999338930386481
1,9,9.920278171128224e-05,0.9999338930609704,0.9999999999999836
2,0,0.9999338930386481,0.3303037233940952,6.61069613518972e-05
2,1,0.9999338930386481,0.38855035429721263,6.61069613518972e-05
2,2,0.9999338930386481,0.37815523923477107,6.610696135189609e-05
2,3,0.9999338930386481,0.35182819231981993,6.61069613518972e-05
2,4,0.9999338930386481,0.39340849754853446,6.61069613518972e-05
2,5,0.999803218975448,0.3669773702773491,0.004710344952885627
2,6,0.9999338930386481,0.42128122367268694,6.61069613518972e-05
2,7,0.9999338930386481,0.36006929477582283,6.61069613518972e-05
2,8,0.9999338930386481,0.3330022858850654,6.61069613518972e-05
2,9,0.9999338930386481,0.36391254009995727,6.610696135189609e-05
3,0,0.010978463355365065,0.9999976507516126,0.2631447772386803
3,1,0.0036336096040050494,0.9999999970011809,0.670333298153879
3,2,0.0020143030653347995,0.9999997873294397,0.4819835818234749
3,3,0.0011279205770430155,0.6522878921820779,0.8088505158424794
3,4,0.001072804175339266,0.5877704260688342,0.7723269219650529
3,5,1.689128236740068e-11,0.46908745409609304,0.7846201765227516
3,6,0.008722132675505609,0.9999995234712316,0.29973089910548173
3,7,8.572909091183715e-05,0.5818995245252476,0.6789797310070648
3,8,0.0005185272659683142,0.6904554375476964,0.676742039038786
3,9,0.007370285946498689,0.9999364211882733,0.523528208564583
4,0,0.8449338537756222,0.06860778399418889,7.219269378357802e-14
4,1,0.8101488949291696,0.0703312965328638,1.7857283320064813e-13
4,2,0.6928895160569797,0.06919110752983317,2.816187367133309e-14
4,3,0.8041567247448583,0.07114438848884276,6.51307666393559e-05
4,4,0.8223418282835995,0.07133214503333052,6.412521298236098e-05
4,5,0.8078332979721567,0.06987454709448365,1.1037411985338767e-13
4,6,0.8229098950088037,0.07133431962482113,3.353024145987397e-09
4,7,0.8659670464775101,0.06930453587004985,1.1039834034113383e-13
4,8,0.8135760958472729,0.07043448713059425,6.610696135189607e-05
4,9,0.8268958231277174,0.07007192690178306,1.785817228017102e-13
5,0,0.9999999975234548,0.07416987856721706,0.03055449052119899
5,1,0.9999338930386481,0.028890705731503895,0.12223072843249792
5,2,0.9999999961743588,0.03428924849944826,0.1194829776417376
5,3,0.9999999975446809,0.01711622580331672,0.13883483865723273
5,4,0.999999998389439,0.0884275525340075,0.029498710450919167
5,5,0.9999338930386481,0.08522383003825161,0.021324240056096733
5,6,0.9999999969081085,0.01933234755909984,0.137790201291352
5,7,0.9999617761893823,0.012303500568373186,0.10700616851864128
5,8,0.9999472983158694,0.08704990158992397,0.02289563982607869
5,9,0.9999999975386069,0.015042532623712648,0.13364431753543254
6,0,0.9545867679607142,0.08310555684130845,6.610696135189607e-05
6,1,0.9473304243522778,0.08181299937470303,1.786644407688737e-13
6,2,0.8903999105346242,0.07997519216929064,3.9378389841857e-09
6,3,0.9528625055857235,0.08177931187055562,6.610696135189607e-05
6,4,0.9999586299629825,0.0806890160304803,1.6692412543081302e-09
6,5,0.8876371330047332,0.08115285403600155,6.610696135189607e-05
6,6,0.9999653157772781,0.08102635817340004,9.995982313366555e-13
6,7,0.8880173218072284,0.07968973757776537,2.889751149686701e-13
6,8,0.9228771400472308,0.08066116313745464,6.578796123797219e-05
6,9,0.9593355826973119,0.08141768584796372,1.1044610934404785e-13
7,0,0.8941925424831495,0.17918334231019042,2.2819506549215577e-09
7,1,0.9243657476754857,0.18294078713757128,3.6185365163645842e-09
7,2,0.9068841667133085,0.18335496701786466,3.8709306156816534e-09
7,3,0.9408385696956212,0.17923106844038228,1.6752218670552455e-09
7,4,0.9125202663354928,0.18484605993682987,3.286550263111466e-09
7,5,0.874817035394724,0.1787304722095574,2.686524777291454e-09
7,6,0.8627079583262157,0.17979294740971996,5.537214016393397e-14
7,7,0.9006592462567313,0.18552087735858835,3.423232273761298e-09
7,8,0.8928397666396727,0.1799666182289252,2.487080356860182e-09
7,9,0.9227180492161843,0.1842515584945983,5.6582285952669257e-14
8,0,0.011005142355870712,0.9999508923473905,0.7034933748704226
8,1,0.01093414225637971,0.9999397062425512,0.9999999973164503
8,2,0.0037154034168345113,0.9999696584061885,0.9999338906761942
8,3,0.008993726385020136,0.9999798179321826,0.9999999975129197
8,4,0.0033753413322257235,0.9999338928966398,0.9999338930386481
8,5,0.003504710110287165,0.9999338930386481,0.9999338930386481
8,6,0.005193318120888142,0.999981916510812,0.9999999959817999
8,7,0.007737950593869502,0.999969778529161,0.9999999976735681
8,8,0.0035246395257479677,0.9999338930386481,0.9999338930386481
8,9,0.0035406367449056088,0.9999999876091968,0.9999338771846643
9,0,0.7506337362482136,0.00571560337476932,0.9757276173113943
9,1,0.7538260319338016,0.0058399177525205286,0.895506375326146
9,2,0.9999999972991109,0.005475039749886656,0.7320594894045663
9,3,0.9017860383940394,0.006842937967395233,0.9999998318873766
9,4,0.640695534763118,0.002322031557995202,0.571733718197424
9,5,0.6731759163548358,0.002605901783152129,0.5530052810507472
9,6,0.7982402337361411,0.007196166117399731,0.9489526684349455
9,7,0.6404098654771704,0.0021479419520971503,0.5178605171282523
9,8,0.999999997124412,0.0064386677044251175,0.2750069663955537
9,9,0.6037577282894494,0.002723594691458455,0.8010838058341644
10,0,0.015383852537814952,0.9999999975452962,0.8721054634762129
10,1,0.019160748892776736,0.9999999962430017,0.6652048386885705
10,2,0.014365526359270462,0.9999382809479154,0.999999999075152
10,3,1.805422911992861e-12,0.9999338930386592,0.9999493971294587
10,4,0.015319570430157654,0.9999999966585311,0.8095808839410813
10,5,0.017720416521379016,0.9999377814607514,0.9999999983307587
10,6,0.025992541576528916,0.9999999999999991,0.4703014197745217
10,7,0.01656888547229872,0.9999999999999912,0.9159142627276884
10,8,0.02849852223891003,0.9999999974708278,0.3370982739795308
10,9,0.0039702041835912765,0.9999832455820088,0.9999338665494762
11,0,0.9999344554122018,0.17817755754313072,2.4667134899029284e-09
11,1,0.9999338930386481,0.1794561792314833,6.610696135189609e-05
11,2,0.9999999975252452,0.17986122514837896,6.572050555897641e-05
11,3,0.9999397069732268,0.1783290073885615,2.685775723077887e-09
11,4,0.9999597182876896,0.18395837257818085,1.6363381381769189e-09
11,5,0.9999999973134752,0.18012901476057117,5.887763865312381e-05
11,6,0.9999999973586333,0.17023820139881188,6.143740877275001e-05
11,7,0.9999352423503669,0.17634481040902733,1.6692412543081302e-09
11,8,0.9999815603613847,0.17944951089624453,2.7008890848931755e-09
11,9,0.9999999982981603,0.17557990990506384,5.900003033636989e-06
12,0,0.6505276987695852,0.04232233222565227,6.601844972673916e-05
12,1,0.6678119453607806,0.04336271952857057,2.662631338311643e-14
12,2,0.6653368845299037,0.04420180487555881,2.430338240221043e-15
12,3,0.5976236278674601,0.043689069382284874,6.610696135189607e-05
12,4,0.6607203046532729,0.043766630655024445,6.564207274092494e-05
12,5,0.6955098850927713,0.04275290246109996,6.600599443773633e-05
12,6,0.6121621076312143,0.04302855623516179,2.050466910112144e-14
12,7,0.0017680741985247601,0.09646624815937485,0.03251991719722569
12,8,0.6350840539365161,0.04347974456473288,6.610696135189607e-05
12,9,0.626428449706303,0.04350164797502817,6.610696135189607e-05
13,0,0.000690001496625183,0.6155898608244947,0.8622487974827275
13,1,0.0014212557624582694,0.8466252457454381,0.5613187510162357
13,2,0.01437430385976751,0.4278760495348565,0.748499402787473
13,3,0.0003074354742281666,0.33561471570770696,0.5810602664578944
13,4,7.080358067134147e-11,0.9336166904927912,0.6766203963209432
13,5,0.002916688134679381,0.8003626272057512,0.629698758887017
13,6,2.8458315563069034e-07,0.4271299568487674,0.5145716566202079
13,7,0.0004548886446132143,0.9247636755610928,0.5301419378029744
13,8,0.0012824546036637413,0.6713798857919572,0.3909411418156064
13,9,0.9999338930386481,0.3320965208787568,0.10376256230745173
14,0,0.5743717740608825,0.04133919203894645,7.0776854027549295e-15
14,1,0.5719185359220708,0.04005677456364007,3.603934288779481e-14
14,2,0.5336987971150439,0.04443478379035066,6.610696135189606e-05
14,3,0.4241963992673409,0.05153237658224137,1.0323876151870526e-13
14,4,0.6475767395001005,0.03376814566162886,1.1076536583293898e-13
14,5,0.5161183828084058,0.042964602732621496,6.610696135189607e-05
14,6,0.464131256752626,0.04604347496066242,3.630463374460043e-14
14,7,0.5523440199059974,0.03954065412515716,6.610696135189609e-05
14,8,0.5804318204045658,0.039220145579996986,6.610696135189609e-05
14,9,0.5898401886592992,0.038068519687742615,6.60488230115562e-05
15,0,0.6503434597760379,0.02307289734688459,1.7857269943830525e-13
15,1,0.8925992084639468,0.023211031572781347,1.802483750866263e-09
15,2,0.4896720417196512,0.02255476939676181,6.098856866462097e-15
15,3,0.6667299311279525,0.023089241840554015,6.60563513523873e-05
15,4,0.6953669043003553,0.023226141146610434,1.785628495963573e-13
15,5,0.6519314657092508,0.02315837472253572,6.589991600351943e-05
15,6,0.6549514517133621,0.02303371510068826,6.610696135189607e-05
15,7,0.6605621635918285,0.0231162312050231,6.6048371147651e-05
15,8,0.6521888868545661,0.023522098410754852,1.785714676280272e-13
15,9,0.6622676776267266,0.022850108941818985,6.603430201472167e-05
16,0,0.9999999982082115,0.12936293271544733,4.0465439583242256e-05
16,1,0.9999373383994987,0.13207078675651976,6.610696135189609e-05
16,2,0.9999999978582598,0.1274669957727477,1.7564179054368883e-05
16,3,0.999951645259247,0.12817310952158506,6.610696135189609e-05
16,4,0.9999999972991109,0.13358099033490933,5.458195395131467e-05
16,5,0.9999932988589966,0.13345375487591082,2.505278250057954e-09
16,6,0.9999402112745194,0.13037746928820784,2.686524777291454e-09
16,7,0.9999690744923672,0.13277183015026273,2.700889084883011e-09
16,8,0.9999593527975345,0.1307055820861101,1.6692412543081302e-09
16,9,0.999949597639064,0.1305159759012414,1.6692412542945777e-09
17,0,0.016911666708912147,0.6425407629449335,0.38159900860416696
17,1,0.8596921769906023,0.008946642659420304,0.916010508721115
17,2,0.0014681607755681705,0.7890418651512038,0.6193652177830319
17,3,0.902522902040853,0.009182053096197238,0.8153608229445614
17,4,0.8473873105962256,0.013411546719623472,0.8959780794304731
17,5,0.8258060457683998,0.01327087762335192,0.9568003001854513
17,6,0.011417875301929859,0.6051440364454913,0.5226932536161334
17,7,0.742904784033623,0.014524240727174667,0.9536054026492286
17,8,0.008040250885940986,0.42045345072505114,0.5982403813788469
17,9,0.009426013359222432,0.5803598488529715,0.6871617291859562
18,0,0.8094785411183424,0.04648068478853218,6.590988980420559e-05
18,1,0.8333996630128171,0.045581357853841646,6.539271727122966e-05
18,2,0.8228550112736329,0.047312071950342795,1.786038207456589e-13
18,3,0.7862937478641153,0.04713209428870381,6.594699764690177e-05
18,4,0.59799773546667,0.04548209798724177,6.568391051644206e-05
18,5,0.8090767283038646,0.046978134564800746,6.595854327306839e-05
18,6,0.7872975992015673,0.04647152467012983,1.0347356246794009e-14
18,7,0.8366906311706526,0.04608216020521141,6.590526341523858e-05
18,8,0.8071132009225456,0.04536284313267338,6.610696135189607e-05
18,9,0.7919523331716806,0.04521286046640585,6.288547445976221e-05
19,0,0.0051877376454997695,0.597547023922464,0.04946734250745238
19,1,0.008049082813625263,0.4291199607432581,0.08963763023905578
19,2,0.9999338930386481,0.12809496797423187,6.610696135189609e-05
19,3,0.999934271429637,0.190253294570795,2.6564446854114012e-09
19,4,0.999999998386891,0.09825377078410974,4.243067675591117e-05
19,5,0.9999338930386481,0.19488814316582254,6.61069613518972e-05
19,6,0.005140697712202656,0.6248940387462345,0.09301010297379136
19,7,0.9999999978155354,0.12848789543881056,5.04403970562378e-05
19,8,0.005276917696542892,0.5732269140212831,0.06519842544455816
19,9,0.9999373182288404,0.10342436818015577,2.7008890848931755e-09
20,0,0.9999379126771674,0.027266681004931057,6.610696135189609e-05
20,1,0.9675916538960316,0.025972242813234563,3.4335753209164014e-09
20,2,0.9236652412572659,0.032904215476441234,1.6403672947832562e-09
20,3,0.9999591080751691,0.019390585900405495,1.6692412543081302e-09
20,4,0.9999999993768084,0.024269019728916288,5.396210869400286e-05
20,5,0.9947415532567887,0.028044788614996787,1.6692412543081302e-09
20,6,0.999999999632336,0.020996399749713814,2.525158315918255e-05
20,7,0.9535447534359646,0.025828332631540614,2.729306312818707e-05
20,8,0.9184479534243892,0.029892833344124823,1.6692412543081302e-09
20,9,0.6449730902237498,0.042208565255280626,6.44874903101412e-05
21,0,0.9268218065105684,0.09769870415716714,3.924596640630441e-09
21,1,0.8354030015710737,0.1035245502258632,2.3868722186939732e-14
21,2,0.9135125029118786,0.09736895615353909,6.566557290113964e-05
21,3,0.8986069420529069,0.10417086552358813,6.610696135189607e-05
21,4,0.9180963810580423,0.10350371655725718,4.720163973600145e-15
21,5,0.8814848420126649,0.102059918405274,6.610696135189607e-05
21,6,0.9494525959369007,0.10221175865585895,3.4962651077090822e-09
21,7,0.9083267420001752,0.10234820124102802,1.103881075859066e-13
21,8,0.8899995128708712,0.1029250753204299,1.7860100873296562e-13
21,9,0.8342948860511374,0.1093572080376856,3.2337425064495008e-09
22,0,0.9369131121660035,0.003996484895114673,0.05614067904858728
22,1,0.019497147333985054,0.0012608322606888558,0.8511405379666674
22,2,0.6018576633903822,0.005106031366890908,0.1913251696540805
22,3,0.7365469446124396,0.004743110311489419,0.12671861500258852
22,4,0.5818937398088401,0.004488713789293817,0.13251514597963693
22,5,0.47612978203306505,0.0037053993150281046,0.20484832640875877
22,6,0.9999999963980923,0.007182280606550944,0.03952199116884517
22,7,0.9999999983544233,0.007418343351676985,0.020518863444060915
22,8,0.9999999994713642,0.007672237689027137,0.04789725290268665
22,9,0.9999999989027022,0.0038604253328231026,0.020008858390874653
23,0,0.7386451953892836,0.0032956414953064965,0.9999377670645506
23,1,0.580217791287662,0.0023196129168444666,0.9997487064057085
23,2,0.5300333362385491,0.0011439543103757151,0.9999610890552405
23,3,0.7212433859070859,0.0027724650214982997,0.9999996619728558
23,4,0.40985346088001495,0.0013993530021584987,0.641635419522982
23,5,0.45005438474253595,0.0013587827492247098,0.841777146263119
23,6,0.7837506751041116,0.0035276343215475733,0.9999429810995415
23,7,0.7117079017332518,0.0029871097837030234,0.9750240482984013
23,8,0.4272252269173946,0.0011412437843858348,0.590791722008179
23,9,0.6372034431258752,0.002917454284622254,0.9108464373094907
24,0,0.5339462891116278,0.0026001491397955457,0.6687019701690873
24,1,0.4139885780827191,0.0011593140414854772,0.4288587378690561
24,2,0.34059532376752644,0.0009933868670465795,0.462242369510739
24,3,0.49923858673896754,0.0026520409394421842,0.9999338972278766
24,4,0.5479031366115363,0.0024507319606473787,0.7497881041436218
24,5,0.5143542842143967,0.0025714309392841856,0.7402092080358073
24,6,0.4186748863529724,0.0009760355845666082,0.39625002215143657
24,7,0.3587610710017701,0.0018210279636714048,0.6023860650735587
24,8,0.48693097104975147,0.0014036652217004437,0.8067302830044697
24,9,0.30869774809677125,0.0010569606841912354,0.29188895293741807
25,0,0.00044023696772337224,0.8982636559480066,0.9766221610343299
25,1,0.0032903476156199854,0.6231767695548301,0.9999283438112567
25,2,0.0038724632910268155,0.8846274630533906,0.9633684242755323
25,3,0.0006923008126736591,0.8668116785613882,0.7130436835474373
25,4,0.0035777946562591716,0.9242660589918557,0.9999409141103528
25,5,0.004218562016342197,0.6396859092228668,0.9999999999381735
25,6,0.00436282794971385,0.6860245492386589,0.9999991136217903
25,7,0.005390552181709353,0.6455597471253737,0.9999999999998769
25,8,0.00371552896410471,0.6172735719802445,0.999998243927342
25,9,0.0015632202669751945,0.8473302907866255,0.9999354020189878
26,0,0.5411870432140637,0.09824162673667805,2.2507041099654532e-14
26,1,0.4035627368099131,0.09741781709055483,3.1230387492005887e-09
26,2,0.4976349343141395,0.10536141962520246,6.327311487798001e-05
26,3,0.5435277225113253,0.10348708138470225,6.522847732968194e-14
26,4,0.7589083326139532,0.11525153841518307,1.5216866266752526e-14
26,5,0.41280802436545283,0.10828015745747036,5.055477465392536e-10
26,6,0.48441865174692206,0.10741687687860248,2.365828630380085e-14
26,7,0.5472309428002119,0.10286849192880983,2.765828158404503e-09
26,8,0.5395458775562947,0.10604292792380395,1.0710610719876557e-13
26,9,0.5481907159849823,0.10542104949971805,8.110607635794057e-14
27,0,0.9999999992555633,0.17563679648302816,6.510661392077686e-05
27,1,0.9999999986751905,0.1761585650699841,6.603346483258118e-05
27,2,0.9999420126206581,0.17377134073606748,6.610696135189609e-05
27,3,0.999936810979541,0.17473075968291316,2.700889084879623e-09
27,4,0.9999713013078375,0.17731151046529964,1.669241254301354e-09
27,5,0.9999568258916949,0.17605486484011568,2.700889084879623e-09
27,6,0.9999475282801044,0.17970122159052007,2.700889084883011e-09
27,7,0.9999675708153264,0.1747311932729199,2.700889084883011e-09
27,8,0.9999601176882988,0.1759954105172689,2.6769524585271273e-09
27,9,0.9999527385757102,0.17534869040492934,2.686524777294842e-09
28,0,0.41269350834898955,0.002330036754090973,0.053162212600604504
28,1,0.17597750807190818,0.001632538081626375,0.06346043705856634
28,2,0.2929559125734938,0.0015170554172186852,0.07060727820028045
28,3,0.38704894257553824,0.0021475664980797338,0.07150586868709366
28,4,0.389578224945248,0.001360552480456443,0.06166348908818636
28,5,0.5923503138663807,0.0017794314848041165,0.09645663465971585
28,6,0.3275547698371763,0.0019891090443591745,0.08333609064016685
28,7,0.27748743120030495,0.0022597415922808823,0.0669035101204465
28,8,0.36285935039382183,0.001693379027565594,0.06281344841568086
28,9,0.24405228860523598,0.0023044619206703666,0.12213976197001583
29,0,0.9999999972490063,0.024897521272522222,0.25473357023300575
29,1,0.3971856182123773,0.0034278473306130867,0.7430887270252238
29,2,0.4441345869598418,0.0034787567935376826,0.7957749608926992
29,3,0.9999999979005231,0.014133059012684808,0.5596171583030515
29,4,0.9999338930386481,0.0312797867970288,0.21300899018910222
29,5,0.9052377905246018,0.004571457817834876,0.9999999994189305
29,6,0.9999999972991109,0.017416785589639425,0.44988418954661785
29,7,0.9999999972991109,0.005347916335575102,0.6975360218834508
29,8,0.3038715753870155,0.002921186031644936,0.6930022283101142
29,9,0.9999999983307587,0.017979592953217945,0.4121305456445051
30,0,0.7516338968829566,0.0491689208452088,1.5566872838400472e-14
30,1,0.6216678132615231,0.051841626438716044,1.1036512018374419e-13
30,2,0.6699751854558387,0.05531048073799572,3.75732938340912e-14
30,3,0.6398483991889657,0.051678515757924745,1.7857011893754218e-13
30,4,0.9238847709096437,0.052401742467095905,3.0158425915274584e-09
30,5,0.6866173802140935,0.05030688769923926,9.190364113731724e-14
30,6,0.3798208396066631,0.04951472859508585,6.600600025343546e-05
30,7,0.6659200284492126,0.05180810542269407,6.610696135189607e-05
30,8,0.6457997488011658,0.05167708979207466,1.7856490636585436e-13
30,9,0.7502457469154531,0.05248977461098347,1.1037271120120044e-13
31,0,0.9999429720153172,0.23793436378231286,2.608204187362303e-09
31,1,0.9999338930386481,0.23901500926299638,6.610696135189609e-05
31,2,0.9999402667993329,0.17966230321872367,2.700889084879623e-09
31,3,0.99999181483387,0.24347938239681352,2.7008890848931755e-09
31,4,0.9999999977150437,0.24154961430705446,6.412498137514735e-05
31,5,0.9999999972991109,0.19697225835790255,3.908272010622438e-05
31,6,0.9999417387066821,0.22777985007982593,2.700889084883011e-09
31,7,0.9999434629481405,0.23464513576614926,2.700889084879623e-09
31,8,0.9999338930386481,0.2394115630335767,6.610696135189609e-05
31,9,0.9999462016030383,0.23642871675426547,1.6692412543081302e-09
32,0,0.6646047447975161,0.16209710503521294,2.583614779934221e-09
32,1,0.0045952687622742485,0.3034314143851023,0.09031352281003027
32,2,0.6679959799578086,0.17330910758268223,6.57613881138344e-05
32,3,0.5581106188242415,0.16758887148067234,4.708406304854571e-14
32,4,0.7562597285659216,0.12368703304695979,3.3137151268943475e-09
32,5,0.006638609340821413,0.2847258240194516,0.08447104695684407
32,6,0.004306022377631826,0.2817335705499548,0.09393515685326911
32,7,0.5523912978251831,0.16302120528707545,6.610696135189609e-05
32,8,0.4614799743208224,0.1657356384633464,2.441317399806063e-15
32,9,0.5263941624931968,0.15648871989514884,3.25663143930469e-09
33,0,0.7691464178110938,0.025656484613300407,3.4982812223775513e-09
33,1,0.9999491586368399,0.01932276608048262,2.700889084879623e-09
33,2,0.9999999983307587,0.024169712503511055,6.21917133804106e-05
33,3,0.9999677027670956,0.016663259499978125,1.6692412543081302e-09
33,4,0.9616995213525573,0.011706636629145445,0.017645259725988727
33,5,0.9999999983307587,0.02902259931603688,6.019472131085238e-05
33,6,0.9999550253158689,0.015776601669708373,0.0013977316773736879
33,7,0.9999499155941468,0.02055129213799917,2.700889084879623e-09
33,8,0.9999296706501213,0.014660674731810024,0.0050490945959188035
33,9,0.9999489492572322,0.02826264163258085,6.610696135189609e-05
34,0,0.999999996555318,0.002884725031244783,0.00900311370645517
34,1,0.8905879963474104,0.0016757997831449724,0.007529199293367328
34,2,0.9999999999999969,0.0031795391046581527,0.008224591973272685
34,3,0.9999999981665431,0.0019882817578313404,0.0029026404431354096
34,4,0.9999999958462731,0.0030014043682397907,0.007079796827833966
34,5,0.9999999981125217,0.0020869269916276496,0.0036031339159751574
34,6,0.9999501567875609,0.0015631697188536338,0.00927970953124007
34,7,0.9525034396188454,0.0029157111322429675,0.00646693535146112
34,8,0.9999999973300026,0.0028480866700902785,0.0006738160183526778
34,9,0.9999999998754054,0.0027363241050940017,0.011676742967104576
35,0,0.9999385965167363,0.10795698390770155,2.700889084876235e-09
35,1,0.9999338930386481,0.08722861974541904,6.610696135189609e-05
35,2,0.9999338930386481,0.1241139995063225,6.610696135189609e-05
35,3,0.9999999966724136,0.07285758779201645,5.732284158041014e-05
35,4,0.9999999983574671,0.12044322537067816,5.906469010499435e-05
35,5,0.9938939636473709,0.0769607408935486,2.487917824928437e-09
35,6,0.37286889432677256,0.15875689164713938,0.012161281061049948
35,7,0.9999421816136327,0.10075308012853383,2.700889084883011e-09
35,8,0.9999413006775639,0.06765251847937843,1.6692412543081302e-09
35,9,0.9999356478982278,0.1190091294551572,2.3651719779657583e-09
36,0,0.9999348497165859,0.12119071751283737,1.6692412543081302e-09
36,1,0.9462427165621735,0.10287123940596593,6.610696135189607e-05
36,2,0.9999346545799056,0.12700122560193428,6.610696135189609e-05
36,3,0.9999999972991109,0.1275756685975128,2.6909260242025062e-05
36,4,0.9999999972991109,0.12637593485712242,4.3037930705376965e-05
36,5,0.9999407202663959,0.11506868077730589,6.610696135189609e-05
36,6,0.9999379733145738,0.12062564865898044,6.610696135189609e-05
36,7,0.9035296754570629,0.11244417871439069,1.1041585310052444e-13
36,8,0.9999999978070038,0.11807225300705586,1.038854452245446e-05
36,9,0.9984311958601289,0.12759427559649003,2.5901556347230324e-09
37,0,0.6964206177789604,0.001033506809847882,0.19770910332156008
37,1,0.6594004276765967,0.0009125488980982613,0.27376416345076715
37,2,0.6965476031723609,0.004155181372339031,0.5516077821026267
37,3,0.728500317208043,0.003207891720011217,0.7290596335972239
37,4,0.6611884046666462,0.0010987402951818915,0.24674323247004118
37,5,0.7590400050672635,0.0010588960695126297,0.5218404121436787
37,6,0.6760032676060906,0.003775007221145348,0.49365192616708364
37,7,0.7114676971174312,0.0033183429314602754,0.5074492259841855
37,8,0.7248233095764062,0.002557340240354107,0.3435420145541664
37,9,0.6424930332043509,0.0008839439137233489,0.25795679919837483
38,0,0.5751396196208414,0.00355079688144991,0.9681751879254229
38,1,0.5914894268305116,0.004850881509251962,0.7303623423327984
38,2,0.49361980062331995,0.0023601270367477035,0.6383199724527489
38,3,0.6203317991330555,0.006208546970762318,0.9999999973110324
38,4,0.4239173169993911,0.002817859166140857,0.48232598965863377
38,5,0.5818965522164457,0.002087159477952522,0.4614236254981518
38,6,0.49836485284962445,0.002341657505661744,0.4671301617468768
38,7,0.5465973328911319,0.004208345825108969,0.7374284868623935
38,8,0.6383277584222701,0.004167157892992004,0.46969288284202515
38,9,0.5712982601422651,0.006067043874762251,0.7943957304400636
39,0,0.9999999977267394,0.02711247427440252,0.13615690021965585
39,1,0.9999432670983363,0.05200218181904611,0.0007371022968761182
39,2,0.9999999958141903,0.040820598500351,0.042765224595369626
39,3,0.9999999974574499,0.04348135429339207,0.03322250200432104
39,4,0.9999339534162964,0.07024174566105106,2.700889084879623e-09
39,5,0.9999999977124099,0.06209409802170445,6.270462418245609e-05
39,6,0.9999558827215939,0.06613179171009038,1.6692412543081302e-09
39,7,0.9999393068137907,0.06022672002214144,2.472013281532991e-09
39,8,0.9999999963688938,0.02574583941179875,0.14822145696000877
39,9,0.9999375546218852,0.022895597319199962,0.18164928439755268
40,0,0.009491469625286672,0.82462014119274,0.278361503074091
40,1,0.004990317715034312,0.5090286474798208,0.4751898168830311
40,2,0.006380341940897443,0.47217773649044725,0.4618704991697644
40,3,0.006931281977887125,0.453909545496142,0.5676837169779482
40,4,0.00505833207685398,0.4928443871020017,0.3804644757970372
40,5,0.00444761356875763,0.9042267436859935,0.38273248226252277
40,6,0.0025975549394753696,0.9999999998699006,0.44447310203856993
40,7,0.006988509907870588,0.5367045323129709,0.5045503374626218
40,8,0.0067008548559239905,0.5678781522538506,0.40570637823694755
40,9,0.005343932424539474,0.8872443202755563,0.3285072257056653
41,0,0.5154095859217019,0.0003253525723580776,0.09318325905139019
41,1,0.5121086327796686,0.00032361375271003687,0.1231420479455456
41,2,0.5117349250215781,0.0004006567654531467,0.1921985055910891
41,3,0.46954034056207344,0.0002849789652350798,0.12461223171831859
41,4,0.49839158186228344,0.0003563639238212124,0.13359899518847806
41,5,0.9220978986373648,0.000317172430335496,0.10801621957003943
41,6,0.6021690918634816,0.0002689968605429106,0.16822581583702384
41,7,0.4920332933256534,0.0003472900689706838,0.12161198501642365
41,8,0.4767954014192624,0.0002402986958747406,0.09336737105400607
41,9,0.506565790483808,0.0003103605010470414,0.1400679012121026
42,0,0.9999338930386481,0.1476707841707271,6.61069613518972e-05
42,1,0.9999999983412247,0.01318895204666823,0.2111943364285938
42,2,0.9999338930386481,0.16653848145057618,6.61069613518972e-05
42,3,0.9999338930386481,0.021858006051825515,0.17118041495374958
42,4,0.9999999973520638,0.022013110764982483,0.09989730786704487
42,5,0.9999338930386481,0.10147026256650893,0.04851454432265978
42,6,0.999999997348352,0.020387561922995904,0.2185560507154381
42,7,0.9999338930386481,0.10213845878648331,0.0455963578285421
42,8,0.9999004536450933,0.1619818694604871,0.6805228296694713
42,9,0.9999338930386481,0.06539606959569377,0.09637201842308252
43,0,0.8246080278809488,0.01567611018214994,0.9243074010206737
43,1,0.03456644599000633,0.030441774822840786,0.9999999962286464
43,2,0.029109558872691337,0.012652550184182852,0.9995109509476676
43,3,0.029855857172038622,0.016542129070667492,0.9999999985824574
43,4,0.02932025125497132,0.026134265555990098,0.9999999984419841
43,5,0.028485389270969982,0.01846861912745877,0.999999997756641
43,6,0.9999999947094944,0.024739963218386698,0.9252693682691159
43,7,0.03690754791020736,0.013608462949623628,0.9999210454544577
43,8,0.9999338930386481,0.022011023374171147,0.8450380066588984
43,9,0.9999338930386481,0.017731423788608737,0.8470280776026333
44,0,0.1401475503662202,0.0034064044377654693,0.9999994356060238
44,1,0.14574912389872063,0.0028050142325668033,0.999999996826134
44,2,0.12645743393964767,0.002047074461182265,0.9999999986812738
44,3,0.09876351987727486,0.0018984213716620433,0.9999999731013746
44,4,0.13991352428150822,0.0016502199123559767,0.9999999978034887
44,5,0.1105067474077674,0.00470999360997078,0.999999998510839
44,6,0.1255424934552153,0.0016172440297098421,0.9999999962587923
44,7,0.21369341093797733,0.003563468835523455,0.9857788886195982
44,8,0.11496372333626075,0.0017353234351606222,0.9999999989683521
44,9,0.13595303486006818,0.002802003952352226,0.9540560456495738
45,0,0.9003615466070108,0.2100720952367759,4.4573947612581803e-14
45,1,0.8453837468068979,0.21086246949042867,6.610696135189609e-05
45,2,0.8795658382670662,0.21057531232297866,2.3488615815068213e-09
45,3,0.8208952810426566,0.20782791501418016,2.457139460894378e-09
45,4,0.8721090708427527,0.21031400335265238,3.728815114819217e-09
45,5,0.8460810608146905,0.2124740292622463,6.61069613518972e-05
45,6,0.8401802305777759,0.2048865809843576,4.273300656745544e-09
45,7,0.8712470049332468,0.20520930877191929,2.0296568659566644e-09
45,8,0.0010657989942850679,0.9999556496464832,0.06902424961944623
45,9,0.895451419356891,0.21191997992511338,2.3442365273465334e-09
46,0,0.9999338930386481,0.36693661382470155,6.61069613518972e-05
46,1,0.9999338930386481,0.3720463510880482,6.610696135189609e-05
46,2,0.9999926420032703,0.3615310189219156,2.438314972849566e-09
46,3,0.9999338930386481,0.3649984858388987,6.61069613518972e-05
46,4,0.9999338930386481,0.3687552316261602,6.61069613518972e-05
46,5,0.9999369201331268,0.37306879032702256,1.6692412543081302e-09
46,6,0.9999879692100213,0.34138328103784443,2.4577283710389185e-09
46,7,0.9999338930386481,0.3593048008454088,6.61069613518972e-05
46,8,0.9999338930386481,0.36544415245198625,6.610696135189609e-05
46,9,0.9999753705595236,0.37227801973283836,2.700889084879623e-09
47,0,0.9999382810144414,0.23322868326581028,2.6559694993808083e-09
47,1,0.008654796437736251,0.8625263267675989,0.06764990199448107
47,2,0.0072720691604389555,0.8171086983297025,0.08608710138704108
47,3,0.010887087520234264,0.763878117747447,0.05601160382287377
47,4,0.999999997658731,0.27121980661688594,6.51127422808989e-05
47,5,0.9999338930386481,0.22249815284797086,6.610696135189609e-05
47,6,0.015916731148293603,0.5145757251780816,0.07699193772997087
47,7,0.999999998352134,0.2685750727911827,3.584770930099412e-05
47,8,0.01434473517625038,0.7008492896205074,0.05059939787371513
47,9,0.010321125015675019,0.7661459872727084,0.06627144934941587
48,0,0.029456608292425884,0.001717948192288527,0.9999652112447677
48,1,0.021005228401872484,0.00038502693569633265,0.5048887533284132
48,2,0.3401506010951149,0.002024903289572,0.6816876619158729
48,3,0.01778656439324285,0.0004438717890909057,0.452425589811197
48,4,0.2724888786930373,0.0021913592632067567,0.6321777651666304
48,5,0.6029523267135399,0.0018474905253030628,0.5792459727559195
48,6,0.48340222759100787,0.000962158226416031,0.6513367919949716
48,7,0.4322810702245105,0.0017034968724826776,0.32327964561711103
48,8,0.36657842829106346,0.0007516174630177919,0.40843635186947513
48,9,0.49430455979976123,0.0017364314632230618,0.7222724136164296
49,0,0.00420103391442054,0.9999999986172913,0.840252421733908
49,1,0.00234797610221109,0.9999999973183786,0.9452519739330192
49,2,0.0026897753819050837,0.9999999516358781,0.6107972241934491
49,3,1.219916228278639e-08,0.48087754201399713,0.9670131023938046
49,4,0.004541763860310149,0.9999975689511827,0.4290849015019623
49,5,0.007805810580982209,0.9999842675399151,0.570452183139235
49,6,0.0032301909612756775,0.9999974754684554,0.536353150651837
49,7,2.7852598872252905e-09,0.7570480988983787,0.8644622125116361
49,8,0.0014212435848413914,0.9999975897070477,0.7028899736068761
49,9,4.164711465055282e-09,0.664190536317606,0.9159824511886754
50,0,0.600052306955866,0.027787101929455466,6.507603745133351e-05
50,1,0.7722480741332938,0.02799817487911934,6.9608718541411556e-15
50,2,0.8027711492764911,0.02782385119295933,1.7327369502572096e-13
50,3,0.7860066739294466,0.024333374566422712,1.7114024487122995e-14
50,4,0.7517839621081229,0.02883995524370537,6.570594024136642e-05
50,5,0.6688573580082486,0.03138563580587114,1.785684305707153e-13
50,6,0.7589052722238805,0.028446395425237088,2.1982870572837593e-14
50,7,0.7860999811645394,0.028152184145739008,1.1036554319522405e-13
50,8,0.8148420443342592,0.03468079315771642,1.1038462445118346e-13
50,9,0.6189136676928728,0.03793993551158278,8.443357029117654e-14
51,0,0.9464032438850374,0.004204583083016029,0.3767064078933206
51,1,0.9998298559346701,0.006140877782580609,0.2911480912617204
51,2,0.7669420074578268,0.004020398839392303,0.4671094634604047
51,3,0.27184569201972253,0.006865240421461025,0.12242929974529072
51,4,0.9999451746823084,0.004167259174794223,0.42082672878986344
51,5,0.9999999972991109,0.011081263331595093,0.1529506709253309
51,6,0.9999338930386481,0.007119813484086522,0.2420036317834044
51,7,0.9999531997789963,0.004231078437172531,0.5402066800937011
51,8,0.9999338930386481,0.008040047898868143,0.15928675861306024
51,9,0.9999006935843777,0.005471891437392899,0.30902027746756966
52,0,0.46784318309466727,0.018417166314909004,6.565699504839261e-05
52,1,0.3510346840497066,0.019049856485358726,6.569672067682403e-05
52,2,0.42875123382112157,0.018473645207291424,6.610696135189607e-05
52,3,0.4638974120128005,0.018444476835151803,6.607680632732653e-05
52,4,0.4375648576040966,0.018432227989020885,6.297618879153055e-05
52,5,0.47389654271009907,0.017856443712807264,6.608155211422041e-05
52,6,0.4650341029244717,0.01871336971332604,8.493553603022696e-14
52,7,0.43949573205931164,0.019262138494812033,6.537161623487222e-05
52,8,0.43000552087455757,0.01889012237820643,6.610696135189607e-05
52,9,0.4002168067857938,0.0200959099501233,6.562506083210886e-05
53,0,0.007718788441604941,0.9999999973750248,0.786698774075633
53,1,0.0032587424018980585,0.9999526598538051,0.9999999998392094
53,2,0.009790303206792847,0.9999999999999741,0.5901029542383558
53,3,0.005079829804943719,0.999999998209838,0.7509117196227165
53,4,0.0013069764863306772,0.9999997503560252,0.9999534111342293
53,5,0.015014343933383502,0.999999997370888,0.4711599395277501
53,6,0.013687298459587513,0.9999999982973063,0.4510613255307375
53,7,0.011218179002129512,0.9999999999999986,0.46695782491173343
53,8,0.0025206526061806295,0.9999999981070314,0.9999398707754356
53,9,0.008666700378391293,0.9999999999999553,0.7543913588889385
54,0,0.999999988440623,0.006543521562494618,0.05754212312068287
54,1,0.999999998491518,0.0086414635576641,0.05462503714855383
54,2,0.9940575065145958,0.007679919969262298,0.07048980426380391
54,3,0.9999576046294231,0.010097067265261581,0.04142138779508347
54,4,0.9953534668379876,0.008192433190926255,0.07913276438754498
54,5,0.9999999986123494,0.0053057788243340755,0.06848456598531222
54,6,0.9999442180051487,0.006036922488236268,0.07227384259432262
54,7,0.9932440651281269,0.011108685156588315,0.04643966631864029
54,8,0.9468717400207772,0.011610167980388598,0.02863663974304839
54,9,0.9977036502630698,0.005515990672444505,0.11672945017640317
55,0,0.9999999981003032,0.03251698335966379,0.8935450548976113
55,1,0.020675275504725574,0.17241992284011237,0.9647690143234041
55,2,0.999999998729736,0.019786218479234237,0.999984487017298
55,3,0.9999922646608472,0.018625825946081188,0.9999999983307587
55,4,0.03157432392320956,0.2337953288890062,0.9679506380868725
55,5,2.152484447463538e-11,0.24474059264479553,0.40985908786110675
55,6,0.018713942430155606,0.25711367688947473,0.87320050065813
55,7,0.9999623771261442,0.02403731659194419,0.999939047981261
55,8,2.9179265806635545e-12,0.3350487696686956,0.3199987092840816
55,9,0.9999230334602447,0.02045607155264707,0.99106497938805
56,0,0.9587108228216218,0.1164745789232341,1.7183936996334637e-13
56,1,0.9730498721189509,0.11732913986052808,6.610696135189609e-05
56,2,0.999944016348172,0.11625146829653478,2.487917824928437e-09
56,3,0.9999904504123455,0.11832711466417166,1.6639213191554621e-09
56,4,0.9999999979443862,0.11515882759450428,6.142283449891227e-05
56,5,0.9903879995490655,0.11845589833642005,2.700889084883011e-09
56,6,0.9999727224518183,0.11576895347136065,2.686524777294842e-09
56,7,0.9206803821690508,0.11465671201380694,3.33930848498852e-09
56,8,0.9999686239814708,0.11811127331923248,2.6322159624880435e-09
56,9,0.9999999985471621,0.11774542692792538,6.501660754816734e-05
57,0,0.9999345999420716,0.04104143373015132,6.610696135189609e-05
57,1,0.9999999973142282,0.045453847911123314,6.039657380708463e-06
57,2,0.9999693696391545,0.0514663221627307,1.6692412543081302e-09
57,3,0.9999453407042537,0.06385940173841871,2.700889084879623e-09
57,4,0.9999549377820786,0.03078997148331462,2.7008890848931755e-09
57,5,0.999968525065581,0.03880750591110744,2.700889084883011e-09
57,6,0.9999999974319699,0.06530251883391257,4.5763241621406994e-05
57,7,0.999945876011755,0.0325319336243204,2.3651719779657583e-09
57,8,0.9999920623902687,0.03704863200106157,1.6591090880839357e-09
57,9,0.9999651198952865,0.05151955489762232,1.6692412543081302e-09
58,0,0.9999576269346047,0.033112824052740464,2.700889084883011e-09
58,1,0.9999999985872796,0.031158341747628552,1.2036776258763064e-05
58,2,0.9999999989582796,0.03007004654996366,2.3501416287527274e-05
58,3,0.9999395802490277,0.031956295767986524,1.669241254301354e-09
58,4,0.9999342068905297,0.029071530397053513,6.610696135189609e-05
58,5,0.9999615739228512,0.025147115648989405,1.6692412543081302e-09
58,6,0.9999997674194877,0.026056759687126115,1.6692412543081302e-09
58,7,0.9999999974262203,0.030179634430295907,1.5431514868885667e-06
58,8,0.9999683660755054,0.03311796048822762,1.6692412542945777e-09
58,9,0.9999999992703816,0.021567949619065083,6.0555132231103046e-05
59,0,0.5493834956851951,0.03547850829103878,4.038439745960837e-14
59,1,0.5521437629831981,0.03473748371956723,6.592424499207288e-05
59,2,0.7876430491690612,0.034684498797573814,2.540986768990506e-09
59,3,0.517612878527783,0.035208111912376286,6.610696135189607e-05
59,4,0.5560479663875123,0.03460807099746701,4.0644792041842e-14
59,5,0.5447802107673284,0.03605426562053849,6.610696135189607e-05
59,6,0.5636745241182988,0.0351898487245514,6.46229995491356e-05
59,7,0.5473762537317799,0.03564489991791658,6.520137209269024e-05
59,8,0.5131131868001828,0.034823527132098915,3.9271870788572905e-05
59,9,0.5690915795104664,0.033779292126101056,8.463306767231187e-14
60,0,0.5655601867613232,0.05416930961124687,5.2679173426290967e-14
60,1,0.5375696262556454,0.05694987459872787,6.521259005303899e-05
60,2,0.5684847884802092,0.05492438183843521,1.785601011436019e-13
60,3,0.6220328735452227,0.054199693334990126,1.7855825008668534e-13
60,4,0.5638953747680964,0.05444798194412917,2.6618846695869335e-14
60,5,0.4593425738129661,0.05221556215208531,1.6090870288344865e-13
60,6,0.5741651653121255,0.05512090840133262,4.5370849722181136e-14
60,7,0.573523643098361,0.0534912771210605,2.7008890848931755e-09
60,8,0.5471337108205051,0.0540441875055755,1.0186490353912349e-13
60,9,0.5995792181237767,0.052933538835774535,5.173277716161272e-05
61,0,0.6198629686887487,0.0025032492266295584,0.9999395238763229
61,1,0.5285496187701504,0.0034924969180837526,0.9999374901172485
61,2,0.5910613227506823,0.001641578877570739,0.9999556567902436
61,3,0.6874141755414171,0.0029604931901551683,0.9999999973940993
61,4,0.49895633059735695,0.0017172188073117582,0.9999999980259835
61,5,0.5532478842983767,0.002763218387878829,0.999934030658558
61,6,0.7177905081886503,0.00295130749624674,0.9999999977183803
61,7,0.6408102782823161,0.0024542466744473515,0.9999571770423954
61,8,0.7162047798235627,0.002661958480592394,0.9999338848243802
61,9,0.6186822939255016,0.0021400930370354837,0.999941834277889
62,0,0.5330269571934692,0.002152619815750562,0.45900482053516006
62,1,0.4635182784906245,0.0021950806729044226,0.4198484318220232
62,2,0.4865614561270886,0.00222307858356796,0.29919678956463847
62,3,0.5297721539157156,0.0024931143770926816,0.5018454328026539
62,4,0.5128714264433376,0.0018524969469132053,0.3980277152203447
62,5,0.515621801803852,0.002277323893757705,0.38331348698308015
62,6,0.38844756315114415,0.0019046095744813965,0.3211843394013626
62,7,0.44972242226078507,0.0016207264614571438,0.5020750952917016
62,8,0.4817538019724126,0.0024036656228491604,0.401477850717159
62,9,0.2984114719432366,0.0010753767692454398,0.21559300828973368
63,0,0.5809239057885667,0.03620612357349596,4.968598642276292e-14
63,1,0.5545068982136991,0.03613607980929161,7.882996361669136e-14
63,2,0.9488797379132143,0.03683316467225478,1.5935913852621955e-09
63,3,0.5577847307909035,0.036920447681824904,6.539001610972126e-05
63,4,0.49663370765732673,0.0361865958508577,6.55458343658414e-05
63,5,0.5497547936786096,0.0360885817540237,5.550336177110468e-14
63,6,0.5458049553252937,0.03715629587451826,6.610696135189607e-05
63,7,0.5463670931343371,0.037040182161449525,2.3284628680089914e-14
63,8,0.558809515209949,0.0362222150008772,1.085629017203363e-13
63,9,0.5786684382643982,0.03653752820805339,6.610696135189607e-05
64,0,0.5247457631294026,0.0006188657256266242,0.16043167752271073
64,1,0.5604803359210261,0.000617793087431488,0.24520159849367892
64,2,0.4599610070712542,0.0005153670651516005,0.12685623265171955
64,3,0.9314613751804205,0.0005892735882776379,0.012924559154986696
64,4,0.49002109809255545,0.0002997260019988327,0.057521907387633436
64,5,0.49676737606547094,0.0006142318408024475,0.2546649166782946
64,6,0.49668158248245936,0.00035150538625050977,0.07075069630773131
64,7,0.9999999536216376,0.0006525852228545572,0.005061086004557474
64,8,0.5732041690567228,0.0002611830420583298,0.06633606998955555
64,9,0.9999206491330855,0.000588644648711619,0.005268599069990583
65,0,0.2536903626616915,0.002205148225836338,0.7489714330539043
65,1,0.5289458761820544,0.0011243546266583842,0.7093673926449832
65,2,0.22660462260083633,0.0011851158382312126,0.5634181782860684
65,3,0.27410204179397873,0.0018778663800498065,0.7292949070671043
65,4,0.26157758835313144,0.0015151147458940376,0.6191443909715594
65,5,0.2751996597324764,0.0015937817966287051,0.7893386248327374
65,6,0.26084522502849466,0.0012337601045845413,0.4846505667784622
65,7,0.25537311045287625,0.0020098757149964092,0.8738038245779496
65,8,0.2499421387014151,0.0020176974968956615,0.7408663404192422
65,9,0.1839935836315731,0.0017493875850423718,0.9999999978238483
66,0,0.9999999988620405,0.021144905439260054,4.064663608662088e-06
66,1,0.43763752358520547,0.02151695211546504,6.610696135189607e-05
66,2,0.599217889986185,0.020820965688920123,6.60320194166323e-05
66,3,0.6034637406138021,0.020532853036757354,6.600386832333859e-05
66,4,0.5254275204859937,0.02085098813913034,6.546921673382672e-05
66,5,0.5642079903466936,0.021639427706237876,1.0007838802803243e-13
66,6,0.5846116134575156,0.020751207805972737,6.60386198191772e-05
66,7,0.5693165869751605,0.021319581858007582,1.7856768251882053e-13
66,8,0.5588884785803226,0.021362368790513387,6.610696135189607e-05
66,9,0.4755011650663833,0.022732362397570646,6.605805230468676e-05
67,0,0.3486695881079507,0.0010132958040096017,0.18483290283463083
67,1,0.3386571251722819,0.00130813529536408,0.1132060154837079
67,2,0.43305488356338745,0.0013117350441885843,0.11149477966410475
67,3,0.447729469818319,0.0017320235388124656,0.17200770848511526
67,4,0.3582913480496121,0.001490834674459866,0.12419335306484112
67,5,0.3604914979873814,0.0019620968002281728,0.17325036800501079
67,6,0.543791753389646,0.001671318903972134,0.10236061066152738
67,7,0.36634715118108563,0.0009877647326159656,0.11931821535145487
67,8,0.3350713564945073,0.0015373751435112234,0.09380364654939166
67,9,0.37623443025317427,0.0011066883286250328,0.1195647590933867
68,0,0.9641775995704583,0.0030887268942926716,0.4849603842308856
68,1,0.8283222877186298,0.0041715627184384105,0.9458697359047941
68,2,0.8613126933567372,0.0031903938586412784,0.814875670887734
68,3,0.8164493135780858,0.0025173101930255847,0.9999999996059455
68,4,0.999999998351463,0.00760773405541867,0.5853770624939979
68,5,0.9173853004926894,0.0030990240522655327,0.5258487106008142
68,6,0.9230987082999564,0.0035058431462353682,0.6419319649911395
68,7,0.9999999987070236,0.007173914174708832,0.6187552646927248
68,8,0.9277699735527231,0.005539228735197744,0.7047996465667449
68,9,0.9999989491986353,0.008228789751198983,0.5659065867687519
69,0,0.9999999973142243,0.031437833473600414,0.044740943162597996
69,1,0.9999999981685894,0.030290600855087783,0.0640282350182935
69,2,0.9999433052838589,0.011534232062532169,0.28142218478316494
69,3,0.9999605748058136,0.030082178127153303,0.07741268139978863
69,4,0.9999724216268464,0.01595497861529044,0.17065767054999897
69,5,0.9999999987012675,0.013189047235356426,0.27937530200111654
69,6,0.9999999981126387,0.024634850151565767,0.11558645343661261
69,7,0.9999999986020728,0.011200777846272639,0.4004309812369165
69,8,0.9999999995960758,0.012614619304636187,0.292659581675869
69,9,0.99999999800863,0.028670684377694024,0.09463968356487457
70,0,0.7211985754064991,0.008545703101890723,0.7706790360807996
70,1,0.9999999991373097,0.016835613785419385,0.6893967113262525
70,2,0.8789087064782066,0.014204784600705902,0.9342286192333167
70,3,0.6885451126237994,0.0066487715694075,0.5573410721495087
70,4,0.8348138507514211,0.012823683297140297,0.7701361569867567
70,5,0.9999338930386481,0.07039396667536205,0.2008656408927547
70,6,0.9999999997153948,0.00047118653933636513,0.48786880267304417
70,7,0.9999642241054701,0.031988413852176246,0.30610641092904084
70,8,0.5922652094993677,0.0053000269551563015,0.8106373606213746
70,9,0.6045828943996451,0.005022652932891904,0.805549852710033
71,0,0.9999338930386481,0.9466427628596247,6.61069613518972e-05
71,1,0.9999338930386481,0.9428230175867253,6.61069613518972e-05
71,2,0.9999338930386481,0.999966604226056,6.610696135189609e-05
71,3,0.9999338930386481,0.9307212843423271,6.61069613518972e-05
71,4,0.9999338930386481,0.9750122832803554,6.61069613518972e-05
71,5,0.9999677168833763,0.9793434112715429,2.4710169980871662e-09
71,6,0.9999338930386481,0.9601830377016219,6.61069613518972e-05
71,7,0.9999999977288909,0.9999371928559052,6.471278475630898e-05
71,8,0.9999338930386481,0.9691303336102489,6.61069613518972e-05
71,9,0.0058853161499673595,0.9999999942832121,0.9999429260366024
72,0,0.9999999982857102,0.009996600125126827,0.024492938249495375
72,1,0.9999999972942555,0.012947621371088042,0.01600975026452331
72,2,0.9999999987090102,0.02332857746881517,1.2209730956851794e-05
72,3,0.9999339364504191,0.01809639382957172,6.607433065495161e-05
72,4,0.9999343856934785,0.023850002535062004,6.610696135189609e-05
72,5,0.9999999977306178,0.008244433868271419,0.049197955255153254
72,6,0.9999999979772903,0.01198333894335133,0.01844963870755844
72,7,0.9999999972991109,0.010574235055526163,0.02601469456169916
72,8,0.9998804150956566,0.014278822191230322,0.011674659605309291
72,9,0.9999738141226977,0.01810599898822687,1.6451241328409305e-09
73,0,0.6379830801622078,0.0656872516940241,6.60040337181913e-05
73,1,0.6843155184771167,0.07483812156868783,1.583479276505755e-13
73,2,0.7069762139704687,0.07502536325905773,3.2256637960161e-14
73,3,0.6928016529805626,0.07329365118252142,5.5884768546043925e-14
73,4,0.660580360125072,0.07367855019307944,2.690573886585568e-09
73,5,0.6760178914795829,0.0746098686107685,2.1255799906061536e-14
73,6,0.7111878314972269,0.0734921106329769,5.49041318334639e-14
73,7,0.6694137222149817,0.0723986194209564,6.57469200791255e-05
73,8,0.6687232109086709,0.07393766927016061,3.504289303995882e-15
73,9,0.6762406764142253,0.0731572870803703,6.610696135189607e-05
74,0,0.0027539674934853407,0.43663978206751813,0.7468384859822117
74,1,0.9999999958430211,0.08694092438499303,0.7952403103539591
74,2,0.003689756030137646,0.43633044762216056,0.7966673566354765
74,3,0.9999999977376486,0.07553703336498427,0.8279202001062557
74,4,0.0007130158304499291,0.24179279192082367,0.8270126965360248
74,5,0.9999338930386481,0.06692216215835578,0.8014262974515363
74,6,0.006042319015544547,0.548783768332828,0.7872000207073686
74,7,0.004359154472054464,0.5061803552017514,0.6907539114117504
74,8,0.9999338930386481,0.09450466801433252,0.7759539163238083
74,9,0.9999338930386481,0.07204314735347078,0.8367153100446485
75,0,0.9999995475456286,0.006110379764507104,0.32456343342875477
75,1,0.8023589381789279,0.0040445980431245395,0.7250509666227393
75,2,0.9484152809988387,0.004660542759618378,0.5713970249276478
75,3,0.6522322473464015,0.0022519855163422265,0.43202782978024223
75,4,0.8702353915997393,0.0030294075801899204,0.5467080683743882
75,5,0.5850290255498756,0.0021428311721918263,0.34123183178596206
75,6,0.8761586135104112,0.0033971631754911888,0.4648497511722521
75,7,0.9860672741159474,0.004287361966599357,0.5524234411933008
75,8,0.9999999988080469,0.007476998998110644,0.4147007684837528
75,9,0.9999999984686377,0.006384923383864778,0.6496572978662295
76,0,0.8955554737032284,0.006499619206819243,0.845815251129256
76,1,0.8662054035632486,0.014060470030855825,0.4680022054215152
76,2,0.948483841266567,0.01423647941157233,0.33401173153561503
76,3,0.8397722570580508,0.005131078968880495,0.8397902726298774
76,4,0.9934715989470918,0.014095172498123717,0.5814504901954995
76,5,0.9338974791864887,0.004719723892840619,0.9999999956298696
76,6,0.8169213763795509,0.003813259259209843,0.8154968107632573
76,7,0.8662232313149587,0.012655264131115477,0.6429947675274116
76,8,0.899560902949349,0.008430299205024583,0.7465102062289781
76,9,0.8363148006375323,0.005024735051364226,0.9999999989683521
77,0,0.9999659387671986,0.01655374364718423,0.7256198991713935
77,1,0.6639102318161264,0.004482618779062226,0.7695814727361092
77,2,0.9999999972991109,0.012540807972461368,0.6776485227987021
77,3,0.6968117090293794,0.004940423715570606,0.7318571146057232
77,4,0.7707898284278768,0.00533232264821795,0.9490394108628869
77,5,0.999997827634747,0.013700374080200342,0.5146404114458821
77,6,0.7350311100964003,0.0053177774605382795,0.9357557689856646
77,7,0.9999999983786194,0.016594143030911775,0.46933581166667593
77,8,0.9210171333158876,0.018349702879207706,0.48122979476609595
77,9,0.9581859887034515,0.010729328477582565,0.9999999994052494
78,0,0.9999999972991109,0.029675252794741383,4.234044337508756e-05
78,1,0.9999370663063134,0.032696758148720854,2.700889084879623e-09
78,2,0.9999999972991109,0.042950085469364005,6.585570615193888e-05
78,3,0.9999999972991109,0.031126761374512313,5.592338861807035e-05
78,4,0.9999999973142243,0.025825476178206283,8.21704183062171e-06
78,5,0.9999999983307587,0.021845677399923807,5.39534560584289e-05
78,6,0.999938601864843,0.04181480176671069,2.9704759955495423e-09
78,7,0.9999999975129197,0.03831393728472115,4.15138027701088e-05
78,8,0.999984851995341,0.01979466247434083,1.6692412543216828e-09
78,9,0.999941372518017,0.04316308110149397,2.686524777294842e-09
79,0,0.9995616519714466,0.014518943060731796,0.08068061428613697
79,1,0.9996554362914697,0.01932697032061389,0.06443965373484953
79,2,0.9999999920851883,0.025456682026291855,0.019558361122880893
79,3,0.9999338930386481,0.01681891880355844,0.038881669422948385
79,4,0.9999999983307587,0.025584121240823578,0.026720488209490887
79,5,0.9598468112353545,0.01495763735189169,0.08003238228058626
79,6,0.9999997739483978,0.024979859106255425,0.02790235346865498
79,7,0.8278847675601531,0.010288435972806211,0.2248639090755037
79,8,0.9991427911104133,0.014472314301628429,0.07670399623554104
79,9,0.9416734707803702,0.02014668614224461,0.05404707012061335
80,0,0.15586520062508344,0.0013563086779331377,0.9684028837737639
80,1,0.15211509205066587,0.0015904447242618227,0.9999999999894426
80,2,0.2328089144262625,0.0013571917402241261,0.9999999977082562
80,3,0.13695803307559726,0.002225637528289878,0.9999999992503247
80,4,0.1478354883165948,0.002285313425383514,0.9999999973623773
80,5,0.12685022298182497,0.0012195673908159356,0.9999999981711627
80,6,0.14766906236657262,0.002232735968929322,0.9999999976952756
80,7,0.13877656187659718,0.0010831094339815348,0.8900604867591825
80,8,0.1420545749668076,0.0020474379109893777,0.9999349847575698
80,9,0.1528492191370719,0.0012910881623075536,0.8857600156643524
81,0,0.9999461945119874,0.06882201837524302,2.700889084879623e-09
81,1,0.9999999989712902,0.05132501331602908,4.846200818332903e-05
81,2,0.9999999989683521,0.06319141260755107,6.00895229060536e-05
81,3,0.9999999994518091,0.05593106003672597,6.123446207332454e-05
81,4,0.9999994725535264,0.06469461179050699,1.7379996938832578e-09
81,5,0.9999738411778114,0.05863659021240766,1.6692412543081302e-09
81,6,0.9999807117869594,0.08137863852922761,2.3605314262374047e-09
81,7,0.9999999972991109,0.06755904093306375,6.470054086980858e-05
81,8,0.9999424744166637,0.05191638657253006,1.631561089960557e-09
81,9,0.9999877622157706,0.060994272650368754,1.6692412543081302e-09
82,0,0.259091396296594,0.004119511675224342,0.9999651462824494
82,1,0.24668652361325538,0.0016949015503555569,0.9999999999995393
82,2,0.2355992930230578,0.002611359616449514,0.9999516941806843
82,3,0.290035560014748,0.002212413465017333,0.9999338972419601
82,4,0.18777491901984722,0.0010018315531905263,0.660377407676121
82,5,0.48445449491686976,0.003485045287045063,0.9999339551636366
82,6,0.034246036666780263,0.0005517701614841765,0.7311433060355623
82,7,0.25375901854062566,0.0026380563950030088,0.9999598458587874
82,8,0.10601319145594686,0.0008788877039597239,0.41892285276948504
82,9,0.21270666074712044,0.0009486239322934272,0.768086736572524
83,0,0.9999412579840908,0.18662977012885648,2.487917824928437e-09
83,1,0.9999948253261339,0.18921473914926276,2.456397122857566e-09
83,2,0.9999344661382238,0.21215815522825596,2.487917824928437e-09
83,3,0.999999997634828,0.18404414591310037,6.396158533410663e-05
83,4,0.9999650082167393,0.15196997567914555,2.487917824928437e-09
83,5,0.9999364184575766,0.1574921808656147,2.281605129300893e-09
83,6,0.9999999975216621,0.15815578897879157,6.418325797362615e-05
83,7,0.9999999973216511,0.19217274259274456,5.494412727172736e-05
83,8,0.9999343183701918,0.18771646816928703,2.700889084883011e-09
83,9,0.9999999965079941,0.19128694134887703,5.439660882609293e-05
84,0,0.2235650168277269,0.001106436447767976,0.9999997423823251
84,1,0.20293061514721503,0.0005852929079291268,0.7132575353951478
84,2,0.22524747760512062,0.0012771737569972255,0.9999999999870197
84,3,0.22898922638208524,0.0014385647955114389,0.9999999215811929
84,4,0.23359273291377078,0.0010132360378212444,0.9997165605087424
84,5,0.2219757915604107,0.0011533831453401995,0.9998886397117397
84,6,0.1962631226745555,0.0006197477406029353,0.45171014543521704
84,7,0.1977977019252737,0.0006998041020296591,0.7632627356543109
84,8,0.25432516261342863,0.0008799313239060907,0.9218299446607394
84,9,0.2381851499457689,0.001027417130646942,0.9999346429654672
85,0,0.9999999990840377,0.01663405857793648,0.20247781500328035
85,1,0.9999338930386481,0.1037820765595489,0.010448892010311073
85,2,0.007221678288842212,0.12391532352720025,0.4796471832281876
85,3,0.9999999982903205,0.016953720251547174,0.25553868742229285
85,4,0.006356314916762118,0.18540785016012518,0.3346478579461459
85,5,0.9999338930386481,0.1044323982433022,0.017295261709608434
85,6,0.9999999981483859,0.014541340146988586,0.26525812898541784
85,7,0.9999338930386481,0.08319107949785719,0.05823228029137886
85,8,0.6263463737370193,0.016999532929967847,0.4748352629074777
85,9,0.9999999999872499,0.03214702537894862,0.15715838031852025
86,0,0.8200274402483667,0.0039931091874963525,0.2561883791076402
86,1,0.5265279044724259,0.002683719953195497,0.2643299359403442
86,2,0.7879091737360615,0.003673252160070874,0.34569663648797616
86,3,0.8641647930741384,0.004632786860936054,0.24254094876155285
86,4,0.9151132254982042,0.005250900298245901,0.1610917102466498
86,5,0.99999999947816,0.004574071994247784,0.14605505048233677
86,6,0.9269436465559224,0.005419305351251261,0.22848459321284834
86,7,0.7259040178620946,0.004872134377483783,0.38133221492159475
86,8,0.6684869290731843,0.002835008193842998,0.2586420562286176
86,9,0.6988062184532167,0.0028854182754122697,0.3035071373715155
87,0,0.13625349715016563,0.0031864617803808596,0.9999369205453789
87,1,0.44192916757205325,0.0013518447604816538,0.9999432686576774
87,2,0.5560808294255355,0.0032665253563915523,0.9999339241765299
87,3,0.1867121920059741,0.0011140611438723133,0.9998158172705827
87,4,0.4773460510846354,0.002986768868495168,0.9999338929654589
87,5,0.42593370398143554,0.0017767103416200345,0.9999566171230527
87,6,0.015939737686690717,0.0002799289520704848,0.08989420902237481
87,7,0.5463882388845319,0.004081494340448105,0.9999340503147726
87,8,0.4407854933113468,0.0017094646782428921,0.9999999998337253
87,9,0.39571165238958006,0.0025970617792733567,0.9999999996125554
88,0,0.025717158754858537,0.0004448619750171124,0.26973205420354596
88,1,0.03620810477601035,0.0008689086867838119,0.4357137694633075
88,2,0.03223366389661994,0.0014640648487012134,0.34991086128380083
88,3,0.02488206216419978,0.0011547040584646811,0.2662528773275303
88,4,0.03767865943594483,0.0008343498146320224,0.4230330244022922
88,5,0.022801958853419936,0.00020128836509566053,0.21324561826887187
88,6,0.028514854193843746,0.0008690392214343792,0.4882280617103468
88,7,0.023923034981703922,0.000537536226001022,0.2387274814646551
88,8,0.2809786540733059,0.0007795258940002895,0.45240041031485234
88,9,0.2869088786367742,0.001186241289642228,0.752536783838051
89,0,0.9999999973746296,0.0024370009547688867,0.9999720119626451
89,1,0.9999999983307587,0.002360267605409822,0.9999661367995938
89,2,0.9999999978471493,0.0014432143704916,0.9999783501617566
89,3,0.9999975728501918,0.001918225310011901,0.9999999972991109
89,4,0.999995449452256,0.0025284235684783036,0.9999999984288703
89,5,0.9999999998222209,0.0014926466252087303,0.9999373415785975
89,6,0.9999999981112909,0.0006160324630780508,0.7852831501101613
89,7,0.9999949161781104,0.001217067825358385,0.9999999989683521
89,8,0.9499668710048214,0.0013614015286663062,0.9999357059021529
89,9,0.9645142413885954,0.0023724429714906464,0.9999999983307587
90,0,0.02518914873788747,0.00021742835698629435,0.3867337139431423
90,1,0.11411930539061531,0.0011152522543815076,0.5521621801411235
90,2,0.09825191096464739,0.0007081836141037397,0.9999486298340584
90,3,0.12070582537087499,0.0010791251748362711,0.9059525042519536
90,4,0.22097589863115077,0.0012539717737519683,0.999944579793918
90,5,0.02271670236113731,0.00018992840447103437,0.2784078132629086
90,6,0.1272179145000155,0.0009612640776642358,0.9731146657999418
90,7,0.0994347757979968,0.0007676598147200905,0.5269929114025298
90,8,0.02428423248559284,0.0005056801424572499,0.6869068806521609
90,9,0.021939106888849726,0.0006023902857878307,0.37371490957884773
91,0,0.6061953058503877,0.0005905894682872781,0.9777971380068984
91,1,0.5182455254018942,0.00032178917098811885,0.6549514401059285
91,2,0.3019799375031603,0.0007664707733443081,0.4130295829378681
91,3,0.5607887773466758,0.000620269034160283,0.8245500152429709
91,4,0.6667722557006087,0.00023873663055504223,0.9999651372651219
91,5,0.5132257578088524,0.00039736413519546164,0.7781888821028284
91,6,0.585672924009348,0.0005842992192617068,0.920630835010275
91,7,0.5609320886100552,0.0004996091975382268,0.9107424563093258
91,8,0.5701630113030691,0.0006998041021009469,0.8801335728189408
91,9,0.6049567087186517,0.0006190541423978171,0.8450825366871578
92,0,0.5344467944587703,0.023184725263451136,6.607844957386784e-05
92,1,0.43387056015683584,0.023651358866279185,6.610696135189607e-05
92,2,0.537563474799397,0.02338589726163403,6.608441907176884e-05
92,3,0.9157203541542719,0.02291967740318053,9.74467461279412e-14
92,4,0.5409037646618023,0.02393754450467169,6.610696135189607e-05
92,5,0.5606176733293416,0.02341007581906834,6.602274282446933e-05
92,6,0.9999999985045488,0.02353205948966718,3.54362520481721e-05
92,7,0.4743262393232001,0.025795726956564697,6.581628797728096e-05
92,8,0.5458445348764507,0.0229189543496672,1.0548362583624057e-13
92,9,0.8437489954654351,0.023263635111701028,3.207578776412835e-09
93,0,0.9536043186758085,0.20727660234547476,1.7875292854249417e-13
93,1,0.9640437759941489,0.2092030374793434,4.1382062527122665e-09
93,2,0.897628087400199,0.20560576545380224,3.261939765511674e-09
93,3,0.9999393000974176,0.203108295310493,6.61069613518972e-05
93,4,0.9495553650457615,0.20583129546244208,2.103871757187857e-09
93,5,0.912462848729661,0.2121148760347695,5.681984788561858e-14
93,6,0.8339894339248728,0.20939201331362406,6.61069613518972e-05
93,7,0.9446864942841178,0.20780520250662834,2.700889084879623e-09
93,8,0.9392390271198823,0.210965248159681,2.700889084883011e-09
93,9,0.9965083726781645,0.2066990397022572,2.487080356860182e-09
