simu_idx,session_idx,T1,T2
0,0,0.0501515258062974,9.704857506610862
0,1,0.770174328550042,11.90098315962456
0,2,1.239953414038836,3.1296142058394407
0,3,0.47997539738827855,3.479089610925011
0,4,0.7614956080255149,12.640409658787975
0,5,0.40798936075315145,16.19441999562629
0,6,0.3643607795869378,2.3374339395814046
0,7,0.46739002651931805,4.8808467543705785
0,8,0.7374914705041938,11.77531573971084
0,9,0.47516964842150056,4.768350505163171
1,0,0.07449616283740335,1.0091364679116521
1,1,0.08103104780117643,1.0052997468971605
1,2,0.07853928902407124,1.2574455864044922
1,3,0.06789805590515956,1.2661228061696286
1,4,0.07854430240028022,1.258755100026389
1,5,0.2272492856428084,1.0150716244939897
1,6,0.06636634890237028,1.2702197826645527
1,7,0.06920169260058952,1.0205555567648317
1,8,0.12075947075533208,1.0013662506081633
1,9,0.07584263526022034,1.011887499591958
2,0,0.07339708920966853,1.2658066084763875
2,1,0.06754898492979813,1.2898154998067493
2,2,0.07806943802923554,1.2662955956528266
2,3,0.09527648711211305,1.3048159440525855
2,4,0.06777854285963512,1.2978030315784357
2,5,0.08593359291578813,1.29781361094067
2,6,0.07857507153870344,1.305814622875676
2,7,0.06754129100321947,1.2603318381119295
2,8,0.08315324857710868,1.3044130553434308
2,9,0.09440029536641685,1.2906316960445718
3,0,0.07542334544468553,1.265713420561134
3,1,0.1183598646690013,1.0119800186612689
3,2,1.3108307991456343,4.120318666041068
3,3,0.07853928895977974,1.3216322505361913
3,4,1.2408373701437605,3.364504004439562
3,5,0.11894273449173588,1.0041435122628695
3,6,0.19157272910422932,1.016850591217429
3,7,0.07917144343176939,1.4134381032081564
3,8,0.11832783034466603,1.0133615281940118
3,9,0.12070094987117339,1.114034181916972
4,0,0.14092362861007235,1.7402664761181421
4,1,0.1207505481542258,1.803414919677282
4,2,0.6454969061703548,0.9778394695549698
4,3,0.07632888771946031,1.9166377756099124
4,4,0.034156916848808574,2.2248618581398074
4,5,0.013386009714628815,2.1477213986197397
4,6,0.026417603328349436,2.0615686444133634
4,7,0.02422772817376295,2.034169573558477
4,8,0.3678567223103097,4.368911957752116
4,9,0.2123254700177257,1.6932513182588123
5,0,0.790107322162325,4.72218308764773
5,1,0.1892409923223775,2.3066826512053007
5,2,1.240617486965967,12.924288686925609
5,3,1.2558467059809397,10.959783808412872
5,4,1.2475710744476736,12.361100324923251
5,5,1.226182085934496,7.640004963711518
5,6,1.2628162715279103,11.721259946885864
5,7,1.1230372686148697,4.722183087647729
5,8,1.2248958561544456,7.639975706531531
5,9,1.1227456031746392,10.363597765975516
6,0,0.2113382009516796,1.4789249159264048
6,1,0.021198652849896166,1.641542891354974
6,2,0.23768741617230732,1.5316349189943093
6,3,0.24966222610119604,1.7717204634851935
6,4,0.2557369249553899,1.7807423013486774
6,5,0.013441304169908061,1.6403576992943156
6,6,0.18489903331027407,1.839925824500127
6,7,0.021221253229694207,1.6169931031467426
6,8,0.12787749869564316,2.2695793863961673
6,9,0.25533411055022637,1.5175454768126153
7,0,0.2283507141889303,1.1483492332592287
7,1,0.12423465328316503,1.453551565922783
7,2,0.1313211663296548,1.3778993939671267
7,3,0.3670475118139796,1.0106685247939233
7,4,0.11509242597991691,1.4459908273066324
7,5,0.13064195675518625,1.3784798826843303
7,6,0.1290466005764928,1.378052864441395
7,7,0.035658921442725956,1.4868154504531488
7,8,0.13544708720117932,1.6052740820593616
7,9,0.15021839214425642,1.4775415773051526
8,0,0.12715463283329329,1.1065087085790954
8,1,0.14865206511081638,1.0356313558974857
8,2,0.07798203546617191,1.094719584995555
8,3,0.16587619813503765,1.0449167544928266
8,4,0.1674238156200293,1.0448239756792448
8,5,0.12722374784363635,1.116626634410955
8,6,0.1180988548072678,1.199348918313166
8,7,0.16638727904426884,1.0519435955629233
8,8,0.1587668360618977,1.0017368364118286
8,9,0.12716310656438193,1.1093371965328804
9,0,0.6787780386283253,1.5685786131428414
9,1,0.7964073864474379,4.722185013744082
9,2,0.9738602063464037,4.980373803344636
9,3,0.927467415281286,7.9912698440468395
9,4,1.076315755157396,8.198863215826684
9,5,0.8615353321819482,4.722169757455257
9,6,0.3194914175975017,1.3373845607760135
9,7,0.6819954738874976,1.8293902541008373
9,8,0.3474518513049642,5.928139532412201
9,9,0.7721696617136806,4.722186459793196
10,0,0.09455724733216586,1.2723412237690155
10,1,0.16647953564348594,5.483623725515621
10,2,0.2693684649125567,1.358184272622268
10,3,0.48002927439668686,1.3987161605551597
10,4,0.1902337143550244,1.0714693056929512
10,5,0.05121887845320711,1.5403276760779103
10,6,0.25073808651999774,1.0640626010278025
10,7,0.2653497385544051,1.3537244059351607
10,8,0.08022773245014182,1.279724231464404
10,9,0.24392396861903762,1.3786546043677161
11,0,0.33560417237442236,1.0686722499570878
11,1,0.09374329939061579,1.568240607963265
11,2,0.1309486686209016,1.4629023190295818
11,3,0.11934817285227493,1.3767500617121353
11,4,0.2990602025932654,1.023108324293771
11,5,0.28712048797701345,1.1624450145587542
11,6,0.11955641379016924,1.4257663231104738
11,7,0.11927796014164675,1.330827445453079
11,8,0.12758138700818367,1.4606482580522302
11,9,0.12024119512097124,1.3757254891822517
12,0,0.08768135585119868,2.415056370329565
12,1,0.06915224661952399,2.4944130767924726
12,2,0.3689448073417377,2.089712304978521
12,3,0.3648231912997996,2.7531864963933104
12,4,0.03632495448299836,1.696768345129495
12,5,0.35329069780037,1.8043683106751707
12,6,0.020960493098826423,3.181913831837996
12,7,0.05187409773126789,2.576446646251057
12,8,0.11718383958115425,1.9606531988747065
12,9,0.018135665693083947,1.9205933350235118
13,0,0.024370924541814495,1.465470152193341
13,1,0.022441307118629787,1.448737351074689
13,2,0.766644015537334,1.107450064901809
13,3,0.02337926459438651,2.008735705980256
13,4,0.2660972118173652,3.1278495406271087
13,5,0.06623015494854276,2.1535210542762258
13,6,0.1895048588652895,1.7536186892675
13,7,0.6156672058431495,4.7221675619026104
13,8,0.08693936617016443,1.8927625092122065
13,9,0.7829202386923981,12.193274674712201
14,0,0.5024247718966524,1.7648213640855932
14,1,0.5018411644111181,1.766173180449962
14,2,0.38793625947935617,7.639998741568961
14,3,0.08772149137177196,2.301316844467692
14,4,0.49582259393787853,12.361117348583901
14,5,0.40441248434133403,1.4330167999726129
14,6,1.3440978540875506,0.7339383618474963
14,7,0.4855317607343583,1.0474648742460673
14,8,0.49430657491918945,11.67868668275405
14,9,0.483047321273679,1.0241562194496308
15,0,0.40117845956722087,3.2926411496032886
15,1,0.2205394843718491,12.361105090471547
15,2,0.4787047596125143,8.75450393654711
15,3,0.5609212429500468,6.725955565679433
15,4,0.35891565314798135,11.145108099705139
15,5,0.2687863752671027,4.959049575764689
15,6,0.500194812536297,3.8237767854248697
15,7,0.19024076226270026,12.361117312005792
15,8,0.48963562966025775,5.513357602542908
15,9,0.24914808960104862,5.697910812495539
16,0,0.017147278045674036,1.5296992111533747
16,1,0.2998931172294006,1.115540802363291
16,2,0.3326554549679505,1.085030449869206
16,3,0.01080583433038677,1.5336288373252107
16,4,0.2958478443034728,1.1459321695778093
16,5,0.22933176450450662,1.397076925763955
16,6,0.028306752061838907,1.5483397147245217
16,7,0.04079233176549902,1.5796547714954372
16,8,0.0781677837019957,1.5216123256071814
16,9,0.05706619812111252,1.5322074923923272
17,0,0.1208988465391178,0.42676265735682195
17,1,0.3030631900487529,1.1259209000346357
17,2,0.6978258340337506,1.8422136427420654
17,3,0.2880882703178606,0.5060065622530378
17,4,0.7691455727358371,7.667384392045894
17,5,0.08768855834475246,0.5500438374878346
17,6,0.08850835984016119,6.026469371771563
17,7,0.30037855556901233,14.062639984012002
17,8,0.04326693592449653,1.0684125980636463
17,9,0.04321722297086113,1.0549667518014925
18,0,0.2979916608053673,2.244733765062794
18,1,0.03799830120314743,3.0237829203364783
18,2,0.030988545436569547,2.9297896923562283
18,3,0.30809145153978645,2.91887488163498
18,4,0.031022010152912866,2.913752656528789
18,5,0.3828919934963928,3.325891570748613
18,6,0.24458384966084018,2.8867606779668304
18,7,0.18889486614146203,5.8366891595745525
18,8,0.481018559487507,1.1099688186922751
18,9,0.38637695858913595,2.1891288375305704
19,0,0.15743301037202573,1.125281096050269
19,1,0.08334517727694817,1.2605656562861323
19,2,0.08284280399642563,1.2511672852793803
19,3,0.11819750128879798,1.0678744633562023
19,4,0.4896937185839313,1.111634124374768
19,5,0.07941415193457836,1.291208660068904
19,6,0.04598302585898114,1.4279460662814225
19,7,0.39655457338768607,1.119073978205521
19,8,0.4116748083224258,4.985282281958729
19,9,0.6742927827261495,1.0682519831030934
20,0,0.8416855844284785,1.3386591958163514
20,1,1.3462636061823683,3.9933439448002157
20,2,0.3004614700139059,4.7221720612950815
20,3,0.7692111099039116,5.1478865264556415
20,4,0.7766570098332599,4.600001613396313
20,5,0.77634051993364,4.614029729594775
20,6,0.7677513573656406,4.626131928835784
20,7,0.35156725117788395,10.861531813782474
20,8,0.5547436301756032,3.3743437496560342
20,9,0.30014098768705844,1.5578221153247676
21,0,0.022523298894733004,1.6880690642229572
21,1,0.35978696823569084,1.3786549198545792
21,2,0.02223124411982312,1.7870137527874252
21,3,0.13095487619340537,1.3659326800438174
21,4,0.36551973074716393,1.2130724651406304
21,5,0.07206687957496147,1.6813088965641447
21,6,0.15687862695225,1.3786394863999782
21,7,0.08133557189701818,1.6980855985506316
21,8,0.026779655751769382,1.7656812921756302
21,9,0.27830808769626175,1.146325004899605
22,0,0.2682925505341074,7.593031044694968
22,1,0.5337096290437628,5.693684010887861
22,2,0.056781199727003885,12.361095485291582
22,3,0.4798374527542092,7.395225524188481
22,4,0.4801069467112591,6.775433314839127
22,5,0.2578469085449182,4.9758277841084935
22,6,0.47744557166524293,6.503406516245715
22,7,0.5322413345322469,4.033374378722763
22,8,0.7474494278814154,14.113166494705634
22,9,0.5356275224519796,7.620324214728926
23,0,0.6587219728842558,6.951195231501378
23,1,1.250174744796001,14.491733411103652
23,2,1.4103546093288652,15.250837847002314
23,3,0.03624545524443058,14.151829022882685
23,4,1.3355171914014135,12.361095590479271
23,5,1.78052491246192,12.361101904013028
23,6,1.4082094001942096,15.253104031937852
23,7,0.7653912887314556,17.08222589605877
23,8,1.5076555520816528,13.657149854561798
23,9,0.7678175186478663,17.082240263565634
24,0,1.124534918630045,4.722175841506562
24,1,1.9137019775721857,17.08224482865688
24,2,1.7097087636336616,7.6399978646202875
24,3,1.3801322730026302,14.164430051684317
24,4,1.7092185923076035,7.639997864620287
24,5,0.6029088361911966,7.184747328337255
24,6,0.4723777450128396,11.386540492932038
24,7,0.2611663923578427,13.234628763808454
24,8,1.7302626000233385,4.5262658759231424
24,9,1.9598588761507911,4.722183336521105
25,0,0.4795718134327249,0.693490389841809
25,1,0.05541802808346775,1.4094806651712732
25,2,0.15549827310591194,3.0358513909586105
25,3,0.19342730382298876,1.0544340166989332
25,4,0.05538738759917156,1.4462578174055405
25,5,0.12579590798447338,1.1392976168150282
25,6,0.03505794187743493,1.8249684409277898
25,7,0.01610656807362456,1.801122620898779
25,8,0.14820038997059656,1.0494457606319303
25,9,0.0795121284011879,1.8004719743952542
26,0,0.03621301216459281,1.7813101903123252
26,1,0.22186822881970103,1.495574553342875
26,2,0.01855794155109567,1.5028834612329034
26,3,0.17828534199139145,1.6919101774663168
26,4,0.017645627060296026,1.5084637462988468
26,5,0.020658989014967405,1.6363271513408226
26,6,0.2279413384152779,1.5181115490733657
26,7,0.22502376151750444,1.5451153981722505
26,8,0.4798163929384387,1.1306473051261958
26,9,0.033638256948431935,1.5028834612329032
27,0,0.11865380817993083,1.6360755792591142
27,1,0.1209047468082485,1.5222327393872668
27,2,0.1709777949334526,1.3686533810725674
27,3,0.11993694221358822,1.625797206956913
27,4,0.23041545032339122,1.214756108519234
27,5,0.10381532922187496,1.3088307417544782
27,6,0.10465319135112004,1.265540000330514
27,7,0.17222647926617302,1.3676657148428883
27,8,0.01135270494581992,1.66887541085649
27,9,0.17224988848805245,1.3697171666359176
28,0,1.601745489437999,12.36112134663858
28,1,0.8685668890746707,13.976726367926547
28,2,1.1750606329826752,15.27892535862903
28,3,0.7993588568605591,8.415781901746513
28,4,0.7476498946923045,12.36112134663858
28,5,1.7789350819607703,12.361121346638582
28,6,1.7190815990571635,12.188147524841668
28,7,1.7192867408830628,11.970028409932453
28,8,1.7389046160970958,17.082244828656876
28,9,1.7035689764204132,6.30680128780287
29,0,1.2399352808165793,1.0956724357283247
29,1,0.5088537663829322,14.164408913017864
29,2,0.07063951579484148,3.8600935440014967
29,3,1.5304374544048946,4.722170505932871
29,4,0.14009685984077433,7.044950841384055
29,5,1.5719077554639505,4.277794851019998
29,6,0.04517854040045392,0.5291869065118276
29,7,0.3910273160042741,7.700323365145717
29,8,1.18552420747722,4.292823365440466
29,9,1.1961717212446983,4.722159183027669
30,0,0.32005471507378436,1.0588769689724438
30,1,0.025326448087228504,1.7448102671413313
30,2,0.03623254466962432,1.8046346346623656
30,3,0.3852126747881498,11.406412210995828
30,4,0.37759246853199324,2.6423433217903405
30,5,0.35532126002547687,3.3816214356820864
30,6,0.07685875742197737,1.7791887813709764
30,7,0.07478243127418827,2.017713611944032
30,8,0.31612147020366227,1.0757649048352615
30,9,0.0212080742653714,1.7422591473633684
31,0,0.25728457615363715,1.128566561611357
31,1,0.289245951744276,1.0520854007279181
31,2,0.09136751171380356,1.517340171135216
31,3,0.18894084360517296,1.4913876644396609
31,4,0.14892584914788434,1.509918134417965
31,5,0.26361966742527737,1.1465511266557769
31,6,0.12347437021462745,1.663028502125885
31,7,0.302765199164674,1.0574204235084448
31,8,0.12195824948895753,1.665260070490177
31,9,0.12352322619342077,1.5466729256630136
32,0,0.021275807564029157,1.5356663194449216
32,1,0.3731473697997039,1.0004087121624572
32,2,0.18911087190554748,1.3654796275210292
32,3,0.3725725406666549,1.096551442646893
32,4,0.37200352143173504,1.3220783824404878
32,5,0.37980595685593904,1.0472430155750203
32,6,0.33834685199424097,1.1458800982824542
32,7,0.34021542675022487,1.0755483038193243
32,8,0.07581029054436617,1.517545476812615
32,9,0.2140809506242245,1.3960780475775065
33,0,1.2800786939628293,4.024084794551641
33,1,0.772839104072034,6.997421538716591
33,2,0.5059723431407959,7.105747436061339
33,3,1.0943941419907268,13.849160107088506
33,4,0.793435765325722,6.487065712481648
33,5,0.15281640665920532,2.9187077168029316
33,6,0.30772471759838377,2.0662662849724174
33,7,0.7621517011100478,7.639988490405734
33,8,0.7022948502650049,8.716483751152966
33,9,0.2279352446733186,3.8356586964815276
34,0,1.0425115545563333,12.361121346638582
34,1,0.44362535238743217,15.583768712555388
34,2,1.8252557876546185,5.406115451489335
34,3,0.7671437857649313,17.082232891027367
34,4,1.5709182168660725,15.278934957334751
34,5,0.4339534504684717,5.836692632442174
34,6,1.5299795768540814,15.27893612361114
34,7,1.2746965390507976,15.278936123611139
34,8,0.637316410947619,11.677823035116191
34,9,0.4926095330626003,7.819889187619274
35,0,0.24491257738706806,1.0036463597262058
35,1,0.12216463562571708,2.847251970815442
35,2,0.38592996925279677,1.7153099804147218
35,3,0.7586447537695913,2.9188743826019934
35,4,0.24645929075828554,1.0095724446263044
35,5,0.7809968311908628,1.013879071432731
35,6,0.17794516042067265,1.0950925584254514
35,7,0.1541578964327295,1.9790645894282006
35,8,0.48036397488167304,3.2915251616058883
35,9,0.2458139266538383,1.0071951092271214
36,0,0.07313456189259332,1.5143028606761246
36,1,0.3804815291392467,1.5354453384616844
36,2,0.056823775465159376,1.5028860746548214
36,3,0.11813398910316762,1.3934129995611135
36,4,0.13034056753538786,1.8520821957439377
36,5,1.3629604298727844,0.9695587007191376
36,6,0.1201677714248844,1.3786514140407766
36,7,0.08811889039749304,1.5028824978331312
36,8,0.019444381849720468,1.5015613881128267
36,9,0.015187762907092596,1.5015613881128265
37,0,0.03518060629788755,15.278928062157252
37,1,0.9234304275466343,7.214294425812375
37,2,0.49548823450660007,12.361121346638583
37,3,1.4393463414902476,4.722184486390869
37,4,1.091306619873463,3.2490332272176885
37,5,0.21998066731550586,1.5387751303908903
37,6,0.7757572149852849,7.639996158268651
37,7,0.19906970531344606,5.437535667526371
37,8,1.414077443803442,7.63997397060764
37,9,0.46846016847581384,15.278939455986295
38,0,0.7687317425029113,2.918880731165955
38,1,0.4117007916819584,10.62778440870297
38,2,0.6476573318980123,3.056631394207998
38,3,1.1014838282359876,7.639997864620288
38,4,0.8225607432334991,5.164720989811693
38,5,1.5302807276219759,4.644880764889673
38,6,1.565130612019018,7.162148221513163
38,7,0.7701726816857697,10.553454088229572
38,8,1.554809916844457,7.132281816771122
38,9,0.7539198935672952,1.728860643821065
39,0,0.7776112720421678,14.566993151322125
39,1,0.8169602824115906,4.72218963674298
39,2,0.6881752835772429,5.177751184954518
39,3,0.2965702442810064,12.361102144582402
39,4,0.7181527320762537,15.033270024602258
39,5,0.5951828693041604,1.3211569852587473
39,6,0.18775299959839697,7.640002332592835
39,7,0.0763353037193856,5.135837381855759
39,8,0.8096536355764207,4.722180448296649
39,9,0.7723623383033161,15.278936123611139
40,0,0.07752132004484935,1.44867061523536
40,1,0.07822328402457818,1.8043585715823842
40,2,0.06942468496538295,1.9793031393864886
40,3,0.4756624360935371,13.04994953886113
40,4,0.07853913560957715,1.4456445191990157
40,5,0.06391347103351405,1.4174509377525923
40,6,0.24432319376676476,1.0532812401118148
40,7,0.12226576519456572,1.334710277713659
40,8,0.12184941294616611,1.0922697064562221
40,9,0.07849771761145877,1.4293234782006752
41,0,1.540065277989441,8.787596351467512
41,1,1.239773069150897,13.884515961743462
41,2,0.411549053255546,17.08224482865688
41,3,1.4761647953763675,2.9188789012307708
41,4,0.4016058320482399,17.082225468789446
41,5,1.5093779207442724,16.218129439284198
41,6,0.036575676519406686,15.278932442525647
41,7,0.4019907945266323,17.082228769027648
41,8,0.3678481072811456,14.919778609110423
41,9,0.40210356458078866,15.27893612361114
42,0,0.4832488918458293,0.5966829620978155
42,1,1.504089949459978,7.615595693410891
42,2,0.6484398991420806,3.622419291426952
42,3,1.2375220194199876,10.594408649919025
42,4,0.4951193063061037,12.36112134663858
42,5,1.2099329007406183,10.466482191800754
42,6,0.7976879094329843,3.8189404094162316
42,7,1.0594537497248322,5.23707667499361
42,8,0.6343226009272996,4.282750376469105
42,9,1.2382891152030524,10.601790362812611
43,0,0.7697716304901233,7.6399978646202875
43,1,0.2999268148321878,1.7614811555927636
43,2,0.05106279877898774,5.520293537333648
43,3,0.13953208550426122,7.622854612441764
43,4,0.5039057217332403,1.903232022467734
43,5,0.27200279547399187,7.45911853803581
43,6,0.6088029345820675,10.272865495373193
43,7,0.14945271684914496,7.502813231902437
43,8,0.23962682663783774,1.689227314839631
43,9,0.14961330510835466,6.5618143228360495
44,0,1.0564146160019445,12.09802215232758
44,1,1.2423629131159135,7.3592340201958
44,2,0.773741299749755,4.5879704353491295
44,3,1.535304979737768,12.107116079738605
44,4,1.2313980212832463,10.880732879508068
44,5,0.7429040328947499,3.5594815444654877
44,6,1.3583763713947652,6.414113929326084
44,7,1.0707760512982663,12.166421782775425
44,8,0.8010523731171331,7.639999954955436
44,9,0.8035102668411114,7.639999954955439
45,0,0.16547157688003783,1.408695369060438
45,1,0.18311223482283917,1.1952206588387524
45,2,0.4590485798687215,0.9462906656925814
45,3,0.12086556574677089,1.287387566687723
45,4,0.12089889910167406,1.316889450373761
45,5,0.043495185894912344,1.419901627897742
45,6,0.1219484596697945,1.4002432368433917
45,7,0.31591753624278646,1.0461795660209263
45,8,0.45344400794462686,0.9033384558263823
45,9,0.05208471626401689,1.3692016960397395
46,0,0.1341602102608444,1.2503513366569925
46,1,0.13593325152785266,1.1851837554819866
46,2,0.10499922166299293,1.36014400907586
46,3,0.1267669228109263,1.215746633116528
46,4,0.10987895000426481,1.2916606788608118
46,5,0.0740449388732066,1.4284506422711625
46,6,0.10435812342168926,1.2508670461401032
46,7,0.12741674182117574,1.1754882543382577
46,8,0.2221889803335059,1.0474496891296947
46,9,0.1282313824755807,1.2152407419980484
47,0,0.32836582206086606,5.620266993654966
47,1,0.22632394229545905,1.4472505711138761
47,2,0.027927455220766687,6.062430514245175
47,3,0.11866068276043679,1.5720385212620678
47,4,0.30001680345777293,1.5991361002601134
47,5,0.2996790765245364,1.2930059953478925
47,6,0.03891830232069494,1.5504063504029868
47,7,0.17040550935572024,1.8043740673088202
47,8,0.17803722359351729,1.9927580267667808
47,9,0.15922094380420115,1.2235961901389192
48,0,1.423233940834299,7.639975843617465
48,1,1.8016560776067656,15.278936123611139
48,2,0.9041686481426616,5.836668784399726
48,3,0.7203785403611472,3.9202267012371723
48,4,1.094754713478576,4.722183469391675
48,5,1.3829278715554962,6.1422881500300495
48,6,1.0087502591050674,7.298773684516817
48,7,1.7893565567415268,15.278940968032277
48,8,1.2091549363930305,7.613071151712439
48,9,1.3931885979861534,7.36256994938018
49,0,0.08455308178330352,1.3995365908900452
49,1,0.11931322323473326,1.1456512708495241
49,2,0.07974712705237332,1.4764525474464392
49,3,0.1207302611481005,1.184423179361112
49,4,0.1207976540509665,1.1769440702098268
49,5,0.18894366302230556,1.4449657898518111
49,6,0.20864892401234322,1.0403165109974502
49,7,0.14692137732421257,1.0622604191457488
49,8,0.07900501770099226,1.4762451204212852
49,9,0.7754178732574917,4.722164738248201
50,0,0.20325613137252735,3.08301273380499
50,1,0.2488553724922361,6.580467482148235
50,2,0.24055949304069832,3.4179827748964033
50,3,0.44649151284641103,8.008193089452309
50,4,0.2993365819814396,6.329282758131743
50,5,0.8935222597827402,2.884441552961634
50,6,0.04335231138424088,2.7902060962543365
50,7,0.294292303513638,7.744069361720014
50,8,0.054412858423627995,1.9918785225511295
50,9,0.4798410516511266,7.639979014661429
51,0,0.7648156658459542,6.934641275997636
51,1,0.6625484450730554,11.412660243021763
51,2,0.7695223878040444,7.214294425812376
51,3,1.2305660052037368,3.634937496097443
51,4,1.5326157597602708,12.361125496651985
51,5,0.7035383882049459,3.0814786270989045
51,6,1.0656416797956794,7.477393620123378
51,7,0.7699977350743233,10.485874880364996
51,8,1.143237197955213,4.4590838933367305
51,9,0.7510133779176187,7.639996355205383
52,0,0.07024199487581494,11.217412386273178
52,1,0.5618066205420633,5.813690702952945
52,2,0.8040747758240536,12.361114757629897
52,3,0.4361428202527491,14.164430051684317
52,4,0.12240616396674947,10.557645987902427
52,5,0.09705038340941174,11.509714469022759
52,6,0.5631227159693063,5.78484975288381
52,7,0.662530223565293,12.128639104227341
52,8,1.239211991661499,2.692229409343282
52,9,0.0664141761239624,11.21624401629546
53,0,0.07891412402882449,1.4218773851722042
53,1,0.24107443718713545,1.3375219857753016
53,2,0.2812093006055421,12.19835635868391
53,3,0.07883794028415167,1.4443198619355146
53,4,0.07894128665168132,1.4110624519176231
53,5,0.07895910467781908,1.4361579791206196
53,6,0.16393403269357745,1.1146753683075141
53,7,0.07902454875965463,1.4436833051115585
53,8,0.07840544759229266,1.4218098576088192
53,9,0.07903547980885207,1.681490696772625
54,0,0.14795029719204378,3.570061820116909
54,1,0.77672798467288,15.105969577660856
54,2,0.7710933837886111,12.816765761048838
54,3,1.0865459048648693,1.4536804799650802
54,4,0.8140446131168361,4.722163480791053
54,5,0.7712800509713506,12.260626396824494
54,6,1.0885510887844165,7.214294425812377
54,7,1.4330265781103864,8.692073141693578
54,8,0.8140403012497004,4.722176057433535
54,9,1.360450114991313,8.5034505640102
55,0,0.04554958571011508,10.056791416699154
55,1,0.04674439854735413,11.609735174516407
55,2,0.757513798228651,12.506047756343035
55,3,0.08343547505598092,6.424996842879379
55,4,0.18881139115216652,7.46661861791039
55,5,0.5564333440090827,1.804369853947625
55,6,0.45233602311994425,7.532947455116052
55,7,0.18783299116399788,11.901778439048124
55,8,0.1204156153573875,1.136375256016179
55,9,0.303526439109081,12.361113655316121
56,0,0.23159242884811493,1.4943293464775653
56,1,0.18954382922796761,2.239060699516645
56,2,0.31526028983763726,1.2910894759254223
56,3,0.15625063129290212,2.0149826105269666
56,4,0.0499487303881275,1.564798079358315
56,5,0.011901053821826584,1.600072951892973
56,6,0.1346877702536091,1.382127501773148
56,7,0.37484067334170523,1.1311171861102745
56,8,0.22810430184456487,1.526820334894804
56,9,0.033707916215077946,1.782644688385835
57,0,0.7040603439181966,1.1177563609717378
57,1,0.07853928895977974,10.857718364319506
57,2,0.39272207664854697,1.8043616039255774
57,3,0.3039252313758595,10.591465031643434
57,4,0.47982946877976235,0.7517806990266109
57,5,0.36989623846304126,2.3586586295557272
57,6,0.23488776821977378,1.60464811301347
57,7,0.5902153761588605,2.17741475009354
57,8,0.4772598155138787,1.7710911603340633
57,9,0.3019793687363538,10.203218072674133
58,0,0.45264836359063965,5.192661341065096
58,1,0.11054019314405303,8.591953042636145
58,2,0.044574492759808695,7.599768561543161
58,3,0.42981874629993994,4.879785728250039
58,4,0.47724640519386247,8.03742399577637
58,5,0.05940691283263163,1.97875647212263
58,6,0.4772955519465459,7.639980557698134
58,7,0.13075380536132777,10.821070714396022
58,8,0.07133549272193417,11.832283659333587
58,9,0.2998748117734532,12.529431569341554
59,0,0.41851220131151967,2.511847630019639
59,1,0.3063440031650466,4.331902255532489
59,2,0.47907580556775603,3.0761626112048006
59,3,1.239233277220363,3.1046248292492202
59,4,0.48606868365841865,2.9076252383283503
59,5,0.2621050714941263,2.534133718270104
59,6,0.47918557855864546,3.07000176170621
59,7,0.48554627141433926,2.905667914358098
59,8,0.2610160387603422,2.895150743050439
59,9,0.08820648074831951,5.277584341984426
60,0,0.5374845981261219,1.7867297524734258
60,1,0.07360048356411514,1.7335641038185061
60,2,0.3821959455934869,3.572624977573651
60,3,0.4774515252975409,1.7033875691829723
60,4,0.19145859536878213,2.2447230228934796
60,5,0.23133728124740763,2.840631220011225
60,6,0.3397930824152337,1.2522565366425653
60,7,0.38556453422010195,3.3596088833220685
60,8,0.3252177355371243,1.7659826555439035
60,9,0.1408357388392378,3.5693487818027907
61,0,0.7093527703214793,11.99905672509033
61,1,0.4783683048706793,4.62168813783364
61,2,1.6008840567821794,7.214294425812375
61,3,1.2399534140388357,15.767688000060726
61,4,1.530892900591826,12.361103762273515
61,5,1.534065479344885,12.361099355667228
61,6,1.5309494618375188,12.23691036581434
61,7,0.13389859297654175,15.278911776089018
61,8,1.7147474829601226,4.358384681702118
61,9,0.7575518230011318,17.082244828656876
62,0,0.4823180992812374,13.35349723247031
62,1,0.998593059703501,12.348432724867006
62,2,0.7701689790562375,8.900359680001642
62,3,0.8685876227016548,5.593954392642988
62,4,0.47702916111168137,10.80259377101241
62,5,0.47838210815377047,12.361113775962867
62,6,1.2333786155954316,6.525491792693464
62,7,1.5002201042708219,17.082244828656876
62,8,1.410543355264342,3.7737430760758257
62,9,0.47757548084620055,13.38189634243785
63,0,0.10879427346753863,6.182126115765215
63,1,0.013160106755467183,2.028097938241426
63,2,0.07896094828445112,12.171526708113259
63,3,0.05133902953959142,2.881711633790788
63,4,0.4410730863414712,9.894078850078872
63,5,0.012015567688666668,7.832791060326809
63,6,0.04294774377146729,3.046921639027767
63,7,0.018022208358458833,3.0632449904189185
63,8,0.024324575988036928,3.3778488804125804
63,9,0.07924062820023327,3.0694734918268045
64,0,1.8098093367150352,1.774926421396575
64,1,1.6774100889320336,6.205587184345193
64,2,1.2408999152326063,15.278922730998245
64,3,1.521681764181666,15.278936123611139
64,4,1.5521850021336099,14.333389875448546
64,5,0.47984112853072813,17.082227932869035
64,6,1.546253343242204,15.27891756597123
64,7,0.036245455244430624,18.885368632721573
64,8,0.09351549679880486,18.885553533702613
64,9,1.849988589855091,2.9188562125542687
65,0,0.38500010284384745,13.313023174068496
65,1,1.223404943369288,7.639973573159788
65,2,0.3610797669564479,4.13008982342518
65,3,0.6525417890541235,6.0790915713806655
65,4,1.2457072470020631,1.3494223508991947
65,5,1.375573048461039,4.340576660261899
65,6,1.8808095627626957,7.129989545625539
65,7,0.4547930025698684,13.388131833219887
65,8,1.227894217893187,6.295473455793691
65,9,0.4560524684235203,14.252267577031434
66,0,0.7906521027528027,10.990931092065773
66,1,0.7764898903657488,10.249210998013687
66,2,0.7799588192466095,9.44330656966602
66,3,0.2316516133904433,10.851887305745961
66,4,0.19076854262186926,11.93928646863461
66,5,0.7801463170679874,1.7275970004126382
66,6,0.18745342881247126,6.175061447669329
66,7,0.21545483462143708,12.361118588206171
66,8,0.4654061103926866,7.562383483207061
66,9,0.4636611203271178,9.05704482632072
67,0,0.8348090959222572,14.011977371527593
67,1,1.8870899474106855,15.278942371073729
67,2,1.5306206812585939,8.065701303428199
67,3,0.7701781388142543,14.08953878387695
67,4,1.7607598069254418,15.278936123611139
67,5,0.6829147010547988,7.556073159818363
67,6,0.4936527045639265,15.278936123611139
67,7,0.6812624336739606,7.527420716115861
67,8,0.7574197318452527,9.557001424481376
67,9,1.5743921793701383,5.069436377660392
68,0,0.44364397139790934,1.177746989004922
68,1,0.7818812121541457,15.278915797762382
68,2,0.7861258567586605,15.290825966860696
68,3,1.0391923964437106,11.547677365952847
68,4,0.7694491946381006,15.278934849648872
68,5,0.38831825644557666,1.8964515684242342
68,6,0.7697609650537811,15.278923868628812
68,7,0.7701475247776107,15.278936123611143
68,8,1.287431954329423,7.6399978646202875
68,9,1.0579570586020715,4.412704898500404
69,0,1.238571622679128,7.599733299356412
69,1,1.2399447199250715,7.513021520905928
69,2,1.232464258725162,7.24077688738522
69,3,1.2461335978689683,6.252631618688184
69,4,1.255409844481425,7.186455936217359
69,5,1.2537971993243402,6.675992702361257
69,6,1.2532286704736104,6.382212912834783
69,7,1.2473936881687209,6.514522813630554
69,8,1.2458891107350378,6.253597312466008
69,9,1.2473635516634412,2.918855450463208
70,0,1.6615217301136522,6.626571919784134
70,1,0.6055672645101351,13.150467702656972
70,2,1.7038095781983604,6.525491792693464
70,3,0.04878114450303299,11.939450770246683
70,4,0.3009806081961328,1.4023206743024303
70,5,0.9042469963872004,6.811733201227643
70,6,0.12026470755149041,7.275753859811784
70,7,1.5467896306588387,5.437194565983276
70,8,0.6592335256625705,15.054245968959364
70,9,0.5169637429312977,7.639995044031075
71,0,0.07757304917329533,1.3812590670229576
71,1,0.05830777467242077,1.4976700597355084
71,2,0.14444623033223003,1.1153219400817345
71,3,0.23881932105585918,1.4398185465783648
71,4,0.07098661265202764,1.3686565950873195
71,5,0.07757746784314454,1.3783945509574047
71,6,0.07785106600536958,1.38257113157978
71,7,0.07757550311971634,1.3815146002502767
71,8,0.12249744140657255,1.2123732979421038
71,9,0.05797108496557651,1.3778145389937222
72,0,0.17288662809769206,18.058185399461326
72,1,0.5947557749456458,7.639985134199196
72,2,0.51406368473449,1.9857932651523587
72,3,0.07825574832513119,12.361105617109835
72,4,0.2967703552403574,1.8228863983441863
72,5,0.39138091818118126,1.8206983454117598
72,6,0.2081116493352305,1.8288724504911071
72,7,0.36774598856730717,1.6814896972329565
72,8,1.212750846757639,11.7659710259312
72,9,0.6181072792921906,9.745960624906145
73,0,0.5193449921746414,3.8852853597047563
73,1,0.012396716751905939,1.9669725551720818
73,2,0.11456825224976735,1.519357698171428
73,3,0.11314674019838589,1.5380129715050035
73,4,0.3702834983479445,1.4978343398341414
73,5,0.32764533444413196,1.499368229872222
73,6,0.11470900106846481,1.5383881505429993
73,7,0.11471900080843404,1.5028834612329034
73,8,0.30005692859770094,1.7079635763654348
73,9,0.056391807240392715,1.5108179294778388
74,0,0.12104285186507101,6.40227493713803
74,1,0.12102867982366446,6.337002354451435
74,2,0.10228514781080497,7.885377752140608
74,3,0.09749439070191122,5.8366891595745525
74,4,0.1143712775421278,2.511902331274089
74,5,0.7701457069930889,7.639999755872388
74,6,0.18934490362833742,6.232645179866357
74,7,0.07751684050745589,1.4142657666587526
74,8,0.20298369953356848,4.72099253758013
74,9,0.69134772648735,13.40855654362999
75,0,1.2341455009646738,6.786119064161014
75,1,0.21863356188655714,9.60350343057223
75,2,1.0895710183039578,4.81257451414201
75,3,1.309622890577028,2.9188526848054366
75,4,1.8586653017055277,11.672318713519669
75,5,1.4624004992892885,7.639997023093857
75,6,1.1988692226119464,9.156713458151216
75,7,1.3507531909990935,10.331553731872559
75,8,0.029510082073713872,5.625139250304249
75,9,1.051925088484374,6.488439687581784
76,0,0.29867693191325445,12.361102392857315
76,1,0.7739745246269061,5.077924033273906
76,2,0.19246066251374305,1.679931415969326
76,3,0.4131047652465112,12.361116702340489
76,4,0.14711978220439734,8.262424196706874
76,5,0.1378521650585117,11.302721808951304
76,6,1.4268633874674423,7.639976418991964
76,7,0.07776126155544065,10.494850301289077
76,8,0.4798410516511266,4.593241801043766
76,9,0.7157751994248638,16.070338968968052
77,0,0.2688057425703312,4.920607873696083
77,1,0.2990576663140646,6.430800924252012
77,2,0.1407922217707818,7.713810876853584
77,3,0.06985745339164966,13.063021817560639
77,4,1.722089056923682,7.214294425812375
77,5,0.06490635520672611,12.098022152327582
77,6,0.32851493311189545,9.35638827886236
77,7,0.06983801740556939,12.973014145779816
77,8,0.7697720079233976,16.84738920698035
77,9,1.4117451876603035,8.44126154725001
78,0,0.47789808989098265,10.405023373236077
78,1,0.0580880822888233,7.639975533455571
78,2,0.4825665903380054,5.303831676829194
78,3,0.37650241537768375,6.231149265511433
78,4,1.517915693243627,12.361121346638582
78,5,1.3393821390237117,3.9712711598459953
78,6,0.398382607244689,2.895858200884939
78,7,0.05813315930299837,10.114487187592125
78,8,0.4820090901253803,14.164970351763271
78,9,0.4851002755643734,10.174550390261379
79,0,0.48191537956220415,9.876324685680625
79,1,0.5032424593786913,6.204894772253258
79,2,0.27053621109249787,1.4790579026842923
79,3,0.4638213232890872,5.411578269771553
79,4,0.5159939371582354,1.8014424453152242
79,5,0.02163538041420197,1.7743922023416037
79,6,0.15345696604838355,1.5882900031154508
79,7,1.2408558060158066,1.7562362622021295
79,8,0.4753844187433433,1.5742830780200052
79,9,0.3137340480748343,2.177384525559608
80,0,0.7701767860997348,6.951044305023146
80,1,0.7696824016782364,7.115417891261006
80,2,1.56566959129202,12.36112134663858
80,3,1.499243269168062,4.033359605705153
80,4,0.7295516469113579,4.682315085143462
80,5,0.9945776170705837,6.7800643355744725
80,6,0.6679764024281533,12.202525662506106
80,7,1.6377313758981913,3.607677015720906
80,8,1.645274095280371,15.1187580200609
80,9,1.5319480726397172,4.033380454528817
81,0,0.18491849305584818,1.8311790698040136
81,1,1.210607767039832,12.361127840954474
81,2,0.05686928684354428,7.095102309014893
81,3,0.6342709301415298,1.1650941941229775
81,4,0.2018680574852535,1.669159385102993
81,5,1.2623004698743736,10.557812641592847
81,6,0.4798294716632119,4.700496194558873
81,7,0.6544004677469898,1.091842038004705
81,8,0.7295449944609275,4.228034452854568
81,9,0.24049989148920592,7.283091047882794
82,0,0.30220808174974495,13.492384472795365
82,1,0.7348804861011056,10.168581284294218
82,2,1.4190622790085028,7.639982661398412
82,3,1.239929401588516,6.489704131206002
82,4,0.6216113963280634,7.046078575322437
82,5,0.7344357441029911,12.361107466265885
82,6,0.1512482475443192,15.850587086100104
82,7,0.7349203561484697,12.340851053598623
82,8,0.1634850200918656,16.886924559390774
82,9,1.5301121866318155,15.278936123611139
83,0,0.03323999516772609,1.6421548501497147
83,1,0.1112877671078282,2.8685709743861785
83,2,0.2132715779339199,1.1393496869837987
83,3,0.23879525646294347,1.2903555584173203
83,4,0.04047269510550654,1.7815857500863232
83,5,0.13278970143916552,1.5146579478297253
83,6,0.17516773435400287,1.2124128243505254
83,7,0.1479832425282399,1.1019423927614198
83,8,0.15922523321584858,1.7276432424101085
83,9,0.0940950057294877,1.8043548088680461
84,0,1.640019501442706,5.818388348324889
84,1,1.2359373425839169,11.689316420950448
84,2,1.5320187309778468,4.033380454528817
84,3,1.5292141578558884,5.509648760286373
84,4,1.649565585771515,5.0147508472865985
84,5,0.4795409284227409,4.62168813783364
84,6,0.02527171741845763,16.862105348639187
84,7,0.0362454552444306,17.789159798204597
84,8,1.6717866842433045,15.276324475565382
84,9,1.633360169850321,5.397065676414067
85,0,1.239681893446984,14.164430051684317
85,1,0.23005636101915353,4.955409620674347
85,2,0.15487024425012294,4.722184340942825
85,3,1.1958874346155033,14.629764335608208
85,4,1.2397796342067984,16.468558333671343
85,5,0.7716370823116105,13.93680704504103
85,6,0.47511981131835046,3.1094061632370984
85,7,0.4558523239204341,4.58902919034476
85,8,0.1602827329291432,6.134875735407697
85,9,0.07659821946511851,11.08487452643509
86,0,0.8600008689375769,12.943178963295432
86,1,1.432226883119354,16.919842854180146
86,2,0.8575597095714356,11.983498039779914
86,3,0.98164241933151,10.148194183350713
86,4,1.2823449193669478,7.6399908399905865
86,5,1.3316288367594418,7.596058516388218
86,6,1.0798744683079071,17.082244828656876
86,7,0.9439567269724688,14.164430051684317
86,8,0.6074448036767219,4.312733970651109
86,9,0.8812811209189675,12.688660586598996
87,0,1.2498666671634149,4.722168094079764
87,1,0.5827887579639834,18.196736166482218
87,2,1.251154417123829,5.545304329913308
87,3,1.2831190272074249,4.722184999282227
87,4,1.158385915156841,4.498429154078376
87,5,1.2397685605615896,6.5254917926934635
87,6,1.2261385902292896,12.36112134663858
87,7,1.2260869409982782,11.138794602771389
87,8,0.3725870038393575,17.082242397459854
87,9,1.242436984403698,11.821699256933064
88,0,0.47984105165112667,13.90225204549554
88,1,1.2408550907078677,2.752917421517657
88,2,0.46164542558516813,1.513887549863636
88,3,0.7871616098384411,7.118231726875027
88,4,0.7692764621452225,5.221610838916738
88,5,0.21697656099519297,10.423163748052957
88,6,0.3651525827729528,1.6497798953469667
88,7,1.1114932734953318,7.6399978646202875
88,8,0.7886838231678389,7.640004321755431
88,9,0.29996804205295907,15.0966244697959
89,0,0.699512770006843,4.513529248254715
89,1,0.763785097996505,7.639989112957365
89,2,1.4543410326448478,7.255550750712278
89,3,0.6756212268528392,5.3302927497084465
89,4,0.7958363259375694,14.947142491134105
89,5,1.2127555293412644,4.722181262960913
89,6,0.7667230729133916,7.458096623503232
89,7,1.2397729937607775,10.772442392542128
89,8,0.7754342479758676,7.5086484858714915
89,9,1.2811936341401082,10.591698950686988
90,0,0.4481982933804951,9.399834663251626
90,1,1.245267982741083,10.557812641592847
90,2,1.6171325699767425,7.63983338959246
90,3,0.48217028108627147,11.563981000707974
90,4,1.5009014995305887,15.278936123611139
90,5,0.47984105165112667,10.586175575712275
90,6,1.4804322515066841,15.278913105684978
90,7,1.4961297272703091,15.278936123611139
90,8,1.7315340351843953,7.640002431971534
90,9,1.480663535846418,15.278912496460311
91,0,0.4833983888746842,11.655750639907783
91,1,1.705815835342674,7.5437442524092795
91,2,1.2601562545283032,4.033384360752514
91,3,1.2393177036583904,15.205792265920826
91,4,0.4161014341809539,4.72216723556599
91,5,1.2744548572078724,3.6076770157209057
91,6,0.4056089610223473,10.350617480854723
91,7,1.2383503610709876,4.685931144433788
91,8,1.274292783427824,16.393442195537965
91,9,0.41491276643640207,3.0210154229984787
92,0,0.7744563004452374,1.754981423182274
92,1,0.48615456380965455,3.0973038995483058
92,2,0.7742114023864113,4.6321176048047406
92,3,0.4835034089403442,2.7805881144476157
92,4,0.4588071924784126,5.106370634165184
92,5,0.7738705133964455,12.36112134663858
92,6,0.7781016375753996,3.831370151153278
92,7,0.4834739198876234,3.3352750312425155
92,8,0.7766297163515676,1.5802269463651666
92,9,1.2357644294269547,2.91885565852964
93,0,0.16364703389692606,1.2501112479496144
93,1,0.18873121562741393,1.2913120445252875
93,2,0.32720500092288635,0.9529670912366954
93,3,0.21886134914739278,1.2592901763684763
93,4,0.3443767185738836,0.9942723115598947
93,5,0.18961586177746423,1.4885020959060788
93,6,0.23924805023001244,1.2497385686394287
93,7,0.3689515882495526,0.9597370264418607
93,8,0.18929049411879525,1.2424433612487062
93,9,0.14246308213033765,1.7893596673695913
