simu_idx,session_idx,Kp,Ki,Kd,lamda
0,0,0.1549120200288668,0.16286899080178385,-0.05011737219781823,0.9895076587151683
0,1,0.14949308955554585,0.16518242882476217,-0.04720297442361475,0.9893997535888508
0,2,0.14626722976001608,0.16447305559348674,-0.04565254620485452,0.9894777470209273
0,3,0.13165312979515673,0.15308405582755588,-0.041201238771790744,0.9893407847908855
0,4,0.143510513794268,0.16200323286425813,-0.0446775745999495,0.9891263743585232
0,5,0.15465766160518277,0.16203318349692875,-0.04969029219951182,0.9897040465402909
0,6,0.15015157632044834,0.16060797248784456,-0.048398802017799974,0.9894191770878662
0,7,0.1491843992469907,0.1622489024451044,-0.04731973799076615,0.9894575768697267
0,8,0.1576299300730691,0.16278593154136006,-0.051226987021958575,0.9894070835363699
0,9,0.15448224154075196,0.16440702578569946,-0.04986132851352171,0.9894658674379163
1,0,0.20170287110252627,0.8400289058351466,0.026521931142855202,0.9386737432597847
1,1,0.2127125266639812,0.82325423883997,0.021588352262297928,0.9396826314390616
1,2,0.20022488464004912,0.8149989984118402,0.023272469160448863,0.9366857421631116
1,3,0.17667196992331427,0.7987715177883278,0.02826844703224284,0.9342345913425534
1,4,0.19565017890787548,0.8289476919726653,0.025563745768857584,0.9374863576368919
1,5,0.18166074499733276,0.8336771120248639,0.02752159837577794,0.9352762463858676
1,6,0.20193615270118848,0.8488724262271258,0.027320267819885228,0.9373955878331092
1,7,0.19566860517804657,0.8455660453775032,0.02742373770235588,0.9369482430664456
1,8,0.19468902763952145,0.8520145970552503,0.02883873128049022,0.9368593004215611
1,9,0.19331607088244665,0.8441482764456493,0.03140118229177154,0.9374132814878973
2,0,0.2287798945959061,0.9999999969378457,0.036701139528142586,0.9365190150868824
2,1,0.3024474026388487,0.999999999974657,0.002715119526803526,0.9380971036372946
2,2,0.2330240854018453,0.9870596370275599,0.03648063553597595,0.9370936563041283
2,3,0.22050227176745674,0.9999980399045628,0.04304836405107105,0.9375334438495122
2,4,0.19959523623122694,0.9999999999803506,0.049490099690416005,0.9335222742072592
2,5,0.2635532872967937,0.9999961899732362,0.024723423537973292,0.9345709477574138
2,6,0.218646325629923,0.9950908511773812,0.04467691736071075,0.938719989833921
2,7,0.23557456583472589,0.9706447661763353,0.02964976686932774,0.9383936004950953
2,8,0.24202075982701943,0.9999406659854444,0.03278213271408898,0.936321792716927
2,9,0.22912327472901944,0.999929897245814,0.03874423518309341,0.9355099192807919
3,0,0.16846900971903483,0.6698441496642965,0.012034481986840017,0.9472967385122881
3,1,0.16900800453199008,0.6456340406609978,0.007776689887453804,0.948362291193101
3,2,0.17547347854001175,0.6277164383599875,0.006620817773131611,0.9517108188365153
3,3,0.1752589164887341,0.6378879167037322,0.007408762448815059,0.9493953924882901
3,4,0.1533198119240558,0.6275860547367211,0.012530340997429905,0.9456380233517178
3,5,0.16726938113231157,0.6536077543263373,0.008259726332790132,0.9475500566566716
3,6,0.16840566225016312,0.6599249346561114,0.011843022763348737,0.9474901441951391
3,7,0.15886573763967554,0.6571854855676486,0.014042089651053389,0.9472362526893764
3,8,0.1648469523942487,0.6617269707304407,0.014678048405486277,0.9471125571435872
3,9,0.17612567053428319,0.6524890867937281,0.008683801661263217,0.9501971254111892
4,0,0.14825181015904898,0.15506987494829075,-0.049598188065071006,0.989316390610932
4,1,0.1527870522051051,0.15564689284596636,-0.05185415705738939,0.9894030534687
4,2,0.1392365759824274,0.1569364047887893,-0.045202801888725136,0.9892035432879486
4,3,0.15666299590860178,0.15354460875691858,-0.054353592447827684,0.9896802718347122
4,4,0.1406070586478334,0.15106200644357964,-0.04643062928525831,0.9895658583254935
4,5,0.14916035152023768,0.15320108032614005,-0.04989595737035142,0.9897313237938011
4,6,0.14213512559002014,0.1594555455818138,-0.04542645336945099,0.9891674572846144
4,7,0.14485945108716175,0.15547323061565668,-0.047732453215985855,0.9892291392019518
4,8,0.14277662397482072,0.1549359501190172,-0.046588920959656964,0.9894187893563529
4,9,0.1364171395002182,0.14926427592186936,-0.044520122232958495,0.9895866580054984
5,0,0.595243429496994,0.9999634600939871,-0.1175053652389715,0.9221936991948491
5,1,0.5735808192928867,0.9999556087987701,-0.10460812584341558,0.929088933613707
5,2,0.49069764648410796,0.9999999999999876,-0.05870610798722091,0.9244965664831905
5,3,0.6259577609387004,0.9999999999992626,-0.13993490997502,0.9266379835223533
5,4,0.8592579937977756,0.9999999999998349,-0.3164219830042002,0.9307811388711338
5,5,0.678403123889,0.9999999999124758,-0.15655910004738915,0.9313784032694165
5,6,0.6952384690638226,0.9999999769937713,-0.20713312874304166,0.9293826111950659
5,7,0.6477680075018176,0.999962658350986,-0.1338798459554141,0.928919122743185
5,8,0.5625521473354888,0.9999995517245198,-0.10655713880241977,0.9267178113722254
5,9,0.7584966807052991,0.9999999999999749,-0.20420687767699242,0.9293039233487947
6,0,-0.06500653673047029,0.9999394495847703,0.2685139206991308,0.9292112419094293
6,1,0.24768778303497974,0.9159527339202179,0.019128503450048216,0.9376084735389149
6,2,0.21341285893011339,0.9921502627247303,0.034089254836040465,0.9278047336953645
6,3,0.22009299903651033,0.9851066179121849,0.03245712969740051,0.9316519761800148
6,4,0.21978946359061308,0.9636261705139442,0.025006787599583854,0.9305477338100769
6,5,0.2453762570607949,0.9551194579785116,0.020460868305171277,0.9345151958608776
6,6,0.2235297258068608,0.9532926442772497,0.029443997930806903,0.9334875231214582
6,7,0.23567850075040303,0.9444396079479925,0.022859231654182077,0.9325357058134776
6,8,-0.23797061418388205,0.9999898478969126,0.2807990414264001,0.9257804305373392
6,9,0.21434617884277912,0.9642215743251891,0.029842438851514247,0.9290430490446797
7,0,0.33301313011709477,0.9983933506115754,-0.0006271561164115881,0.9415814486734715
7,1,0.40314444685056516,0.9999999998965177,-0.03899902014269269,0.9427140969872384
7,2,0.34008938002555483,0.9999999999999778,-0.0013979203093995374,0.9389014654314385
7,3,0.38185668738406053,0.9999881640684279,-0.022570512244966933,0.9400337916684529
7,4,0.2852584807602083,0.9999362232552341,0.008668924472499288,0.927520565850814
7,5,0.3708939384821753,0.9999373245510953,-0.013834992222556654,0.9436418550981882
7,6,0.38738517743645584,0.9999999999999982,-0.02415001132491843,0.9418498003392936
7,7,0.3264319544560503,0.9999983573365844,0.0010228591344112151,0.9429392472077328
7,8,0.34423152792183975,0.999995823992603,-0.009745698759365876,0.9408754076035996
7,9,0.40052283701631536,0.999992947842604,-0.02311254835835066,0.9451242453013632
8,0,0.1987800715304131,0.3250502345210513,-0.04767778663196664,0.9798390017376409
8,1,0.19093273045602135,0.3217288855167516,-0.044060277497321096,0.9798140791857601
8,2,0.20151449358455237,0.3166167857224521,-0.04878826311556531,0.9805346835427815
8,3,0.1969304637105512,0.3098020082008592,-0.048651028412160124,0.9807610674206942
8,4,0.20294098417239415,0.3147380592998799,-0.04980101298345044,0.9808751130866175
8,5,0.17631916505783501,0.316236978901341,-0.038541440883867566,0.9781727341090651
8,6,0.1916149262215003,0.32043500447017786,-0.044197904594292146,0.9798162367253047
8,7,0.19796955046909087,0.3184267884539599,-0.047988653371793075,0.9805482761290767
8,8,0.18678146003629997,0.3134106543658639,-0.042858969453244126,0.9798386169550521
8,9,0.1816144619329389,0.3222263550452936,-0.040787461058573095,0.9788677452981823
9,0,0.692522924115669,0.9999999999999518,-0.1596946050357098,0.9226508522277964
9,1,0.7134588788152867,0.9999637950104087,-0.14293891483759527,0.933328109965025
9,2,0.654712150044669,0.9999580158482986,-0.13005089892438843,0.9304345184366902
9,3,0.8495397691637185,0.9999998975651461,-0.2761600404380492,0.9292478480024432
9,4,0.7566872091976672,0.9999999982841413,-0.2121841080997168,0.9288241613948937
9,5,0.7145937580426228,0.9999658456992462,-0.1474608656544351,0.9322668691774908
9,6,0.6551467229751449,0.9999999999999379,-0.12142033504482855,0.9322386479091912
9,7,0.6889978843085696,0.9999997551715628,-0.14613437542968533,0.928453917971633
9,8,0.7638314553295762,0.9999999999999881,-0.173375914779017,0.934356047876076
9,9,0.7383615782979083,0.9999999999999621,-0.16955756235432629,0.9318649108929455
10,0,0.7411753861144824,0.9999999999957243,-0.15905489920292645,0.9359330664931956
10,1,0.7756502835438118,0.9999360054992437,-0.17534908579281983,0.9343867472745868
10,2,0.6915526965849278,0.9999664389367825,-0.14293837810672605,0.933382824856994
10,3,0.7221536263672271,0.999910957074162,-0.15865411444466557,0.9338337755555739
10,4,0.9239456727341766,0.9999999969815491,-0.3022841443890512,0.9373445570507091
10,5,0.6824705022732847,0.9999890196031354,-0.1354609953824291,0.9354509601826442
10,6,0.6685500101323245,0.9999999897164968,-0.1313544275935464,0.9432870182390805
10,7,0.6042636900190264,0.9999999990898741,-0.08758785340569804,0.9295620041922341
10,8,0.7117061173827701,0.9999577107929782,-0.16416339945368813,0.9292251758283184
10,9,0.6672298041659086,0.999934512805493,-0.14389781320144937,0.9289462998658568
11,0,0.1562807070161055,0.27201332844555676,-0.035899949189364545,0.9808842756955407
11,1,0.14815347914368807,0.2681446666456615,-0.03206688402767886,0.9810076592655524
11,2,0.14534823642713607,0.2676246124807233,-0.031065913666377686,0.9808582438545722
11,3,0.15316239186609973,0.2683167844380633,-0.03416715089567837,0.9810674749499837
11,4,0.14974012933488998,0.259811673200003,-0.03342678881990947,0.9816630058851783
11,5,0.14501674850447685,0.2750918786210662,-0.030272717222231807,0.9795608686166071
11,6,0.15299718562346076,0.27373433725785046,-0.03389307049420997,0.9805287473755478
11,7,0.15169027489523215,0.27478566278985234,-0.03316545774985646,0.980385662265208
11,8,0.16091795650803056,0.27090591444173867,-0.03809586351342277,0.9809093831435668
11,9,0.14186326844913189,0.2726976146929907,-0.028722442013429567,0.9803234174685591
12,0,0.26802648816679664,0.9423661099920808,0.013115255869623876,0.941652739228604
12,1,0.2566932852487707,0.930468965906371,0.019606519987232646,0.9406892456301499
12,2,0.27498885174324894,0.9233879889381,0.011159916754480349,0.9427596113835787
12,3,0.26502739139486203,0.9171964981997109,0.007726721237033302,0.9396365207776757
12,4,0.2685516870740826,0.9275596776711571,0.00577126185443295,0.9376190580444279
12,5,0.25640648644141656,0.9543657436131376,0.022624039696692005,0.9409651561118489
12,6,0.25326256292544064,0.9428614508752683,0.01956816625618337,0.9394724566231301
12,7,0.27534933849707544,0.916549750741476,0.012059360574735868,0.9440219399578834
12,8,0.2744310621430111,0.9406173063621407,0.012515067839430237,0.9414906402120271
12,9,0.21619242652216766,0.9165834625591037,0.025399476998261835,0.9299143979422613
13,0,0.16493619687177202,0.6143151591348539,0.004983139811429277,0.9464679432541393
13,1,0.1649951362234462,0.6133253355444613,0.004270601017299889,0.9464882977032795
13,2,0.1571290506482645,0.6306126139229352,0.009391485867227645,0.9443320033542092
13,3,0.15318597994334462,0.6300886676311128,0.008868955007006232,0.9437189757644133
13,4,0.16796382815539174,0.630858510723933,0.0033931678532172797,0.9453916588899663
13,5,0.17130963600869495,0.6018091899581818,0.0013549743062575377,0.9486787348621087
13,6,0.17203168725187867,0.6260103690953093,0.00306928579325319,0.9471317441321291
13,7,0.15544446088813318,0.62779781762113,0.006589984087522898,0.9421258940303172
13,8,0.1646461771312772,0.6349764649896572,0.005104887417314371,0.9447961820260666
13,9,0.15605117730477938,0.6137813439944495,0.008440505807381102,0.9453240672872697
14,0,0.23740649639570757,0.9152435139220473,0.03185733510665684,0.9449123076689542
14,1,0.21203842848052448,0.9314195455633493,0.03791086135547012,0.9403180088769866
14,2,0.2194604683297442,0.943555851688163,0.040613477467784806,0.9430485696642704
14,3,0.23040133146356387,0.9070789265621407,0.027579549298953548,0.9430975531834925
14,4,0.1857932324085805,0.895090004338653,0.04302240616559113,0.9402124225684455
14,5,0.2049357624907237,0.8983787948390027,0.036387908291724315,0.9419798129348829
14,6,0.23579458063009667,0.8923200803172716,0.023417345088339873,0.9451784467962622
14,7,0.21314320210624796,0.8705254312211944,0.031583051334824065,0.941933429580696
14,8,0.24357425614710257,0.9239742107062541,0.02542950966938773,0.944043906468316
14,9,0.2212155032017195,0.9097819632699817,0.034884146252020215,0.9424290848215887
15,0,0.15068436551223988,0.3142234689101254,-0.027859680223007423,0.9759369521826204
15,1,0.1629326018278407,0.30369899603212763,-0.034016785730171556,0.9771665708210124
15,2,0.1519711987370866,0.3003065033118357,-0.029594518879400657,0.9768595546225197
15,3,0.1487599211846965,0.3055139291863865,-0.027574803421823852,0.9754490319014828
15,4,0.15627237794818538,0.3060206537026402,-0.030826916840196658,0.9766728059840422
15,5,0.14917156307891868,0.3053302441252222,-0.027986531931364092,0.976026327566113
15,6,0.15399713014611469,0.30635764594980747,-0.02974884300391655,0.9765278212101288
15,7,0.15537117143872514,0.3036238996839183,-0.03040012844840695,0.9766872345727263
15,8,0.1515090524732973,0.2935424541443764,-0.030010716847742196,0.9763699518226318
15,9,0.15528931035086913,0.3053373065982797,-0.02961599528166658,0.9765216681364828
16,0,0.16696825677408111,0.4579371560811446,-0.01405536003739415,0.963306149586706
16,1,0.1836475429394001,0.4559940734514103,-0.0195609785037122,0.9649687737932034
16,2,0.1770201439312607,0.45852772147185844,-0.017081748519758005,0.9643314255623575
16,3,0.1778932303373566,0.4553154649658662,-0.018395956672314886,0.9645993680143913
16,4,0.1795879075819789,0.447371938746419,-0.019343840191596472,0.965063980901747
16,5,0.16834025230225,0.46096823671357223,-0.01467857552202543,0.963287236677047
16,6,0.18421788860856655,0.45788537257450945,-0.020904544378044027,0.9654608977641905
16,7,0.16916685011915614,0.4576850102056403,-0.014436128230440371,0.9636122432413204
16,8,0.1865080168910887,0.46285956567660824,-0.02246784470971344,0.9641068655988086
16,9,0.1784466654680197,0.4586125981885043,-0.01780013846154066,0.9650856984813176
17,0,0.6869112248756628,0.9999340165079602,-0.13713744567378564,0.9258924438781234
17,1,0.6681610706806519,0.9999999994763316,-0.14100413463723147,0.9256022218770016
17,2,0.6438009603721669,0.9999386218382222,-0.1223671407735623,0.919434340712336
17,3,0.7350558155351957,0.9999999999682911,-0.16025760308091896,0.9287713281206297
17,4,0.95932359597531,0.9999999659130946,-0.27630035399497666,0.9294311988006885
17,5,0.6858103648418689,0.999999999996446,-0.13599606412362278,0.9270651013306623
17,6,0.6737532747970241,0.9999628627249216,-0.1261544639900611,0.9301601007935807
17,7,0.6670775152370153,0.9999377690095845,-0.12591877143017233,0.9257739080897985
17,8,0.690870608446052,0.9999653866925895,-0.13870220539431413,0.9280030195639514
17,9,0.630362663612347,0.9999999999936311,-0.11182607342732953,0.9231447080638109
18,0,0.8756072742173283,0.9999447027430525,-0.21574713866977463,0.9278785080272307
18,1,0.9057253662594371,0.999999999206585,-0.20328304332931046,0.933026328279969
18,2,0.8987507885090047,0.9999416104299946,-0.21559861682545162,0.9343072554467029
18,3,0.9645489528101184,0.9999403080760749,-0.2611226226893503,0.9339913219349295
18,4,0.8901595073639211,0.9999436859054732,-0.21358199621918014,0.9329236927678691
18,5,0.8786459053406616,0.9999448908056224,-0.20880296548288946,0.9319360421760817
18,6,0.8983765039920462,0.999958236898189,-0.21784990083921965,0.9227342065691689
18,7,0.999999998504644,0.9999796323377399,-0.28861433718640533,0.9300141102466338
18,8,0.937485564473179,0.9999999904398436,-0.233222645137069,0.9334992452138122
18,9,0.7101936291086054,0.9999999999999833,-0.1203778561020805,0.9321460199037238
19,0,0.9891870114186658,0.9999999999998662,-0.22524887877010277,0.9396299266389723
19,1,0.9999999999853494,0.9999411189037799,-0.22631252414290684,0.9379844141885196
19,2,0.6101866487040466,0.9999372044287143,0.059757434654777744,0.9375715100861903
19,3,0.9999999999997083,0.9999641593106198,-0.23074854128336922,0.9401148393454222
19,4,0.999999999512922,0.9999360466290386,-0.2301925141451772,0.9374675625106108
19,5,0.9909648544061453,0.9999539915592408,-0.23548011535802255,0.9364567176069729
19,6,0.999999999999885,0.9999621570433559,-0.22939333805302423,0.9409289055283202
19,7,0.6144367022014774,0.9999407316566846,0.10672384162508607,0.9329876357547812
19,8,0.9853452467941279,0.9999607750481028,-0.23284042280808298,0.9365219804772414
19,9,0.9999516436162978,0.9999999995320472,-0.22415941060461694,0.9366697488358615
20,0,0.9037739847943074,0.9999999989707629,-0.3122395698586099,0.9345261801169965
20,1,0.716273100910164,0.9999999999995934,-0.1577669551471205,0.9314919067399938
20,2,0.6759170071355841,0.9999641468767214,-0.13488502664120422,0.9339773587431344
20,3,0.730579042367577,0.9999663629199103,-0.15844426125351072,0.9344978901425905
20,4,0.7269214831533573,0.9999999999828055,-0.16643114697234143,0.9264739684856625
20,5,0.723623131509882,0.9999335714898279,-0.1540557007522563,0.933371492276685
20,6,0.8060997784131336,0.9999989113991639,-0.23704559212207038,0.9329971596412483
20,7,0.7244820655722957,0.9999924300183622,-0.1603591137181649,0.9328109979539124
20,8,0.17879394623024303,0.9999377935086396,0.3195979486591301,0.9321316683561456
20,9,0.7024271685533443,0.9999623042773169,-0.14230987835162667,0.9367467220378278
21,0,0.15722098351365327,0.47080032462874144,-0.007720410383170828,0.9646258802332868
21,1,0.15348651674897046,0.4705259696399165,-0.004960343072654067,0.9650524223833967
21,2,0.15748734860373448,0.46701839992054606,-0.006787529492007718,0.965757734800787
21,3,0.15893699211817658,0.47006513194894695,-0.0069899076470284404,0.965833993737537
21,4,0.1527464165311612,0.47911344763188624,-0.004841446183274187,0.9653453174081404
21,5,0.14243806913287796,0.4713430526731276,-0.004066091496769897,0.9623228409063757
21,6,0.1625604340581161,0.48258545948065695,-0.008277218388740997,0.965074143901378
21,7,0.15851509379320297,0.4863040173751596,-0.006902209602255818,0.9648070588134776
21,8,0.1613867055733387,0.47415072279752546,-0.007729514480375139,0.9657624851399612
21,9,0.15042935731378324,0.48226614460307593,-0.002868292315851086,0.9654022710848318
22,0,0.9572290054099937,0.9999682348216735,-0.25026749075279986,0.9420045664379209
22,1,0.9631415392556967,0.9999378491806155,-0.23735837035567764,0.939946357115942
22,2,0.9999999999979747,0.9999389391240786,-0.26589304987440177,0.9360182824947715
22,3,0.9999516206358016,0.9999508326520199,-0.23617568333027086,0.9417063577654564
22,4,0.9674456460334746,0.9999400780703843,-0.24465774869195286,0.9372384394313287
22,5,0.9999516206356187,0.9999397696435633,-0.25659824251682734,0.9407986965582601
22,6,0.9933972045667151,0.9999402300529701,-0.24973936478210373,0.9383637903157319
22,7,0.9999999988125943,0.9788162926879287,-0.24743930770648284,0.9440997279607438
22,8,0.9999992564468445,0.9999485106059652,-0.2503716018862738,0.9347897673804659
22,9,0.9697750470487249,0.9999492487100059,-0.23948626423220643,0.9355379858521307
23,0,0.12886555173030964,0.16696855326470667,-0.037672050929186233,0.9879270791154682
23,1,0.1251103652011562,0.161451268983252,-0.03638916935728085,0.9883083954398998
23,2,0.12618231205273606,0.16526452821389098,-0.03699207493903369,0.9876105007189068
23,3,0.13493914743494778,0.16769621533217313,-0.04071854867812141,0.987762888707078
23,4,0.13327875092271457,0.16900023299544037,-0.03970513087471887,0.9877399365119991
23,5,0.129194244582965,0.16884263056001925,-0.03756700413198796,0.9872781098484525
23,6,0.12784772271139108,0.17083877725283445,-0.036805763932975855,0.9875628775275922
23,7,0.12607252990721182,0.1690511666384107,-0.035926697269466776,0.9878098802667314
23,8,0.12846347174638253,0.16678287953829748,-0.03741606761809892,0.9877213788261574
23,9,0.1332232556573201,0.16877579215962513,-0.03957357220550431,0.987790074543341
24,0,0.17498598615167466,0.08870505703203413,-0.071944555511924,0.9947359290609568
24,1,0.16487913776888152,0.09043258995622881,-0.06650822833516626,0.994483337130324
24,2,0.17360816294672388,0.08892285446393847,-0.0707165475281476,0.9946245512848035
24,3,0.17814453219133708,0.08881379588853812,-0.07346534656787179,0.9948326175919455
24,4,0.1565563287894657,0.08793350157446726,-0.06291934846526334,0.9943197787520075
24,5,0.1580890743079721,0.08662726798969927,-0.0634079286133009,0.9946695844700997
24,6,0.16700039385157192,0.09003957965448692,-0.06769850259043105,0.9944260830222568
24,7,0.1667181048497102,0.09027663721049575,-0.06742101144432891,0.9944110135505431
24,8,0.15222782802885204,0.087559215503336,-0.06077796439035845,0.9945389254805487
24,9,0.17006597685795527,0.08984861657569436,-0.0692972657485914,0.9944851677391522
25,0,0.16776168532891297,0.40031230648617794,-0.020597216533460815,0.968796403380583
25,1,0.15901720283472684,0.42205160928664626,-0.013389006873187479,0.9681703362976442
25,2,0.15462002287048068,0.4121371521135439,-0.013864764991734337,0.9677731050424615
25,3,0.16759530263188802,0.42936629812127647,-0.01939176518502038,0.9679417977323063
25,4,0.14934909371426466,0.4185495420636327,-0.009970122017271725,0.9685690625330596
25,5,0.149009816402344,0.43004915342808386,-0.008062652971870954,0.9674031806664793
25,6,0.1603372923138632,0.4251328048716967,-0.014045282079286566,0.9686520748490458
25,7,0.15196635371770767,0.41534562516437357,-0.012772329598785994,0.9676926133611525
25,8,0.14995719801255195,0.41834967345756346,-0.010273639277735933,0.9685020146388864
25,9,0.16112655655391087,0.4246807699374689,-0.014931344477580521,0.9683682840546338
26,0,0.13025243825714516,0.34433253541893827,-0.013988057519857905,0.9709270192976114
26,1,0.136373615627762,0.3499522732385117,-0.016329219287308943,0.9719579573827846
26,2,0.1300200743915456,0.35446980638636977,-0.01264443077448431,0.9708301740695721
26,3,0.13395261449385965,0.35572281576891157,-0.014767728319651684,0.9709902458122436
26,4,0.12355038048165226,0.34906018901479735,-0.011653224877228256,0.9699198068241272
26,5,0.13847331822591305,0.34589006693178403,-0.017742176781974477,0.9722212439906286
26,6,0.13808489826560277,0.3476192127276162,-0.017340505935247323,0.9719408378823587
26,7,0.14405553379877742,0.34396211741635047,-0.021042400988410623,0.9718883254471983
26,8,0.13131072034158317,0.3478745899865548,-0.01469414941985867,0.9719944206096316
26,9,0.1339003221554831,0.34820114169795724,-0.015426341105663315,0.9716863462126999
27,0,0.8081566916307693,0.9999999999999626,-0.12451215272564524,0.9352343294610111
27,1,0.41629612897090695,0.999940732359393,0.22212738239814545,0.9299960842665962
27,2,0.9999746717382344,0.9999999999999978,-0.2279000943781805,0.9347571770713516
27,3,0.9999553184568929,0.9999999999999963,-0.24145566716994488,0.9345026992171972
27,4,0.9999516206358146,0.9999409651434711,-0.21999788775290233,0.9369668092271182
27,5,0.9999999999560802,0.999938799631439,-0.23396093158232623,0.9327465994418827
27,6,0.8958089852552544,0.9999999976058905,-0.12841633868463445,0.9347130013334194
27,7,0.9999999999998053,0.9999340051413719,-0.23227972929210197,0.9362973517815631
27,8,0.9999514577838089,0.999999998301675,-0.24118293286990522,0.9310169823960531
27,9,0.9999519910674324,0.9999999973605349,-0.2378375574523067,0.9334168441893022
28,0,0.47869370084559754,0.9999999999999254,-0.06577103464555041,0.927265261941376
28,1,0.4122929434565212,0.9999999999641564,-0.030547360519773997,0.9260155316722241
28,2,0.4955486511616242,0.9999473902452157,-0.07061964998476951,0.9303883882437417
28,3,0.5354148932252493,0.99999975726717,-0.1080056239781843,0.9308795820174564
28,4,0.5213961370524268,0.9999480670328688,-0.08404600832190798,0.9289844233696237
28,5,0.34585426406237607,0.9999999999999977,0.0001557097624711308,0.9253138165324921
28,6,0.5187729454198018,0.9999451825990304,-0.07992381427037484,0.9329084716777118
28,7,0.5507346101820824,0.9999976986973795,-0.07517069656900101,0.9347140194702136
28,8,0.71930662102967,0.9999999920954541,-0.19146824023157896,0.9331087776332181
28,9,0.5757158263317751,0.9999999999684702,-0.11132594700389427,0.9337023445800834
29,0,0.13873322571960528,0.3537691290804142,-0.015611102088548514,0.9708089218599991
29,1,0.14247663299141916,0.34668158433138513,-0.017533385561051495,0.9725142161405723
29,2,0.13800192253441687,0.3491383766962406,-0.015225026400993193,0.9721996279002947
29,3,0.1397577019336931,0.35461264346492605,-0.01605129197052477,0.9719743436839682
29,4,0.14008120421929568,0.3550834699275636,-0.016119565788953544,0.9716542175435434
29,5,0.14041231813912575,0.35253206803999715,-0.016696938377390357,0.9723146121307583
29,6,0.13551008135115,0.35321585897097574,-0.013884954649598888,0.9722884906400014
29,7,0.14252311989899236,0.3451321872055658,-0.0182022112466227,0.9722827831590445
29,8,0.13843734413499154,0.3551087997253463,-0.01507732330148742,0.9716914558349966
29,9,0.14071202361836355,0.3456883278556262,-0.017549073610807098,0.9734195789049254
30,0,0.16689528930953434,0.08949380844776846,-0.06868357296283023,0.9945539667926636
30,1,0.1748783279763785,0.090183044030524,-0.072734386377113,0.9943904482043981
30,2,0.1687425503120328,0.08896677193111527,-0.06991028145309833,0.9945956314512885
30,3,0.15168847442947073,0.09153696223394382,-0.061052992753819015,0.9941132121445767
30,4,0.168979413697972,0.09016618069555724,-0.0696869077957314,0.9945308403436616
30,5,0.15330061712170193,0.08773586791226998,-0.06214977816310028,0.9944128892008914
30,6,0.1666385893553394,0.08877271048193336,-0.06925515917673414,0.9943739194271547
30,7,0.14761213756984992,0.0895666418704608,-0.0592845584704705,0.993869761408391
30,8,0.1464269706502263,0.09325194578751216,-0.05821447851860845,0.9938489098431055
30,9,0.16730340182343684,0.09012902884318023,-0.06948166551797234,0.994393459195035
31,0,0.1282654559586107,0.16633994135931512,-0.03874278114002202,0.9874009385685996
31,1,0.1135171288361825,0.1638507299956156,-0.031383219384997774,0.9870127753431754
31,2,0.1263944934609719,0.16772527541476648,-0.03714038841007563,0.9872013239687404
31,3,0.12425257773036644,0.16586644556629246,-0.03606583989776457,0.9876105319909835
31,4,0.12882925313320176,0.1641634904842615,-0.039159268676151576,0.9875890184175359
31,5,0.12575424550545397,0.1624431815716058,-0.03771170159590357,0.9875804335875149
31,6,0.12614974475510052,0.1654759196020227,-0.03772032477658204,0.9869816458392432
31,7,0.12562421698388196,0.16631551395235594,-0.037362100045251305,0.9873951200172231
31,8,0.12043508495525614,0.16708840657179647,-0.03447446234329146,0.9874002922695414
31,9,0.13200642062060736,0.1638005225482804,-0.04116823795212578,0.9879829918782038
32,0,0.9262768459973545,0.9999999999999123,-0.20357747464422657,0.9297816000948524
32,1,0.9999516206363286,0.9999485913878092,-0.2366685338737741,0.9324244252696077
32,2,0.9999658644885108,0.9999999999999263,-0.24042587622632539,0.9288381248319011
32,3,0.6961639111545068,0.9999411165700058,0.06667656357733052,0.9296589249072459
32,4,0.9999999981977566,0.9999378098182733,-0.22570259701684575,0.9327994321355629
32,5,0.9999999982604786,0.9999468096898682,-0.24757414413641743,0.9283771623706337
32,6,0.9999492038805063,0.9999999999839606,-0.13562048679462713,0.9319361393274498
32,7,0.9999999999999571,0.9999792927546893,-0.2406071057704434,0.9321954934145953
32,8,0.9999589971512929,0.9999999989697217,-0.2469930522001885,0.9301277285580875
32,9,0.9999516211565522,0.9999999999999442,-0.24825039596508872,0.9285580086087858
33,0,0.13913895762321374,0.1567974488789872,-0.0449024114955264,0.989042898062684
33,1,0.1389575694269789,0.15633455090822307,-0.04431272712033996,0.9892246773329912
33,2,0.13685318397085466,0.15093941250922088,-0.043897034145546715,0.9895343854655139
33,3,0.14913478026893437,0.15595268709439705,-0.04888714718121095,0.9892802919847953
33,4,0.13729705751019575,0.1580911253646598,-0.043562001509658305,0.9890526934096068
33,5,0.13647792098342673,0.15369322376641822,-0.043386364756381454,0.9891410116741689
33,6,0.13065544828292025,0.15546253270725055,-0.0401406672021484,0.9886656436312694
33,7,0.14539369019186052,0.1578661350757671,-0.047290353676615625,0.9888871800453285
33,8,0.15012044414394238,0.15498783441208086,-0.05054876205868876,0.9896093600490495
33,9,0.14251166843763077,0.1547440402450475,-0.04630104841891441,0.9891631670449914
34,0,0.17464780290553514,0.4933065921646006,-0.013279284416088253,0.961202952121142
34,1,0.16946756763416998,0.47127144053812686,-0.013148862296487245,0.9610046568594705
34,2,0.17331901206207176,0.4785115195506404,-0.013217446616157195,0.9622573956963474
34,3,0.16820582343922558,0.47941910218664446,-0.011132704154330283,0.9611975781901202
34,4,0.16891913111611734,0.48228440309141307,-0.010968066061088685,0.9617482364933364
34,5,0.15905300104796044,0.4890926878610811,-0.007302176609696096,0.960608726956943
34,6,0.17862372367289595,0.4885887152042707,-0.01583973257045723,0.9615019055716798
34,7,0.16841606084546487,0.4963424488882389,-0.009150268602671307,0.960896977963507
34,8,0.17050590035551463,0.48438016087134167,-0.011499225344941837,0.9614489513239681
34,9,0.17240692081585157,0.47395518602221454,-0.013540315229792732,0.9618118597545765
35,0,0.16874712524180446,0.3056406663559012,-0.03595454119137059,0.978769491254412
35,1,0.14671680026026013,0.30522240028875114,-0.02647426423484902,0.9766086866019623
35,2,0.16103152733186787,0.3037459581911582,-0.03273067658603071,0.9791639915376645
35,3,0.1709435443894663,0.30856483675527735,-0.03649484453643226,0.9788542652326567
35,4,0.16837619882658847,0.3063630602241991,-0.035234754872953744,0.9786162815857332
35,5,0.16287866463006248,0.3104185935425509,-0.03235450723963826,0.9782871289215678
35,6,0.1586588918157638,0.31423637450161584,-0.030407040626515117,0.9782656220822619
35,7,0.16365971259559994,0.30863202402724266,-0.0328734422283898,0.9788454624185241
35,8,0.1597642130525869,0.30439889592384833,-0.03211054661225148,0.978780560066511
35,9,0.16745857650079785,0.3154037709859658,-0.034748212154416584,0.9782305501459316
36,0,0.14113574911432739,0.3152219473703658,-0.021474141931194308,0.9766376451592661
36,1,0.15044044057859393,0.30273136828516806,-0.02663128097723817,0.9781308361230321
36,2,0.1426427284497047,0.32629752169606424,-0.020402385288442407,0.9769156675075611
36,3,0.15026304815060554,0.316247121957954,-0.02507097142473223,0.9780412261881312
36,4,0.15415507296737468,0.31540214336420846,-0.026944235548106304,0.9784990501853668
36,5,0.1537746281459038,0.31337254127727754,-0.026598656835869934,0.9779423591316336
36,6,0.15075472666002346,0.31629992672196466,-0.02555540873367181,0.9774904697608394
36,7,0.14621316803206438,0.3167494412309687,-0.023027572845360816,0.9772407850013842
36,8,0.1559141596510901,0.3204689815798797,-0.027383647778508057,0.9771473095962534
36,9,0.13469445726439366,0.31386316645340634,-0.0187076377892338,0.9755058127039504
37,0,0.11071027186710632,0.9999543551865702,0.23917179050630652,0.932594978028785
37,1,0.4864925151457902,0.9999999999998586,-0.05730358304020275,0.937130560772668
37,2,0.5092056727636014,0.9999951154137375,-0.08027997067525809,0.932815485180283
37,3,0.5515095272614232,0.9999985708826781,-0.1281414229993484,0.9322082170231514
37,4,0.12753588460069942,0.9999999979849284,0.13372088911735594,0.9306541464556005
37,5,0.47621276558603237,0.9999999998470473,-0.050537473899636934,0.9363609364144451
37,6,0.31378390337571443,0.9999999999999701,0.022270507493143073,0.9322964221717421
37,7,0.4902778669872449,0.9999391720044463,-0.06010515505512145,0.9360895063869126
37,8,0.4273081116175372,0.9999363821778356,-0.04175558551885952,0.9340964615314399
37,9,0.4019431550736942,0.9999406302976954,-0.030167476152697815,0.9291666235324384
38,0,0.26711512307833457,0.7546190731468024,-0.0007610583255695021,0.9591093921655809
38,1,0.25965682574264554,0.7819697824104381,0.007819122762744912,0.9579968757017144
38,2,0.2799641600661569,0.7969730659207109,0.004780373352653581,0.9596719671110815
38,3,0.27559214243952085,0.7607612471139013,-0.0029795865124655225,0.9610353261861
38,4,0.26084383366169794,0.7630317952331174,0.007517323340161467,0.9595840381244369
38,5,0.2708216810620161,0.798961669366011,0.007487713359441416,0.9601344095405003
38,6,-0.4399767150642492,0.999959724438926,0.5550785429576796,0.9429282843771081
38,7,0.24725263474995426,0.7853594753593667,0.0121248270823438,0.9577538609129536
38,8,0.27336038875517815,0.8093338490164458,0.008495234181722535,0.9595793097285437
38,9,0.2532836616132955,0.8118223641578879,0.01414986249336952,0.9559365939551628
39,0,0.16920769268672642,0.2926939378043703,-0.03620282576011253,0.9817419319635156
39,1,0.1629486031311425,0.29182939528656354,-0.034112370720131076,0.9818256284689384
39,2,0.15922767012839717,0.300595831061576,-0.030541167512933152,0.9817560560159077
39,3,0.1698059687868221,0.2794118149038106,-0.03799124242784317,0.9830964831601087
39,4,0.1623013117341758,0.29236842163555793,-0.03296266740238294,0.9828196006538902
39,5,0.1636799485702425,0.2873934165598979,-0.03510377213697792,0.982325461255474
39,6,0.16166384620580224,0.29661162488968906,-0.03212943802734787,0.9822058237838426
39,7,0.16441432435663625,0.2933781194032236,-0.03393430703099998,0.9817806194659083
39,8,0.14693859107711876,0.28820405942414584,-0.026903931820258405,0.9801051476180737
39,9,0.157749892318466,0.2998579678243878,-0.030221979701907393,0.981685384041993
40,0,0.13969052908104326,0.0598115522849335,-0.059617451508082786,0.9967755093030198
40,1,0.14249684669225704,0.057762745259808956,-0.0617527514742848,0.9969579233633843
40,2,0.13808017881394236,0.06080170383373852,-0.058267362100716535,0.996771317123228
40,3,0.14575959441637912,0.06001980896372738,-0.06269777821226319,0.9968698524937057
40,4,0.1298075716643585,0.05790912788132646,-0.055211271782440334,0.9966180803206908
40,5,0.14726460791113846,0.05930630172298862,-0.06335069493631523,0.9969722428325847
40,6,0.14554708046285741,0.06025754754142491,-0.06259406602436357,0.9967638480972978
40,7,0.12851382935746378,0.05720232417474262,-0.054684997805466144,0.9967469356026788
40,8,0.14930975243526134,0.05915372593434318,-0.06474979625046702,0.9968955888825074
40,9,0.15010660574728596,0.06025752119105221,-0.0649032495912568,0.996730380378154
41,0,0.9999999999998197,0.9999436290292376,-0.21924467490081906,0.9412432884428067
41,1,0.9999999999963225,0.9999456153253614,-0.21685732418254558,0.9409478198117246
41,2,0.9999999999999049,0.9999535385638719,-0.2131121223494735,0.9409759115399673
41,3,0.999955192313587,0.9999999999999328,-0.23257470855119203,0.9382443686260421
41,4,0.999999999999528,0.9999422060587151,-0.23158789187517895,0.9377822689174168
41,5,0.999999999999701,0.9999411884372708,-0.2242860964094749,0.9395062174723456
41,6,0.42135549307220743,0.9999379083231272,0.26080946880507055,0.9353817425095302
41,7,0.9999926319706162,0.9999426514416663,-0.23667139653927705,0.9362270890328876
41,8,0.999959737464514,0.999999999035474,-0.22223857190926077,0.9367764460958246
41,9,0.9708429450662567,0.9999999999999089,-0.21185089653822875,0.9361202349474859
42,0,0.12506699679685498,0.1282745917324267,-0.04235393755654307,0.9902944028333733
42,1,0.12203760001245104,0.12764087198385762,-0.04085959400063922,0.9904867759155769
42,2,0.11006173259010132,0.12940234947649648,-0.03419239915912766,0.9900300496629704
42,3,0.11970369075932537,0.12919614942005975,-0.03999904440765892,0.9896486722757428
42,4,0.11181953855332465,0.13062114501727426,-0.0355660280882356,0.9898547318563826
42,5,0.1114875148783608,0.12873781614825477,-0.03601797200088737,0.9894953523821723
42,6,0.12191869614776694,0.1259064108710617,-0.04135485633532439,0.9904340010828582
42,7,0.11640667163438821,0.12769740183392625,-0.038538602850646766,0.9899341099060629
42,8,0.11940188560649312,0.12904759070244687,-0.03942686635146409,0.9898778300601163
42,9,0.11039785023947979,0.13077463975028,-0.03474864726658601,0.9898210909144449
43,0,0.8253688504443885,0.9999999488504957,-0.2585721764536963,0.9335334338911826
43,1,0.18397198285057278,0.9999412891908479,0.2875613434697542,0.9253386752395845
43,2,0.6994124306541156,0.9999626443158759,-0.14568203020342205,0.9311972088515597
43,3,0.47157467380792933,0.9999999999999486,-0.010747542837597988,0.9310152039743446
43,4,0.7329526735869838,0.9999642761467566,-0.15020797859576548,0.9351277890528424
43,5,0.7135013075260188,0.999924604452202,-0.14537288953100597,0.9293127060878588
43,6,0.6732089651395017,0.9999999974579469,-0.13614191773899026,0.9283521259514591
43,7,0.7211799372420207,0.9999994504592162,-0.14700256676431478,0.9343281607921208
43,8,0.716201452821052,0.9999335869991093,-0.1446183250997086,0.9322502373636617
43,9,0.7679345032117344,0.9999355286588918,-0.16410932336962725,0.9338496520460264
44,0,0.13887712855263482,0.21366350620276361,-0.03315347491102889,0.9858149477544034
44,1,0.12742773716114703,0.2160739063826019,-0.02743983496314416,0.985485326858896
44,2,0.140687823483693,0.21283459394488027,-0.03452530760205691,0.9859887175834665
44,3,0.13870200250744952,0.21509997845966516,-0.03316088274834704,0.9851903283959581
44,4,0.13618620517366076,0.21357329302328332,-0.03243725810485557,0.9855973421625048
44,5,0.14295426883804432,0.21281172143443583,-0.03552575438198657,0.9851818309355925
44,6,0.12893188043035692,0.21691380655894052,-0.02797670253673926,0.9852452679927617
44,7,0.11737471349967794,0.20320139689297934,-0.02611201701903989,0.985109178776916
44,8,0.1355909067198576,0.21673479995851608,-0.031458635873014326,0.9852322899856347
44,9,0.14418625206406574,0.21237639872789987,-0.03643416592841762,0.9859371516227973
45,0,0.16021658462550145,0.8990629195553418,0.037190333631049836,0.9326010440499826
45,1,0.14193699159486575,0.9114643119806195,0.04502742883592635,0.9305122724531856
45,2,0.17256052101220248,0.9070681063285673,0.03664794246358761,0.9346116764908612
45,3,0.164694303370607,0.9110900906855199,0.03845157249339489,0.934228382870634
45,4,0.15431463581088645,0.885923525786265,0.036404178969116206,0.9345975268669837
45,5,0.15712205073986824,0.9027160380564847,0.038400271325823125,0.9309201682412631
45,6,0.16084648303920515,0.8817467723543096,0.034101369380313266,0.9314205659312655
45,7,0.17984901422430674,0.890437137937734,0.032004552898559455,0.9357311148540757
45,8,0.17028377183959803,0.9050501667682895,0.03444321615704724,0.9342951301837943
45,9,0.15171895984085237,0.9048349984641393,0.045045596446862235,0.9346392378380016
46,0,0.4266005530956367,0.999996747565516,-0.0426637362424611,0.9365226848307878
46,1,0.4667039965298793,0.9999999999998977,-0.05968952965276935,0.9379407634914892
46,2,0.3718855602031608,0.999999999999963,-0.010988491572728618,0.935577016410789
46,3,0.4646556913093436,0.9999995873278588,-0.08096178272519733,0.9347404198501965
46,4,0.38346524112023744,0.9999973936324283,-0.035036298319942344,0.9329661720355937
46,5,0.3641886033821818,0.9999979273404441,-0.026796139379666187,0.9350481103022072
46,6,0.4542631070815699,0.9999998407568341,-0.0690258983771538,0.9323736840440449
46,7,0.4513809675692738,0.9999999976418396,-0.04695500342296319,0.9379630057080085
46,8,0.4639038745040738,0.999943364843094,-0.057037193592990504,0.9361415720466049
46,9,0.4189318321446328,0.9999404655012509,-0.03817289986076703,0.9370517682403394
47,0,0.17702200215763392,0.9362283745496375,0.02379875645429617,0.921401029078688
47,1,0.16700312557546573,0.9025255553561806,0.02651684744771597,0.9237082189444743
47,2,0.18164357965692557,0.9156925313649114,0.024063126175992797,0.9254394057921559
47,3,0.17141891628197678,0.9166029026638576,0.027425840575465668,0.9220728061098628
47,4,0.17733777618179247,0.8822107351806552,0.026102303437495752,0.9256448246534362
47,5,0.1657907540300047,0.909230562339832,0.024613323271150508,0.9217858981177802
47,6,0.19386785754988556,0.9023833788237714,0.017977312002406567,0.9259410838083436
47,7,0.15731297971127198,0.8992090371674453,0.03173199553136068,0.9230694989729556
47,8,0.1314516695863087,0.9286046283240037,0.04200674198911013,0.9181655874549105
47,9,0.16209627202706636,0.9186920904629957,0.028681321058874817,0.9216892011231638
48,0,0.1285466128659772,0.23032233314487993,-0.02644705994336265,0.9825255566979578
48,1,0.13390455813961896,0.22587161296135122,-0.02965056222453926,0.9831275725859338
48,2,0.12414575441467167,0.22517872932424304,-0.024832606083867375,0.9826657377913164
48,3,0.12634950838213185,0.22519325764587772,-0.026356690924327495,0.9828318949506051
48,4,0.13062237784639735,0.22702441975610993,-0.027786606301154017,0.9828183999293227
48,5,0.1269951735395511,0.23063725123868775,-0.025570638937778452,0.982165148829697
48,6,0.13385874784107432,0.2310882121826186,-0.029402538836605735,0.9823127700256775
48,7,0.12297031722895299,0.2231032010844362,-0.025252525486595283,0.9824436359072719
48,8,0.12813656981582197,0.2298412550003668,-0.026321313565771064,0.9820512512412909
48,9,0.12533222119608117,0.22870355004117549,-0.025321462177712906,0.9828676287020246
49,0,0.16539197358862048,0.2300858576232051,-0.0461055123770147,0.9841893145202888
49,1,0.14987926579898012,0.23319890136461294,-0.03832679333888658,0.9837456897668742
49,2,0.15830948066757078,0.23111632284407346,-0.04135406108890397,0.9839622255388419
49,3,0.15928735268064434,0.2306977021368141,-0.04298780726292521,0.9839864719923684
49,4,0.14851524808949065,0.2275141415997077,-0.03768720858903489,0.9841959603462456
49,5,0.15932584665373223,0.23132891138717174,-0.04283118010239566,0.9839438806456275
49,6,0.15026741890250525,0.22196012811145488,-0.03927196384987372,0.9845128317486889
49,7,0.1548119595256216,0.23441908994440946,-0.040461471343728454,0.9838614919769467
49,8,0.161090117418843,0.22617846219722262,-0.04387107468547819,0.9846601119223597
49,9,0.1502388616961136,0.22651980519430298,-0.03949559743584001,0.98342064033954
50,0,0.17622436292371463,0.579275603702938,0.004127246697617204,0.9516514623377648
50,1,0.18790570587163838,0.5810362294980553,0.00097037000158632,0.9536496344640272
50,2,0.18614120346027177,0.591605843925283,0.0010869436729738192,0.9525395553056435
50,3,0.1894629837169988,0.5755278124856551,-0.0034075008139604138,0.9534619362478876
50,4,0.18879268254292322,0.5803232435490735,-0.002928059813139417,0.9529578104194507
50,5,0.1852548899150797,0.5891981990353304,0.0032215878500075072,0.9534107842800288
50,6,0.1926135034572364,0.5817350518824763,-0.002907751676898037,0.9537525207464282
50,7,0.1990408418722373,0.5780349129986674,-0.0038012043465271645,0.9559360228256766
50,8,0.185206471686017,0.5876605434677409,0.002042156597044536,0.9526426812323718
50,9,0.18167214856014446,0.5727288794408542,0.0006661455551020836,0.9529693997418545
51,0,0.1424332066651794,0.24832935718566393,-0.03207478150873026,0.9800746229381319
51,1,0.14829458300235832,0.2423568839069276,-0.035707646445066764,0.9806715447631099
51,2,0.14193910442543703,0.24655673707285866,-0.032328246257040526,0.9796870002613477
51,3,0.14536722660815662,0.25216275378383585,-0.03373936872817472,0.9797174850348628
51,4,0.14804481448001833,0.24838362521261592,-0.035172702079955556,0.9800011581904099
51,5,0.14399299983675742,0.24615567839680066,-0.033748674292110446,0.9800865843796411
51,6,0.15116023731501865,0.2496378435503147,-0.036892923491486845,0.979913166525796
51,7,0.14251242315773544,0.24643401747301363,-0.032745584577691486,0.9795596841441223
51,8,0.14581090467201013,0.24369536709581457,-0.035119354750327486,0.9802311223206924
51,9,0.15462854792114256,0.24156538463994812,-0.039410596773919414,0.9807429779985928
52,0,0.1662749272399672,0.4171310335755065,-0.01747876479316484,0.9693949785952041
52,1,0.16649672469115745,0.4223549801389763,-0.01812862482551738,0.9693109552109684
52,2,0.1679301291697685,0.4229478389192867,-0.018962441035431685,0.9690940689287716
52,3,0.18940198620361032,0.4202686778376037,-0.029016426964390888,0.9693181968516853
52,4,0.15833289326648511,0.4122495883346461,-0.015017682250347206,0.9697131657177419
52,5,0.15814884831061293,0.40804908420691466,-0.01501578326063353,0.9688940367794691
52,6,0.17223943073377618,0.42359169874087954,-0.020461010824936895,0.9688544124028984
52,7,0.14914216084755855,0.41912839419148146,-0.012012982873910033,0.9670760296599487
52,8,0.14689269006719058,0.4067666421308277,-0.010860232680073434,0.9691087017430816
52,9,0.16277311223146385,0.4083766921141838,-0.016195297502122865,0.9701212099815075
53,0,0.1833346796110198,0.7677401567169206,0.021209184130168812,0.9428267349827893
53,1,0.17051819162365175,0.7624556653072387,0.02416592912933846,0.9386905646829263
53,2,0.17278285419231398,0.7822180217290496,0.03037072352638464,0.9424662110002212
53,3,0.1987056359643285,0.772546330902971,0.015148161361590083,0.9432421970569467
53,4,0.1894994635442408,0.757408669398304,0.018959591411194646,0.9440259883484405
53,5,0.17999943115182923,0.7909750962543766,0.02309955495494758,0.9405515289263173
53,6,0.1736001181806464,0.7981631414707662,0.028477194451545264,0.9400606562428993
53,7,0.18485807166111212,0.75864075852629,0.019946944593889217,0.9442291232265122
53,8,0.18702551923724609,0.7712547825829523,0.02110379909507181,0.942074967584953
53,9,0.18410982017468994,0.756930692307542,0.019093373733104126,0.9412959842840476
54,0,0.9539546231647831,0.9999454525725735,-0.24169869707502187,0.9330916547015391
54,1,0.9490674638147915,0.999948281928727,-0.23603975477917497,0.9321588836019388
54,2,0.9573085759009169,0.9999473487836024,-0.2527546571988147,0.9297399108258004
54,3,0.9845772959643723,0.9999999999934793,-0.26166226723809966,0.9352490723918813
54,4,0.9174339885364888,0.9999487325627523,-0.23015152189959764,0.9303155117758909
54,5,0.9091029378220612,0.9999423400347712,-0.2249304365488765,0.9322317655910649
54,6,0.7826862358826627,0.9999999999999591,-0.1501354655209743,0.9321478529683008
54,7,0.9228597537538499,0.9999998877221905,-0.23403173124858914,0.9327061548814808
54,8,0.89145087246028,0.9999489188782114,-0.22535750439225055,0.9275593516709443
54,9,0.9096481575478714,0.9999473440633034,-0.22591876838200314,0.9311791884250679
55,0,0.1534231235450469,0.16438158662620292,-0.05050575810777644,0.9890103898733537
55,1,0.15132093438010613,0.1708057512629512,-0.0493213785880516,0.988362322263934
55,2,0.14292765126041448,0.16699042641578782,-0.045634419865923516,0.9884451232749871
55,3,0.15615034187255772,0.16639775330130324,-0.0520589186524775,0.9887669433671571
55,4,0.14572398956319702,0.16431040342037456,-0.047022167239800364,0.9887874801135117
55,5,0.1550874572323524,0.16532850567957125,-0.05144592343263856,0.9888706311147774
55,6,0.13717191744633753,0.1626620733959237,-0.042807572554643465,0.9885952853979295
55,7,0.1597209653115935,0.1674527956230623,-0.05390871343460961,0.9885613214048112
55,8,0.15260073131270316,0.16542626239808075,-0.050280450709605365,0.9889804590999461
55,9,0.13953632290140455,0.1654256199685579,-0.043703971090697784,0.9882871039365372
56,0,0.2787009525452646,0.9999979126089213,0.0023987676484763577,0.9256563688798929
56,1,0.27617713400817656,0.9999428750146697,0.0006314520390497541,0.9242019707713542
56,2,0.2636683789410387,0.9999986962119671,0.008998832521936732,0.9249991303878637
56,3,0.3303981455586904,0.9999999999998561,-0.029891231596859275,0.9238012671442473
56,4,0.24969055302457988,0.9999909726254634,0.01845835012250685,0.922936330715037
56,5,0.24358834577494384,0.9999351799573757,0.015788394877417563,0.9226260251730829
56,6,0.2547008382070324,0.9999947868992416,0.010557134530488293,0.9239851121065676
56,7,0.2718825827700371,0.9999551985936648,-0.0011971960133659355,0.9218725752137806
56,8,0.190438328487488,0.999999999990577,0.04563079573697266,0.9218885401363813
56,9,0.3039686385996375,0.999995176145895,-0.0070338323026436405,0.9256055387074819
57,0,0.1595412930276721,0.2550616599962747,-0.039402643147566994,0.9824884720854967
57,1,0.1506723235958674,0.2500444454305889,-0.03603708797305468,0.9816519237434352
57,2,0.15335815193675598,0.24120452932864858,-0.03766521748551856,0.9828623514135086
57,3,0.15273456158897653,0.2547669429737552,-0.036223027874520614,0.9821562599204383
57,4,0.14598912449970222,0.25419729045284206,-0.033050964811395585,0.9821003793806666
57,5,0.15341555937246168,0.2530911661498249,-0.03620892606504151,0.9822394978041438
57,6,0.16150251758503945,0.2500280169814746,-0.04042491628924068,0.9823779580466467
57,7,0.1642055821427218,0.25053450968009944,-0.04286212514435653,0.9827451414379468
57,8,0.15404518231803183,0.25263381347668534,-0.037222959423191974,0.9823211295732572
57,9,0.1553567555959067,0.2529409100613529,-0.037230958932879296,0.982515620204984
58,0,0.14517152733803318,0.06229148066125087,-0.06202861238351814,0.9961151315655276
58,1,0.16824825303050756,0.06033249654603502,-0.07366796718876265,0.9967176235033803
58,2,0.16021030754126972,0.059820835069450566,-0.07011625209586977,0.996473012489229
58,3,0.16242174310862784,0.06121298118540996,-0.07067788801520644,0.9964499480513851
58,4,0.14703900391558383,0.06062484644035894,-0.06336072817932484,0.9963070401643245
58,5,0.1658991512361127,0.06072046005755395,-0.072575786183587,0.9964957537324081
58,6,0.16852006098057362,0.06116232572868316,-0.07352046844484254,0.9966240588050557
58,7,0.16509317251373826,0.06195597051815293,-0.07210396035163481,0.9964491778817962
58,8,0.14365894214279828,0.059565996806325634,-0.06146658367318697,0.9964298824397719
58,9,0.16895411804102833,0.06121124678309703,-0.07355945489857615,0.9965958371797641
59,0,0.12638058404200966,0.19844859176183768,-0.03152998452334671,0.9849058536979748
59,1,0.13414246052646514,0.19928644435319626,-0.03522294921681032,0.984682025371102
59,2,0.12793746181370855,0.19904644075177502,-0.031964458424457956,0.9848842128352013
59,3,0.12450128683332026,0.20000237878005078,-0.03011920844548836,0.9846901137510542
59,4,0.13402936403735674,0.19652857085716732,-0.03554709461556192,0.9853026430147409
59,5,0.12533910548426105,0.19641442627464276,-0.03105310804457704,0.9846405260289155
59,6,0.1318531241688619,0.19812283340115128,-0.03400906269120347,0.9851207667705699
59,7,0.12595157980046373,0.199812194537637,-0.031397901754270596,0.9848422895232136
59,8,0.1336472710899068,0.19943806675411382,-0.034873501071482446,0.9845858403818194
59,9,0.12135511079665379,0.19614267057276144,-0.029497397103594464,0.9847644344101052
60,0,0.48465954041731013,0.9999493624715666,-0.05424490480275817,0.9361628667028867
60,1,0.5375272208588395,0.9999418029735812,-0.08252699874540896,0.9422656404074995
60,2,-0.08428322853480161,0.9999999999999781,0.262110887977103,0.9361854092918181
60,3,0.8774152013357877,0.9999999999699234,-0.26414855195233233,0.9453038874325562
60,4,0.6750528856470944,0.9999999867277071,-0.18234589231481627,0.9450428505199531
60,5,0.5858951160576091,0.9999999999966965,-0.10329009781462056,0.9436051195782735
60,6,0.5522322360651403,0.999999999999991,-0.0899665942217163,0.9411743889155192
60,7,0.5489968320730406,0.9999999098731759,-0.0945505752291898,0.9409530857649682
60,8,0.5552698795652755,0.9999422780488118,-0.08935154671615754,0.9429428088962312
60,9,0.4710826281664521,0.9999999967681257,-0.05889809795897501,0.9323762203572133
61,0,0.17343721537227336,0.08315234051476572,-0.07415325717710211,0.9955348149421458
61,1,0.14578588438677156,0.08292681424315322,-0.06053641944878933,0.9953494227324008
61,2,0.1762372792295326,0.08553368753477367,-0.07545812353780713,0.9954507507438844
61,3,0.16859512502899116,0.08436179697312284,-0.07161361916302227,0.9955157432784265
61,4,0.1618276706032622,0.08255048704015658,-0.06873856693689764,0.9954058476921447
61,5,0.16801823155606962,0.08258964992484982,-0.0717389194206957,0.995671483090866
61,6,0.17363901391496664,0.08332365467152457,-0.07427825969026484,0.9956513337745864
61,7,0.18173658750741678,0.08253924888177207,-0.07788720996125323,0.9957368040042966
61,8,0.16908185852455435,0.08550221301184985,-0.0721113465695461,0.9955115636738153
61,9,0.1655760858886757,0.08496701963305552,-0.06934026908214505,0.9955773259721824
62,0,0.1356869274360703,0.11943952435132411,-0.04851749287090772,0.9918136917596015
62,1,0.14083649305252308,0.11842080874906448,-0.05060058440648168,0.9920141589007445
62,2,0.139340791385659,0.11894978823887989,-0.050326478816230036,0.9919195122099154
62,3,0.13734588527685623,0.1142917169394403,-0.04962830135604765,0.9922031616807684
62,4,0.1497761147748348,0.11728045416053438,-0.05583899277994629,0.992221009170275
62,5,0.14771231277996372,0.11679935879723224,-0.054148023750494406,0.9920330480563773
62,6,0.1451623289930113,0.11781612806181123,-0.05338854052356995,0.9921437196862203
62,7,0.14826969785265628,0.11854254522926941,-0.054699316857026864,0.9920126623141307
62,8,0.1409552085112438,0.11958206345492592,-0.05094336296614369,0.9917509569803521
62,9,0.12910279118638793,0.1177147914267897,-0.04553216788285539,0.9915600396886141
63,0,0.20811766795514988,0.7129375687281205,0.008396679087310314,0.9541688155701171
63,1,0.19945887747387342,0.7139361409917295,0.010424435229041096,0.9524619047049744
63,2,0.21345912473018228,0.7052838710928665,0.005011152614007867,0.9540099593275515
63,3,0.20802536616451833,0.7370345761380891,0.010082774435794745,0.9534604719146729
63,4,0.20522065937607648,0.7066698326202595,0.009263873002728707,0.9544359291518827
63,5,0.20957364337948609,0.7069430762368205,0.008273296577357264,0.95522269451274
63,6,0.21104616952033287,0.7371171162231359,0.00802343907998444,0.9529082588308342
63,7,0.21511778440470544,0.7321528848341764,0.007787330865147734,0.9537419852620865
63,8,0.1838342709812477,0.7173912054305212,0.012985646762125588,0.9471097104049779
63,9,0.19701007093071565,0.7197269033743725,0.013678533792805753,0.9530755222214373
64,0,0.19154783279569568,0.05097309541821477,-0.08597857864629714,0.9974509512280032
64,1,0.18968396815359403,0.04970075891516853,-0.08483892266845013,0.9975877935971362
64,2,0.18849754568865879,0.05038534637203475,-0.08440988174502592,0.997446165605754
64,3,0.169280783826086,0.049118014880505705,-0.07495663422603281,0.9975654890024559
64,4,0.17217109698498453,0.04321134396552444,-0.07807650987087748,0.998402837764274
64,5,0.18427819196858794,0.05069604760180478,-0.08230305623937056,0.9974277174458807
64,6,0.17716204142873515,0.04921531857480593,-0.07888751411627694,0.9974095583649712
64,7,0.18718356341212974,0.05055232667025253,-0.0833118719606567,0.9975783167093165
64,8,0.1933303094443114,0.0510106333772891,-0.0866070899260306,0.997494496836691
64,9,0.18928547674256357,0.05111568667499455,-0.08349173624884715,0.9974726647189855
65,0,0.22076122080083127,0.845884724352093,0.014542180635710411,0.937461241690099
65,1,0.22527202932762047,0.8294867182079562,0.010113525012932218,0.9373346745628719
65,2,0.21201958009285105,0.8606343981572614,0.01357273786758446,0.9317540885375241
65,3,0.22103918668625208,0.8163651193161016,0.00926898218712646,0.9358052153870718
65,4,0.1602334495778495,0.876612003173735,0.038381630054542815,0.9310998469266235
65,5,0.19093114423875848,0.8459325747613351,0.0243063807992057,0.9352338188484457
65,6,0.22653137917674943,0.8465890792112898,0.013340150746091467,0.9368440807309935
65,7,0.2264424918463237,0.831614306738471,0.009406894839059142,0.9380654960836267
65,8,-0.1568588015838993,0.9999999999784651,0.27063517005621157,0.9236691243180725
65,9,0.22500733811794746,0.8444636650274685,0.011053647184523821,0.9380576596068008
66,0,0.47304297771829357,0.9999601196668778,-0.06594557537603268,0.9202192240361465
66,1,0.5079704248381819,0.999999999998946,-0.08906694535580735,0.9226672390502467
66,2,0.5680319330152945,0.9999507676401144,-0.10571572653557927,0.9283535816705508
66,3,0.5178795399775197,0.9999513619047679,-0.08901587349101762,0.9258275786290843
66,4,0.454009388089547,0.9999999999878982,-0.04970254827270828,0.925976892289851
66,5,0.5248330136687827,0.9999901084739321,-0.09729597053525293,0.9275748596190638
66,6,0.5313693240431608,0.9999999884994475,-0.08559889128776256,0.9317676816431953
66,7,0.5424944804041131,0.9999999999999567,-0.11758978250600677,0.9290542674981753
66,8,0.5570865775863942,0.9999496443465609,-0.09938498388885043,0.9294276987023723
66,9,0.5623131021808616,0.9999819342524956,-0.10879915922137835,0.9280993900900736
67,0,-0.2873408539791858,0.9999647722950499,0.3690523485876118,0.921787233556415
67,1,0.1888056476341266,0.848864795317433,0.03177318393124925,0.9362077476730667
67,2,0.2023284174691926,0.8137835293237526,0.02161411872559777,0.9354630718262247
67,3,0.16730940705339337,0.8237864041371036,0.036315636285848045,0.9314979287787681
67,4,0.18212965129842443,0.8254272844458986,0.0319740925222485,0.9349610493473332
67,5,0.18824204083337032,0.8138117083009975,0.028654774834392542,0.9382010404644225
67,6,0.1980840576880315,0.8245335926872546,0.025765819178923458,0.937650003270973
67,7,0.18139968989913396,0.8468516424652783,0.03395886232789503,0.9363561272890046
67,8,0.1841434159554963,0.8500050514776254,0.034836570243733433,0.9352544272088905
67,9,0.1907971252049603,0.8148488907471881,0.027911729300707063,0.9374912970972284
68,0,0.16581551908634104,0.02385856477733313,-0.07921187213403828,0.9995399481592979
68,1,0.14089276422898409,0.02198424348906101,-0.06776573472492486,0.9995026569953852
68,2,0.16939480862480666,0.023108607381474664,-0.08108099635172214,0.9996558824983838
68,3,0.15068579130333465,0.0234288743548886,-0.07118337771291527,0.9994951871997317
68,4,0.16961570028832285,0.022842264710408594,-0.08110400952100796,0.9996091871705455
68,5,-0.9999999999143262,0.0770477548203886,0.5801693097831256,0.9890340394378824
68,6,0.1587841193112065,0.022982129992243444,-0.07592554884554595,0.999458029788108
68,7,0.1698120328022949,0.023080926237928647,-0.08148957043613696,0.9995038588951574
68,8,0.17973417625264893,0.023058184481799106,-0.08649862399739829,0.9996075727823858
68,9,0.17534676710538818,0.023215429538094714,-0.0844829384709379,0.9996666645542295
69,0,0.9828318080450879,0.9999582975211465,-0.24231413417027112,0.9277250370046497
69,1,0.7550334785249001,0.9999999999999699,-0.11732970737910842,0.9311795438507702
69,2,0.9999516206355635,0.9999448714747856,-0.23282892080193274,0.9328121560048318
69,3,0.9999999999566542,0.9999356781762915,-0.24369098012933876,0.9307352350953806
69,4,0.3864398467897541,0.9999406947015089,0.25448681210513846,0.9274271121699847
69,5,0.9999998203228969,0.9999623925004985,-0.2447282000143791,0.9318437544143783
69,6,0.7072761297495445,0.9999999999999185,-0.08598013384610645,0.927646881060844
69,7,0.9999516216873999,0.999999999999932,-0.24238561490170055,0.9341514342439727
69,8,0.9999999999972525,0.9999472268122239,-0.23256885877139186,0.9329669670132463
69,9,0.9999999701867406,0.999946671774195,-0.24118367470672103,0.9333347694191103
70,0,0.20993091683744944,0.7612788420048566,0.008492691990345557,0.94315624031347
70,1,0.22272999812783395,0.7760072013837997,0.00500501304242548,0.9438695595262402
70,2,0.20512894771485793,0.7813422759660016,0.01082229252552044,0.9410232682967422
70,3,0.2200733659335671,0.7717311081071951,0.00698963848316612,0.9443808534121731
70,4,0.1980321740254944,0.7509937698389954,0.00923172337661286,0.9426929335354575
70,5,0.21247647195074304,0.7676622880518928,0.00813812709223159,0.9436240977741812
70,6,0.22071006239971638,0.7581525184804595,0.004793012110028298,0.9447697796061568
70,7,0.20364792904614004,0.7598834673627461,0.011235271771825886,0.9429265466470026
70,8,0.21414247215311014,0.7673947892985309,0.008963092494646302,0.9447039094909317
70,9,0.20650227295533902,0.7675770007146601,0.010417987766133507,0.9435210073835328
71,0,0.13653185958853523,0.347692737473585,-0.016095741746247845,0.9721791108511239
71,1,0.14448796192739272,0.34978995018767967,-0.019185804514399288,0.9729431925672775
71,2,0.1396040863066505,0.352700202455238,-0.015206778064307681,0.9724976937745733
71,3,0.1377704747196762,0.35102520791183983,-0.015082262186603723,0.9726551150478323
71,4,0.14269239282768575,0.3506352616359153,-0.01740265010843077,0.9730378360806426
71,5,0.1303694534211489,0.3542514166685781,-0.01225946791565901,0.9716536598407765
71,6,0.1372808477465365,0.3462834059622426,-0.01574118844892367,0.972331819551056
71,7,0.13343664160871485,0.34933035968863035,-0.014944740541919318,0.9722429346866165
71,8,0.14404304423083533,0.35186256412002787,-0.018331790491972224,0.9727680861426723
71,9,0.1423601014786938,0.3550243055070114,-0.016336825146969998,0.97209474652141
72,0,0.2168843624038627,0.7564509186415959,0.004081112880055162,0.9436772561359715
72,1,0.21274980782583544,0.7775887231619909,0.009308909089683159,0.9418765671179684
72,2,0.18413254003342383,0.7735799898727266,0.02386688067346863,0.9431600677299158
72,3,0.22106178660261658,0.7770880489630222,0.007115067415951709,0.9433155286050795
72,4,0.2019774013717546,0.7587629474763916,0.009707960764250213,0.9390322549614315
72,5,0.21333804203900728,0.7771475354347138,0.012628307643215557,0.9438388176987776
72,6,0.2096807446092988,0.7681975467436132,0.010492774052913571,0.9422278571578235
72,7,0.2028624678849687,0.7712827464961921,0.013992178571341383,0.9430443534247928
72,8,0.21440916315204567,0.7645590900589967,0.0090167746695408,0.9424040100875269
72,9,0.2126608055751816,0.7854398595508829,0.009245410945547337,0.9413978774372755
73,0,0.14889676608959931,0.47735392703045965,-0.004314276924267349,0.9610602567816883
73,1,0.1561705071170949,0.4705455677146137,-0.009279466068299966,0.9615235513804113
73,2,0.15559673978774116,0.46695831843912355,-0.008500319309325155,0.9615335600603074
73,3,0.14942104690304317,0.46026227056079294,-0.006781741097121501,0.9620221097890165
73,4,0.16099745898580856,0.4671929984152147,-0.012187604305358951,0.961228839941681
73,5,0.1461440305853018,0.4788048239527936,-0.003850080648215437,0.9613846091792958
73,6,0.15798582341713946,0.46637054700680974,-0.009742574510757801,0.9612300359867983
73,7,0.15509508528837737,0.4695555780789451,-0.008624050061336517,0.9619691647483775
73,8,0.15011130272990816,0.47876123947916893,-0.00596639162935607,0.9606331690491079
73,9,0.1434280045910921,0.47480812864961985,-0.004827489502324554,0.9591778042991604
74,0,0.20300061411948822,0.7991773439374782,0.017380542940883235,0.9418228805035731
74,1,0.17685696415550298,0.762143661711356,0.022556718045519175,0.9379447774299086
74,2,0.19443973484673727,0.7910380376862408,0.020814612973117517,0.9416197389084013
74,3,0.20203813155013264,0.797992659859501,0.018681964498795445,0.9421750844545508
74,4,0.19567591415990243,0.7973919220549985,0.018688575039248555,0.939307546724513
74,5,0.17160959278032803,0.7817721047478314,0.025576900700667073,0.9387057039800438
74,6,0.20339882229650133,0.7931294569345901,0.018723683237068436,0.9430208608318583
74,7,0.19515619896322461,0.8034805447410692,0.02476288888031464,0.940994318487807
74,8,0.1853213760190795,0.7790855825572514,0.020839578011710883,0.9425432973210317
74,9,0.19051378410641984,0.8184124434848912,0.0232454887311283,0.9390387512498061
75,0,0.20956215915759688,0.9960169018586166,0.03053253439394031,0.9294062430136547
75,1,0.2701445562207236,0.9648347903697224,0.00963787272630111,0.9358707271652787
75,2,0.23500205412576788,0.9421240287070924,0.013569470659135663,0.9323864743196228
75,3,0.25233022664061555,0.9556772999280192,0.013414464505464333,0.9329943653406823
75,4,0.26795251192535563,0.9740081593575324,0.01126861366252158,0.9353085603561715
75,5,0.26712704661455944,0.9826904401662894,0.005840156705948671,0.9343586515235593
75,6,0.263718334524245,0.9351314038236891,0.007367294910640896,0.9369854991574057
75,7,0.23825244721378552,0.9452147697049399,0.016185817751898,0.9330593010262429
75,8,0.21664175214207387,0.9590905892166938,0.020117575979547355,0.9286627195296902
75,9,0.03281273459491604,0.9999374690689742,0.19490925218429145,0.9315504864651452
76,0,0.18626361744950132,0.49365153795676475,-0.013222190595476371,0.9653562171539233
76,1,0.21132778354835832,0.511176129528363,-0.01890308206198828,0.9680586868184299
76,2,0.20460889544405794,0.49815530126425955,-0.016435723145468383,0.9686767698952128
76,3,0.21483593734109,0.4934633998993797,-0.021346155198687298,0.9697785430944481
76,4,0.20500054161892978,0.4873204481022219,-0.019531522668479608,0.9687643062994163
76,5,0.18536746170883078,0.48919497789004,-0.012405275725733538,0.9644169172310814
76,6,0.20334802803083715,0.4953580180876756,-0.019680623033890076,0.9680369955146011
76,7,0.21129239162805777,0.5060780957699023,-0.01946619521284625,0.9682216901539281
76,8,0.20354147857713845,0.5045145479500721,-0.015013195234176081,0.9687079663139875
76,9,0.21109588403461052,0.4969098639343074,-0.020366316927017538,0.9693028200775995
77,0,0.15704252840365607,0.2680415886983331,-0.036039528551344006,0.9798281789206128
77,1,0.15500418090457738,0.2839475270031165,-0.033346501181282434,0.9787523374963641
77,2,0.15436172129563874,0.27138918497776576,-0.03435085163118193,0.9786824227338529
77,3,0.15571216583065559,0.28524159348891653,-0.03407394753508983,0.9783642311936946
77,4,0.15574933933096297,0.2856523450277931,-0.033055465683873124,0.9783888067067971
77,5,0.16175317765008232,0.2834327727544733,-0.036200070840936224,0.9788815967811942
77,6,0.1603063098853655,0.28551858446974165,-0.0356349904309714,0.9782245733140588
77,7,0.15722705899522416,0.28332876625874087,-0.0348409999225591,0.9778395259171914
77,8,0.1421932114700321,0.28870931899237084,-0.026213925684331073,0.9779834020913605
77,9,0.17057487939926938,0.27849607881988275,-0.04118571471270258,0.97894965348069
78,0,0.12794574858482344,0.3560598991833268,-0.011140956568563341,0.9679386629024728
78,1,0.1309451985313658,0.3558882138494829,-0.011755056272013432,0.9685159262956728
78,2,0.12335034814342076,0.3678573668792031,-0.008145848013980623,0.9673368466659954
78,3,0.12049871239263907,0.3746627143049759,-0.0057056894443443425,0.9669346580514576
78,4,0.13214514397055518,0.3580744432973463,-0.012560376886761355,0.9686391792834297
78,5,0.12776782606904064,0.364045259137062,-0.009838520696895562,0.9681210932077022
78,6,0.12100126135827788,0.3662229435622409,-0.007780440503071881,0.9668078035234241
78,7,0.125771467988503,0.36870261501024526,-0.008869647816295779,0.967612078666926
78,8,0.1341790426648127,0.35623226043735096,-0.01344163403002981,0.9687394741733281
78,9,0.13072281146356457,0.3594658154792417,-0.011986859669824984,0.9677236506052473
79,0,0.25919281972609215,0.9617539543349121,0.010976175209219917,0.930546362949033
79,1,0.2561386318461599,0.9611722686403245,0.013056569279214085,0.9310396619234039
79,2,0.2398839989376487,0.9589245310831602,0.01751427865981675,0.9299881934004205
79,3,0.23425624936261913,0.998549252078241,0.02354592609556469,0.9262755220964907
79,4,0.2522746774955922,0.9683574921060806,0.015636773923551922,0.9288062794399912
79,5,0.06668867827359135,0.9999999975558029,0.09806596859071545,0.9163646031524233
79,6,0.24598435880245118,0.9750768691651037,0.013905450237351794,0.927868981435123
79,7,0.06232212311149591,0.9999999999999036,0.10560463716185343,0.9213481960713449
79,8,0.2673053824377695,0.9683979332317135,0.008174218880866817,0.931235093901752
79,9,0.24528090070952296,0.9838833343179126,0.01512364565355648,0.9267574576673101
80,0,0.20052191586025855,0.960062758654287,0.03030974956076232,0.9197302704047987
80,1,0.19078259882488205,0.9572986299750661,0.035144388148501994,0.9209350812345792
80,2,0.1857366271751751,0.9524888247654423,0.03571513197620231,0.9208629083537782
80,3,0.06880844254370236,0.999999999999911,0.09789292701891106,0.914777581115109
80,4,0.17414251462553315,0.9756804000441335,0.04239661272108526,0.918578457868711
80,5,0.17692846183936098,0.9600048447996137,0.039873887933917405,0.917902170297408
80,6,0.17868460208078396,0.99872567200716,0.03762551849533791,0.9177893251160688
80,7,0.14632126120575056,0.9860711519033585,0.04698979984758853,0.9138817712366634
80,8,0.15813530848232418,0.9984477415565808,0.04658502286075904,0.913180865687371
80,9,0.17046060201581406,0.9999542892900803,0.04660716039256976,0.9171920099175944
81,0,0.1697120917721685,0.3979921863582866,-0.02011660961218164,0.9697548960197692
81,1,0.16393463023255517,0.40434565755422197,-0.015802524908709457,0.9687086575126627
81,2,0.16521290168142666,0.39888952142621403,-0.017179115802385642,0.9693915380211438
81,3,0.16638879280550994,0.3954886627573848,-0.019972266249881427,0.9692485427536282
81,4,0.1642328464655025,0.3990050601277135,-0.017852919199770192,0.9692157148927028
81,5,0.16227121387540544,0.3934555933618809,-0.01660732931659883,0.9697856497251142
81,6,0.16517798903074746,0.40025481838910865,-0.015742833569328304,0.9699026216196288
81,7,0.16418058733262106,0.4010757498391617,-0.017509641829897105,0.9689646838673022
81,8,0.16811708652078458,0.3871806168308222,-0.018665611963833064,0.9701111698841481
81,9,0.16097174047720939,0.40252153106857264,-0.015335351274460896,0.9690847016321555
82,0,0.21908263205011003,0.7672661786885495,0.01388595454927592,0.9491541894566877
82,1,0.20807249516013127,0.7864028519286995,0.020448822608992636,0.948772000757141
82,2,0.1982266050621321,0.812823842180557,0.022876213811738086,0.9445402825013848
82,3,0.1931480632429375,0.8024073143900685,0.027541226100303556,0.9448314932153912
82,4,0.17875408752472857,0.8136442402043967,0.03049642647780221,0.9406126241153412
82,5,0.21149380644315896,0.7926737736457272,0.016996041681157405,0.9472722776974991
82,6,0.19299208747557178,0.7908698719210254,0.026413528008349278,0.9468177711989022
82,7,0.19978406361446122,0.7709681411081243,0.018397912499091704,0.9449446806178387
82,8,0.18946653023923823,0.7902434336644953,0.0209964301079906,0.944354602148187
82,9,0.18504869449888467,0.7884217468256469,0.026879811196481557,0.9439046442645477
83,0,0.20249368637500897,0.7734533888409669,0.015771337343975247,0.9403465474204662
83,1,0.2156919388385628,0.7223290068745035,0.004169164226182271,0.94349681662887
83,2,0.2026296533049719,0.7676002619632704,0.015655798121366696,0.9417124573644139
83,3,0.20407873804651122,0.7502087631304336,0.01126595624925149,0.9412858034669097
83,4,0.16556554097907736,0.7854088493228033,0.03786139650367722,0.9398031871906709
83,5,0.19501898378123206,0.761599960223413,0.016271454333801123,0.9399029279968425
83,6,0.20771941875065184,0.7509870065668965,0.011807351866126943,0.9406808524788541
83,7,0.2004770282979798,0.7732761094621688,0.018585895885693128,0.9411829438612821
83,8,0.19856129083216884,0.7712458567200271,0.01667054778193312,0.9390679767752705
83,9,0.19873192547119944,0.7633916465908586,0.015895002680832014,0.9396198675096243
84,0,0.14547826605474282,0.3048948859595585,-0.024921710524275907,0.9748608811211377
84,1,0.14249671644077244,0.3030880670614979,-0.023897091215711312,0.9748941420639732
84,2,0.14705376377089238,0.3057938830559125,-0.024929876622884935,0.9742590573889099
84,3,0.14433074395953432,0.3111354465234783,-0.022913971990304132,0.9748116776263518
84,4,0.13771826787732125,0.31851938161479415,-0.019686846681607632,0.9735698037638729
84,5,0.1426911886693645,0.30867788504525645,-0.022675499560390215,0.9746155207606144
84,6,0.13908365339472462,0.3132442930822343,-0.021208364355491522,0.974255873588814
84,7,0.14864344436709231,0.30985135185639484,-0.025330237477696704,0.975366064885316
84,8,0.1527416117381279,0.31317061791541667,-0.02842811117740463,0.9740246505771963
84,9,0.13942036886410633,0.31197086039498656,-0.02173361983410438,0.9740981415378792
85,0,0.9565142250496173,0.9999466575590773,-0.24435435258576116,0.9353373708320638
85,1,0.4486159466290483,0.99999999799175,0.02875095961747559,0.9209191197188267
85,2,0.9235927064824986,0.9999585236347064,-0.23981612544129088,0.9280547403330482
85,3,0.992262323146063,0.9999639777033806,-0.27247131941675046,0.9327592313059793
85,4,0.8170411299125141,0.9999402745392274,-0.13258679402386728,0.9332919167515685
85,5,0.9489834524104955,0.9999999977999826,-0.2424692066673398,0.9347683785586545
85,6,0.9333271722691995,0.9999501292525418,-0.24207450519743137,0.9315837724084945
85,7,0.9809186600755277,0.9999545054877449,-0.2618547975001299,0.9319264172313334
85,8,0.9925487758571115,0.9999999999911212,-0.26345042847579647,0.935991610520744
85,9,0.9963957238026849,0.9999999976810255,-0.2805412546414956,0.9312711244405709
86,0,0.9749695962252073,0.9999404817250681,-0.23116773930999532,0.9385934590681347
86,1,0.8803688549552156,0.9999999999999795,-0.17370906781766446,0.941578977026907
86,2,0.7532127605377883,0.9999999999999197,-0.10663853576491175,0.9398367053718742
86,3,0.9482725867142213,0.9999390067239727,-0.2217310361290281,0.9391035547950026
86,4,0.968175750628993,0.9999403129016353,-0.21738698997485856,0.9396439804210589
86,5,0.9903539966600929,0.9999279189493359,-0.2247142805825652,0.943657690770938
86,6,0.9999994369568534,0.9999440220096927,-0.23149119512274988,0.9371258574394816
86,7,0.9982222823246402,0.999999999999899,-0.24285503013765333,0.9433274658276992
86,8,0.963195075656703,0.9999999999998346,-0.23359772589950284,0.9376262709084312
86,9,0.9822194091610992,0.9999387979615385,-0.2217927450546727,0.9431927737170696
87,0,0.16262221243752736,0.49713058049285025,-0.0100772807857764,0.9623925140841855
87,1,0.1707830570730946,0.4895295041770031,-0.014618293906247755,0.9635424645201268
87,2,0.17764548007484318,0.4725424478893705,-0.02181540322740303,0.9626933680049589
87,3,0.16389434717962487,0.47758589206843965,-0.012688601520816712,0.9637267986453891
87,4,0.17445700415172688,0.48616323921576454,-0.016319967756086903,0.9636903180256623
87,5,0.1746452749467146,0.4743435167612659,-0.018064101451806917,0.9631769556243084
87,6,0.15637208677772185,0.49715916044659547,-0.008230056896118592,0.9604890103995135
87,7,0.1631310653102202,0.49463391853664096,-0.010851852240404816,0.961799481466175
87,8,0.17067591501875745,0.4922413532261618,-0.014590790855797786,0.9624179644186037
87,9,0.17353635234778406,0.47408515395813067,-0.016576464855283,0.9641942091938002
88,0,0.18860638166076205,0.8331343421288114,0.01167347824334463,0.9321356058484931
88,1,0.18481913895107557,0.8426677506054112,0.013563091146712293,0.9321312634884595
88,2,0.17812025372477958,0.8390734734236762,0.014387033818586277,0.9284505948804497
88,3,0.18208134811858884,0.8456038092591933,0.01528689984778076,0.9307653341528275
88,4,0.172625069720004,0.8578726054485701,0.017281436078758376,0.9304845256189568
88,5,0.1515873127995343,0.8480322297337031,0.02913960451833656,0.9284272834188454
88,6,0.17502097242327877,0.8654161831498346,0.01927198320898827,0.9299308202589361
88,7,0.17822254502909063,0.8412285600807606,0.01614853133704788,0.9295285970805277
88,8,0.11011289584762944,0.8902386614046729,0.0527407580239064,0.9279000584533157
88,9,0.17209792130114013,0.8735499163276141,0.022902719595106293,0.9298569411029312
89,0,0.13106036727042247,0.11604490539601045,-0.047969001672768775,0.992598446132263
89,1,0.13448666874303022,0.11343653219833821,-0.05049626901359409,0.992642694584751
89,2,0.13668001862791476,0.1166968958435517,-0.05111921075485508,0.992687676706689
89,3,0.1362899243107649,0.11397342195682085,-0.05115751886043648,0.9928771820212272
89,4,0.1391397821718644,0.11419488016681109,-0.05196052542741865,0.9929547181350519
89,5,0.1273283970075385,0.11304032269446147,-0.04676886522515036,0.9928356628587218
89,6,0.13083265435809388,0.11474850568773444,-0.04813836323815286,0.9927540926227965
89,7,0.13127584969912073,0.1138991564265467,-0.04838580397823469,0.9927233658895943
89,8,0.14563530907198222,0.11350903779621946,-0.055577666892974144,0.9930736323166713
89,9,0.1398174443420223,0.11188127690201645,-0.05325954568681591,0.9930252423092979
90,0,0.14646260234836975,0.6262819663707974,0.015449074601238637,0.9477361266260017
90,1,0.1551463692293208,0.6262326901884527,0.012807362731093935,0.9487473890028415
90,2,0.1365401578192113,0.6445909193846646,0.020413276932852522,0.9452600216463265
90,3,0.15868328237956156,0.6330297947660591,0.011933781841932941,0.9496698578115311
90,4,0.1605777365768345,0.6507366088554029,0.012283380147692483,0.9472854982120757
90,5,0.1662471145531717,0.6079667101149011,0.00523169750361346,0.9505123123826859
90,6,0.15752889648017804,0.6453107650796257,0.01299163862843655,0.9482842502077138
90,7,0.1594490666945744,0.6405907352290212,0.015486857337932109,0.9485890875323824
90,8,0.15824720495060932,0.6521686462750513,0.012048482312298716,0.9469200289895794
90,9,0.16179383683453943,0.6250398066523386,0.009868063237099083,0.9498082614481539
91,0,0.3968778897474897,0.999999998170966,0.009771590066855284,0.9292919296170823
91,1,0.47104011654552785,0.9999999999961472,-0.0488543285466515,0.9259006629772052
91,2,0.5194225236942169,0.9999491665274596,-0.06841870023321525,0.9297613092281073
91,3,0.03097039059489346,0.999947092625249,0.32694298177233466,0.9249214608011856
91,4,0.22977100620489144,1.0,0.08842533174614818,0.9273736594283087
91,5,0.5170491186980279,0.9999999977749865,-0.11436419389660653,0.9258186649689591
91,6,0.4219010420979853,0.9999999999974345,-0.04039381900694383,0.9264615994655967
91,7,0.47738983892845765,0.9999984240966646,-0.04355949700973986,0.933968299609835
91,8,0.6362062626358237,0.9999997589385076,-0.13769257195387366,0.9265202561948513
91,9,0.5034299751594615,0.9999485767690772,-0.06343817863049263,0.9308343748027869
92,0,0.18283600539363737,0.03780665566161571,-0.08424629247986774,0.9985030962494067
92,1,0.18553927058399192,0.03806277934584433,-0.08579184308555834,0.9984651439835557
92,2,0.16289432181872746,0.03790113837627038,-0.07488168390189978,0.9983976685544873
92,3,0.18236761087922818,0.03805547886724816,-0.08448786310939956,0.9985659337357717
92,4,0.15557218404184933,0.037974217542345486,-0.07043481780666498,0.9984519711517195
92,5,0.1673522822983742,0.037586597801146406,-0.07707878085799665,0.9984560432983832
92,6,0.19045519521173607,0.03749900669166143,-0.0875508510044872,0.9987540557324593
92,7,0.18008667424425295,0.038135093005832954,-0.0834013468803628,0.9984510406037727
92,8,0.17463795995367537,0.03798775149930331,-0.08123072246244695,0.9984203120442241
92,9,0.15451603546747397,0.03713300088770688,-0.07098042833318823,0.9984576843010954
93,0,0.26277411424900404,0.9999999333364105,0.00885730734665404,0.9224759823269225
93,1,0.2119313202559164,0.9999990746023102,0.039143565155361895,0.9231876132739644
93,2,0.20918141936104787,0.9996131358955666,0.038959099397138985,0.9231310547926747
93,3,0.18810093439243158,0.9983279386918047,0.04353298712530859,0.9189234963702879
93,4,0.22790006959573658,0.9999999999823391,0.02273815863684771,0.9208698679552545
93,5,0.20654932428839884,0.9901204645072678,0.04434620991362963,0.925036723151483
93,6,0.20629417942409528,0.9999939508499028,0.04014404172543453,0.9240258915728071
93,7,0.1730948346437172,0.9828299712343275,0.044354210733182506,0.9176756442726106
93,8,0.1815014819857898,0.9999999999854083,0.052138875706070696,0.9232008620182371
93,9,-0.18214033138707467,0.9999545676717811,0.38130465540421077,0.91808366317962
94,0,0.38341784009394786,0.9999999999986302,0.1374864501873352,0.9253218556623588
94,1,0.7122247606103944,0.9999333727944384,-0.14125110747632819,0.9310048038413652
94,2,0.8124367501863887,0.9999999991177263,-0.23795104079881865,0.9292639089264949
94,3,0.1086236129297509,0.9999511061878279,0.3559879898825345,0.9227238210597433
94,4,0.590544133348544,0.9999999999750913,-0.09636547003452037,0.9176113256483109
94,5,0.7694809474107518,0.9999997170404182,-0.16647007424110158,0.9372175994975018
94,6,0.929674801685594,0.999999999999896,-0.26130246108281313,0.9326329579329576
94,7,0.825187485363346,0.9999999999999993,-0.24695539924623533,0.931848932126477
94,8,0.7063150996346448,0.9999670974088453,-0.13907836379677452,0.9299704577205077
94,9,0.6332918034982907,0.999999958354989,-0.11086335287059201,0.9300053008919992
95,0,0.1877594181103114,0.756044408008801,0.019436329493510783,0.9420017544764759
95,1,0.18922499918040697,0.7336789032482073,0.015497328188730291,0.9428165017706149
95,2,0.18433307870329924,0.7557330764446454,0.01941384531266702,0.9427291380026651
95,3,0.16449804943139998,0.7443436062310719,0.023707196456333166,0.9384614741591295
95,4,0.17443240709637098,0.7641087201093909,0.024401295773481314,0.9411011714711299
95,5,0.16511136494226136,0.742788288971392,0.020900972399207584,0.9374484137874505
95,6,0.17226753899508981,0.7540133691573175,0.022643329478736346,0.9407643914421592
95,7,0.183332941350051,0.7624915602054645,0.01996266917396828,0.94151058326973
95,8,0.16199695267574676,0.7551129835699085,0.028298391734269696,0.9410511388225673
95,9,0.1810147513648608,0.7670257137904435,0.020552034953199908,0.9413606767394479
96,0,0.9178933476687036,0.9999356574553427,-0.32285808705827534,0.9362266677628617
96,1,0.3415952190691184,0.9999999999999406,0.04757849409841465,0.9332430944516855
96,2,0.9083910572005649,0.999934792109269,-0.3238915204839166,0.9377514602246123
96,3,0.6380083713634567,0.9999559474392431,-0.10771079679159766,0.9350136637192786
96,4,0.8278061351643501,0.9999999999919114,-0.2120675695630398,0.9402534253181614
96,5,0.6167998680840452,0.9999990955844527,-0.09734076355203582,0.9375939116558445
96,6,0.6462152830650799,0.9999514152016753,-0.1083354889244258,0.9390546532605927
96,7,0.5958464814979393,0.9999500994871753,-0.09582040256333084,0.9337198620506783
96,8,0.5296991965520973,0.9999999999999892,-0.05725319439936666,0.9354506073261137
96,9,0.8338560339089097,0.9999999999383838,-0.21834545872263475,0.9378490467604439
97,0,0.9999999999630841,0.9999423433974551,-0.22912307267821455,0.9408894802366047
97,1,0.9999516206356752,0.9999447279234038,-0.21941389143780374,0.9415895254727886
97,2,0.8073832235746258,0.9999999966587371,-0.06893452010064194,0.9356454259953269
97,3,0.9999596228680746,0.9999999994264207,-0.24294677251339486,0.9402450845864846
97,4,0.9999999999999819,0.9999440702365597,-0.22544295332212297,0.940478425723557
97,5,0.9999999997745556,0.9999433255471665,-0.22076115870210478,0.9358320271211701
97,6,0.9999730095254952,0.999999999999971,-0.21900406985425036,0.9423252839939783
97,7,0.9999999998945962,0.9999394833667571,-0.25453046414524194,0.9310082925966803
97,8,0.8268908261195433,0.9999999999999486,-0.15240111031958178,0.9345825705323986
97,9,0.9651695172841239,0.9999999992095562,-0.15634452104013682,0.9423093617676859
98,0,-0.08541032474591803,0.9999999999976419,0.19237476754085323,0.9222132277226501
98,1,0.24225037231575178,0.9999998825921408,0.019719687799290554,0.9284323841233908
98,2,0.1600782235575422,0.9999999999999433,0.06180948070583127,0.9279424593006903
98,3,0.3416156644710215,0.9999999998304344,-0.03843952271281625,0.9269881725179462
98,4,0.21619780070240047,0.9999412214553179,0.025834372583400458,0.9243177515857262
98,5,0.011861425747469468,0.9999999999999358,0.1372908680345266,0.9237931366874156
98,6,0.2048190639437001,0.9999999999146879,0.02634953683388101,0.9249659147635498
98,7,0.19757964442035789,0.9999999999952,0.030829554534669693,0.9246044958266095
98,8,0.22141211600738958,0.9999917726179025,0.03935609802257655,0.9258026570797976
98,9,0.19162569199134077,0.9995628514833776,0.037063909598944934,0.9239592843726636
99,0,0.8716322855284173,0.9999364557656508,-0.21109507246358744,0.9344265535999636
99,1,0.8495333634820016,0.9999999974380669,-0.19382741980032414,0.9356101788336005
99,2,0.9282110516774027,0.9999999999999937,-0.23564977204226562,0.9361589015248113
99,3,0.876998201681713,0.9999358562182389,-0.2089074623380219,0.9342350050601226
99,4,0.8652589081841899,0.9999999998925463,-0.2149443813660785,0.9291423522797145
99,5,0.44950694115995676,0.9999999999955643,0.14283480821545136,0.9291483991764325
99,6,0.9999999999942258,0.9999353391434918,-0.2669856198662265,0.9353683932866944
99,7,0.8598069924408193,0.9999313342534726,-0.21451518566883102,0.9312072098879305
99,8,0.8904195051475882,0.9999345976730799,-0.25180610056761027,0.9224103513836208
99,9,0.9751763110711242,0.9999999977671334,-0.27215752086116807,0.9358067895690674
