subject_idx,nu,kappa,omega
0,0.00015960801377939274,0.010065445891738377,-2.193346640186403
0,0.00010000990773806838,0.28911378488182615,-2.6120129831668204
0,0.0002691923799921711,0.010000937105558739,-2.3344229799387723
0,0.00015960801377939274,0.010065445891738377,-2.2525577757816877
0,0.0001000023240475334,0.32667929210362195,-2.5699566594674033
0,0.00010000285196989374,0.36051688751129135,-2.5457730370510845
0,0.00010002549878262382,0.010686044405410714,-2.257945962554578
0,0.00010000150513884851,0.0864752839456018,-2.3593886171627334
0,0.00010000015252208546,0.2518374925408679,-2.5229082431123517
0,0.00010000637587047787,0.010063884750513993,-2.2548208906021125
0,0.00010000263676362129,0.01005490232096448,-2.239500415695957
0,0.00010000144060027098,0.010064349414145964,-2.29997690995172
0,0.00010000865146618667,0.42039560434884105,-2.6338383465115105
0,6.580943875114995,0.6984601322162254,-3.123299185852509
0,7.0358546706568,0.010000000047713054,-2.1961048168463133
1,0.00026907109660619045,0.2351481850021187,-4.786430843743241
1,0.00010001669224561889,0.2826879580384225,-4.761545130101069
1,0.00010000301906999867,0.023206145433146617,-4.6131347125408535
1,0.00010000392928868651,0.22871303310965202,-4.68056666152338
1,0.00010000319491657649,0.0100521155508535,-4.386208448303173
1,0.00010000805197350387,0.1525436685470978,-4.67043823794762
1,0.00010000298584280948,0.6374814523693302,-4.9785193494698285
1,0.0001000015051388485,0.04487032662361106,-4.407176394717651
1,0.000100010258647813,0.4353700799666653,-4.805693222716906
1,0.0001000155574650605,0.1319814079755816,-4.484119038888809
1,0.00010001669224561887,0.01006527138374799,-4.529239682820296
1,0.00010001537602400846,0.010065220116548637,-4.4151360584769455
1,0.00010000946042220982,0.02329216193892489,-4.375185961899848
1,0.00010000438443013456,0.3714266844381045,-4.859175506438647
1,0.00010000085095547467,0.2842431709085469,-4.639988026615084
2,0.00010000132277393481,0.2816963128575128,-3.128771657422406
2,0.0001000023595251586,0.35620192189595784,-3.3920234609072586
2,0.00010001669224561887,0.050021878613166086,-3.0443796395271585
2,0.000100010258647813,0.09441100081432789,-3.078219072700465
2,0.00010001026150891696,0.01006748532191701,-2.967605101282794
2,0.00010000008214047464,0.13049915284075456,-3.0420509191881497
2,0.00010000111735382389,0.11082844807973612,-3.0953383676081088
2,0.00010001600960424581,0.12290647375767208,-3.056174993199287
2,0.00010000142466305427,0.877142816360442,-3.7959507179368335
2,0.00010000700001044544,0.220435916861948,-3.1529382964913943
2,0.00010001657414748093,0.14538699763701635,-3.09207744503447
2,0.00010000203605456894,0.23098394583247156,-3.1278458973928336
2,0.00010009903718941835,0.010005297039679091,-2.939218239266231
2,0.00010001537084822296,0.028662347381426465,-2.9899788725432397
2,0.26132323114133715,0.6374365319456138,-3.6395297669428333
3,0.00010000367604245112,0.010066328103222546,-4.999966118742846
3,0.00010001576003024917,0.010079066715984016,-4.99996589763697
3,0.00010001537602400846,0.010065354690466242,-4.99995904775364
3,0.00010001026150891696,0.010071638165042012,-4.999969105835994
3,0.00010001643946241982,0.010064271713936321,-4.999952128810612
3,9.999999984623976,0.010074063149563092,-4.999965890101709
3,0.0006767318241517956,0.010022792766448019,-4.9999999996323305
3,0.00010001658624569099,0.010067235901704007,-4.999966221540535
3,0.0030746948981344936,0.010027218789128777,-4.999999999800483
3,0.00010000366020220806,0.010067268142199931,-4.999966153177934
3,0.00010001669224561889,0.010064787529458719,-4.999961680398456
3,0.00010000024069310086,0.01005402474704795,-4.999982380082776
3,0.0001000012980829305,0.010058341902100136,-4.99997082728946
3,0.00013081685189524555,0.010064510152811465,-4.999999999371377
3,0.00012899573939706226,0.010000002457856282,-4.9999683802389665
4,0.00010000354574036101,0.19662021464191,-2.266391633561334
4,0.00010000553620908878,0.06381797449421402,-2.0949113936931165
4,0.00010000161606938754,0.662933093959044,-2.6737985741969057
4,0.00010013105986754692,0.07957548003431866,-2.071846913666139
4,0.00010001025864781306,0.12976019291581511,-2.087402002835757
4,0.00015960801377939274,0.010065445891738377,-1.9433127411795896
4,0.00010000243536581467,0.32419035715702305,-2.3956445826338024
4,0.00010000150513884851,0.5077106749137665,-2.5994623966512735
4,0.0001001278432932902,0.49406890100169093,-2.6235552658911456
4,0.0031342963392186132,0.197846975539242,-2.3189906814662296
4,0.00010001014755463558,0.23034366885649613,-2.23537417467674
4,0.477296503969019,0.26110174630011973,-2.3833575119473798
4,0.0001596080137797884,0.0314617729738982,-2.1417069750026747
4,0.00010000389550262118,0.16540262185782362,-2.203025823752117
4,0.00010343287864397229,0.035948140881718216,-2.104431893691228
5,9.999999984107289,0.14050033930626374,-3.2311953465949377
5,9.999999999999844,0.20674309403156388,-3.354576177964661
5,9.99999998443868,0.15885169515205858,-3.493475072985265
5,3.1842351948079854,0.4398124551651429,-3.6556430821850086
5,9.99999999866131,0.19398953919828613,-3.3670636332241997
5,2.598765668922901,0.4818882172812784,-3.620246426606088
5,9.999999996411113,0.22928466391209923,-3.3602822384480984
5,9.999999999999945,0.20441855670765943,-3.352342300044686
5,9.9999999882198,0.17276705503157885,-3.3418982221173823
5,9.999999990356356,0.1509275750637427,-3.388227430375536
5,9.999945654823831,0.23145748991267193,-3.3646536789794435
5,9.999999980333484,0.22639428032302825,-3.3794421417625844
5,9.999941561252912,0.2334835653289782,-3.4648844787110358
5,0.6348173077710005,0.8715604436916351,-3.972048850450757
5,9.463473387727678,0.1913784730390352,-3.3171240011700367
6,0.00010000298878810914,0.13140430601913,-1.4881319211342987
6,0.00010405017878078891,0.20712745810229297,-1.5688196851643348
6,0.00010000037892712106,0.010060055547879112,-1.4078243465586908
6,0.00010001574643212472,0.05887215594658662,-1.4696804176536022
6,0.00015960801377939982,0.010065445891738377,-1.4341141021081565
6,0.00010000796188869083,0.25716188471244966,-1.6193124888007664
6,0.00010001219181543798,0.11497641281545563,-1.4952676584587616
6,0.0001000026809593204,0.17121832734867515,-1.4736827127669245
6,0.09443694809743369,0.0100000037991541,-1.3861772276706292
6,0.00015960801377945533,0.010034152462871537,-1.2965735309222932
6,0.00010000207353063692,0.05125109243229852,-1.3665627728063507
6,0.00015960801377939274,0.010064491325132124,-1.3956120305682487
6,0.002234831652235878,0.010000000040252555,-1.3233716113737324
6,0.0001000009678345982,0.23792778412335153,-1.5874058875932924
6,0.00010000063069911161,0.010064413565621513,-1.3211312483094142
7,0.00010001085628320405,0.010059871369560037,-3.233145354744382
7,0.00010000290762131786,0.4510039902981678,-3.800018078166923
7,0.00010000192787126399,0.2706268989187211,-3.6539611106743273
7,0.00010000880644618408,0.42303168651839207,-3.8553880922572903
7,0.00010000271069341564,0.07148586059136773,-3.427491032168732
7,0.000100010316375141,0.2503353075347293,-3.6310989442703847
7,0.00010000105127641742,0.01005010092799323,-3.3485932364894495
7,7.7916054963031165,0.010000000014194503,-3.376597064164624
7,0.00010000237850553807,0.12969607231174676,-3.5246292082222377
7,0.00010000246107970729,0.16065072154985685,-3.5066130881238156
7,0.00010001104573572229,0.24446707708940504,-3.5561774457678554
7,0.00010001743448590314,0.010063193748906995,-3.092673277380117
7,0.00010000417172118726,0.1812872889954001,-3.37094746320267
7,0.00010001031637514102,0.22880554585706658,-3.4697348345020402
7,0.00010000155956055691,0.37849976107583627,-3.6168495078577836
8,0.00010001031637514104,0.19161569671741815,-2.8858382370629383
8,0.00010000260532552198,0.2650901773516034,-2.9934945474772903
8,0.00010001669224561887,0.08351546744724726,-2.914175649161175
8,0.0001000001214087138,0.7641100334593137,-3.636125015252555
8,0.00010000289915683367,0.44813837147071106,-3.2171439315517185
8,0.00010001026150891694,0.010064972804055803,-2.8446617715879103
8,0.00010001026150891696,0.01007246826934406,-2.983069832334168
8,0.00010000215607445724,0.13548810080836624,-3.019435017740556
8,0.00010001537084822291,0.25146963539149764,-3.134043146835849
8,0.00010001025864781306,0.17481789487397306,-3.0700779693703986
8,0.00010000304235817161,0.31666456830600337,-3.198285039422214
8,0.00010001578484910943,0.09794364861917869,-3.0088421934271334
8,0.00010001561651155227,0.02212572286456088,-2.8937307514350286
8,0.000100010316375141,0.395945704270162,-3.1546453383590563
8,0.00010000341696374195,0.010066078849436767,-2.779578963391331
9,4.634860168834229,0.5011264203696262,-3.394118673450581
9,0.00010000064144856664,0.47129232037901775,-3.4509987520141943
9,0.000100013638289076,0.010066664467027035,-3.0125382543851695
9,0.00010000225257501456,0.010033103890454888,-3.0050802648032944
9,0.00010001669224561887,0.010051896724611946,-2.9912328234462757
9,0.0001000029587584701,0.19274782277270402,-3.216630466527383
9,0.0001000010381839891,0.12913424000476556,-3.1428935204992197
9,0.0001000236514832625,0.09956117702231244,-3.1513667939982333
9,0.00010000362564921715,0.40993051035499223,-3.413690899234644
9,0.00010000150513884851,0.33655222090017994,-3.3704847283228676
9,0.00010001031637514105,0.38665422315009446,-3.433363876936008
9,0.00010000159928038726,0.48850042206102023,-3.481408239219872
9,0.00010000243536581467,0.18902530985295243,-3.248693284468709
9,0.00010000196813899666,0.2840362664459456,-3.2487804679098415
9,0.00010000331203478986,0.3689441656461672,-3.356632099536069
10,0.00010000007364568827,0.3144023649074299,-3.855530462149089
10,0.00010000392133606878,0.0539557359874499,-3.9005776246187263
10,0.00015960801377939114,0.40284384110667315,-4.333781394845074
10,0.00010000236096625165,0.7832908813933509,-4.823917247357207
10,0.00010000243536581467,0.05966907560581004,-4.032632235663424
10,0.00010000394050466317,0.18769564278301568,-4.408780904705403
10,0.00010001026150891696,0.010065197254818858,-4.030316947684843
10,0.00010001025864781306,0.2608398444828745,-4.362785005726243
10,0.00010000637587047784,0.18756142904108383,-4.146128580049535
10,0.0001000011363851989,0.47213926729939126,-4.50719670054907
10,0.00010001537084822296,0.12365921461229147,-4.3195790807615575
10,0.00010000005175233738,0.6628462861020938,-4.754924142091393
10,0.00010001031637514102,0.12371698820666464,-3.983585357931686
10,0.00010001844614864901,0.010069428673748904,-4.077758535457733
10,0.00010001031637514102,0.14713290929815964,-4.230320113690638
11,0.00010000126824797584,0.47813437861510566,-2.5379686038201084
11,0.00010001421444782706,0.13028490797653497,-2.195669841363553
11,0.00010000069599035475,0.3060688951479646,-2.422537984627962
11,0.000100010258647813,0.23419521098715443,-2.262542275229018
11,0.00010000355000971335,0.010064779821929744,-2.1234799944209075
11,0.00010000583550496864,0.22958657862595563,-2.3872880103570098
11,0.00010001537084822291,0.18216365405003343,-2.246992502987397
11,0.00010000101158559309,0.7507042146305053,-2.8354266630980436
11,0.0001000097666249038,0.24284572648222688,-2.2827363954248074
11,0.000100010258647813,0.23191780603492648,-2.3200201980600372
11,0.00010000020779769327,0.22610635071531746,-2.279632677153588
11,0.00010000300835564667,0.1226498474558788,-2.1858141383872294
11,0.0001000159841274789,0.20233236204584354,-2.257912167432684
11,0.0001000033587035661,0.24535555682630816,-2.290563843410787
11,0.00010000339423057132,0.010066031114950136,-2.100481291839449
12,0.00010000000412547808,0.6946264466876412,-3.0183607517833733
12,0.00010001179040179323,0.2597039044316827,-2.631694233151727
12,0.00010000211720910941,0.34090296640604506,-2.7705466401507444
12,0.00010001031637514102,0.017999765612966016,-2.3887289480011007
12,0.00010001025864781306,0.028758516184340718,-2.4204995618461993
12,3.7503055506151766,0.6989534983667679,-3.1240871956717893
12,0.00010001633845046836,0.10640637616877469,-2.488490284102242
12,0.00010001626349268985,0.03398224106352991,-2.4943298109414154
12,0.00010000264326988846,0.30768980169373356,-2.6798022241926973
12,0.0001000026114119474,0.07329700874237638,-2.4684043207896127
12,0.0001000031232825735,0.27596433297905715,-2.7595628755055315
12,0.00010000322935001179,0.13422157992107941,-2.568979270165436
12,0.00010000300592039431,0.2848171607239746,-2.6934796466576025
12,0.00010001537602400846,0.0100653711265275,-2.413596542940789
12,0.00010000434200844823,0.27650791848689943,-2.688715646511507
13,9.999999984623976,0.44335994006703233,-4.999936725595464
13,9.999973462482798,0.5040518624259618,-4.999999999999982
13,9.999999999999952,0.49507276305850434,-4.9999550545412506
13,9.846297624304142,0.020511962522597994,-4.796426591596121
13,9.99999999999986,0.4382973034354672,-4.999940680135851
13,9.99994039198622,0.5289695122793782,-4.999959741848617
13,9.999999523502618,0.06271898017556915,-4.91353596069648
13,9.99994039198622,0.38399717782468756,-4.999965021315275
13,5.982773488735925,0.6956966276071438,0.2218454137969669
13,5.023876629435882,0.7673630289080382,0.0036411532885117803
13,9.99994039198622,0.5505167479644886,0.22554103466724218
13,9.999963160221483,0.46861133364834406,-4.99999999873362
13,9.999999998724293,0.4549414617068344,-4.9999681346841784
13,9.72771205549647,0.04421372135373007,-4.826303211001545
13,9.999999996991203,0.48486976796928055,-4.999937584482103
14,0.00010001435578139035,0.010058198784329146,-4.044313264191918
14,0.00010001083924277258,0.4683824496368603,-4.4036436004166974
14,0.00010001537084822296,0.16359959897336587,-4.252976250784017
14,0.00031647043816412614,0.010001971512086824,-3.842827687007269
14,0.00010000377176460895,0.5908460647959203,-4.724785306762901
14,0.00010000153969574912,0.010056033250448468,-4.076315059722885
14,0.00010000922463069826,0.010060192496408818,-4.021805687887204
14,0.000100010258647813,0.13739972689721067,-4.112855844056657
14,0.00010000268814048582,0.8157524557205421,-4.662493404889902
14,0.00010001031637514102,0.18701883485722987,-4.257869197279006
14,0.00010000891214989314,0.2762876693196222,-4.32831710164712
14,0.00010001537084822296,0.3129604085237351,-4.170952447926594
14,0.0003056261616481151,0.010004112415640434,-3.8295138464180236
14,0.00010001669224561889,0.18204996084833275,-4.212771531471394
14,0.00010001163749891149,0.4132415634630046,-4.290001513412321
15,0.00010000325849049459,0.07916763504219568,-2.5411386053146865
15,0.00010001025864781306,0.10866865132968445,-2.597415116107514
15,0.00010001628682671518,0.07051393778396561,-2.5906862317907198
15,0.00010000535326915925,0.19262858964312662,-2.715794008178481
15,0.00010001669224561882,0.23948797048262363,-2.7257015247984184
15,0.00010000247879592662,0.05658008325667014,-2.6298115424546236
15,0.00010001669224561887,0.21948295788061706,-2.780488212197392
15,0.00010001537084822296,0.23725183405058264,-2.7095999341350296
15,0.00010000369472353723,0.11606897787313737,-2.649662298041523
15,0.00015960801377939274,0.010065445891738377,-2.5190650070669975
15,0.00010001653110366436,0.010065403161857877,-2.634475762935809
15,0.00010001031637514105,0.06882133854445897,-2.6250766594303543
15,0.00010000088473635933,0.8205966103434896,-3.329416096482718
15,0.00010000637587047781,0.11379779845366114,-2.6722481743895576
15,0.00010001025864781306,0.21535559479240998,-2.730352251692937
16,0.00010000889733993636,0.2301656315102589,-2.1739383687067897
16,0.00010001025275119496,0.14077811639825044,-2.0568342740238688
16,0.00010000991601235865,0.010062695606247547,-1.913049739460779
16,0.00010000694106588321,0.2255205328576668,-2.1999563207508395
16,0.00010001537084822296,0.04626247590325878,-1.9530180173947094
16,5.2859317905606655,0.54118041031925,-2.750218170385242
16,0.00010001669224561889,0.010065255414970714,-1.922954656605424
16,0.00010001669224561887,0.12194381941308341,-2.0641339733196693
16,0.00010001615544561478,0.010065174624075145,-1.9504436680238464
16,0.00010000243536581468,0.2215615256335254,-2.2018982552564985
16,8.939365909798928,0.010000000025714951,-1.951291883544216
16,0.00010001538456868843,0.1326453985409339,-1.9897264928635963
16,0.00010000110184683272,0.09045878815459797,-2.0287693014140245
16,0.00010002364256224351,0.0334931659775859,-1.91489660612518
16,0.00010000243536581467,0.11098860590275171,-2.0300150288690073
17,0.00010000201299843318,0.3652629964626307,-2.166549319456399
17,0.0001000007866656419,0.033585412932745216,-1.8584225372962342
17,0.00016086691500195885,0.010001666745431884,-1.7889102069425997
17,0.00010000286360106303,0.48570221808395786,-2.275589032986273
17,8.109516826935755,0.010000000034088583,-1.91288947313371
17,0.00010000035452748744,0.07188428498895959,-1.9118197639822767
17,0.0002959517008358544,0.010001434348420345,-1.8437081641317403
17,0.0006429600662616766,0.3930553195376931,-2.169554721682672
17,0.00010000316598607426,0.32298979435122444,-2.0579944773019285
17,0.00016291337328127185,0.010001138002662344,-1.7340464308153134
17,9.999999999990004,0.010047733348607866,-1.8163594245715038
17,0.0001000017482061896,0.9719671951331318,-2.7949114330076297
17,1.4551125241417175,0.010000030574292645,-1.7470315646245094
17,0.00010002364256224351,0.051071050016671254,-1.7748660672149887
17,0.00010001031637514102,0.010065413310140938,-1.7467579604350776
18,0.00010001537602400846,0.06650474965269944,-4.76812587709142
18,0.00010000126791732052,0.03659742081952413,-4.828680731932292
18,0.00010001622070725117,0.05944788312246209,-4.8594532735017095
18,0.00010001599248501774,0.01005179400934581,-4.802962679436042
18,0.00010001537084822296,0.16678665575665436,-4.915178750786968
18,0.00010000319144829335,0.2009342548098886,-4.995208720769016
18,0.0001000054485831033,0.010068475162496822,-4.846795014599328
18,0.0001000166922456189,0.010072263615177554,-4.796132914271617
18,0.0001000164344816602,0.2198795498988356,-4.958549978863409
18,0.00010001669224561887,0.010070718497365145,-4.774951686007558
18,0.00010001669224561887,0.010074485375033172,-4.820289695932724
18,0.00012411236627313637,0.01006817081302833,-4.8437190088261115
18,0.00010001669224561882,0.1569734237522829,-4.995289595286985
18,0.00010001031637514102,0.06532305923962421,-4.870043178158843
18,0.00010000637587047781,0.19677177763890322,-4.978394572102333
19,0.00010000637587047785,0.010065416152649326,-4.999937862093096
19,0.00010000017660969466,0.010054870433090403,-4.999958249052402
19,0.00010001026150891696,0.010070014701992426,-4.999966360043799
19,0.000100001565596158,0.010030052389142488,-4.9999540637058955
19,0.00010001669224561887,0.01007040387334546,-4.999966416951557
19,0.00010001537602400846,0.01007501047308684,-4.999943331167398
19,0.00010000372859809879,0.010066836305049802,-4.999966414900503
19,0.00010001575318554427,0.01007246839765052,-4.999965886240341
19,0.00010000002377147318,0.010057542679525617,-4.999945348300691
19,0.00010000346894438296,0.010062101134647393,-4.999956962134603
19,0.00010000243536581468,0.0100634799118668,-4.999948041397027
19,0.00010001031637514102,0.010063338813191427,-4.999930645354871
19,0.00010001669224561887,0.010065316380922194,-4.999965211429322
19,0.00010000366119297996,0.010065032039503367,-4.999958638109807
19,0.00010000530895576305,0.010064960188177116,-4.9999362012839805
20,0.00010001537084822296,0.36459984689420105,-2.7237983107049555
20,0.00010000146324015246,0.47518901662425855,-2.9547974861271746
20,0.00010001031637514102,0.2051046465242922,-2.680721948844604
20,0.00010000127313138625,0.010064651091091347,-2.496759162193803
20,0.00010001031637514102,0.41691777346058295,-2.88929886465939
20,0.00010001283256338582,0.24873874538038815,-2.7566910078320825
20,0.00010000687743396907,0.046074391317423406,-2.539236303080838
20,0.00010000110416794338,0.04686428217816691,-2.6047284223607825
20,0.00010000340233595311,0.3832559871139932,-2.906255354999547
20,0.00010001030007978471,0.01005160041528841,-2.5635343077706976
20,0.00010001537602400846,0.1611704359822486,-2.729008029778277
20,0.00010000141523160037,0.3162062626659962,-2.9125201854736615
20,0.00010000392700495802,0.08382568304021401,-2.608711584949257
20,0.00010001669224561887,0.06794268108918033,-2.5977613485914723
20,0.00010001537602400846,0.010068671701560788,-2.6270439216070263
21,0.00010000394050466317,0.01006506572047583,-1.3748564633844245
21,0.00010001612760571926,0.01006513152795399,-1.4706582742498995
21,0.00010000148241149487,0.05560281226963046,-1.5249042755985491
21,0.00010001537084822296,0.08114654768584259,-1.553492814171929
21,0.00010000326149668751,0.1403185345654237,-1.6028269580112409
21,0.00010001638217598007,0.36816097418550225,-1.8090421519603281
21,0.00015960801377939274,0.010065445891738377,-1.4246862688260948
21,0.00010000998829404293,0.24185198145647283,-1.6749636651204431
21,0.00010001669224561882,0.06241715115644838,-1.5369751805397625
21,0.00010001599447576856,0.05020272999879694,-1.504370775806715
21,0.00010000351780372444,0.28843446669288125,-1.760462601994367
21,0.0001000004215077552,0.25434821711344213,-1.691097513929418
21,0.00010000253560136476,0.6595998114357053,-2.1856703984154553
21,9.96834160390865,0.010000000644012208,-1.476277069517193
21,0.00010000637587047781,0.1539420406826475,-1.6170046569911802
22,0.00010000352113893508,0.21657493420928944,-4.877087367969931
22,0.00010000057491188233,0.1730839886049221,-4.530512417014412
22,0.00010000258376533504,0.21407270379254642,-4.784756357026385
22,0.00010000274839343008,0.4075529885917389,-4.965619861747904
22,0.00010001025864781306,0.34411749689512866,-4.983398750414922
22,0.00010000208873676313,0.13495382901511938,-4.615611249470903
22,0.00010000237845063743,0.14598502921822126,-4.792421270356646
22,0.0001596080137797884,0.010065445891738377,-4.508501287134006
22,0.00010000468012817475,0.09029485345476909,-4.619311964511835
22,0.00010001049541636994,0.010063570258973423,-4.562228537236912
22,0.00010001664910730438,0.010065415248049431,-4.744131083119274
22,0.00015960801377938594,0.2337452726760196,-4.829026792819494
22,0.00010001524395418522,0.2180436384396873,-4.793568686727951
22,0.00015960801377939274,0.010065445891738377,-4.697359886086229
22,0.00015960801377956635,0.04276252635920961,-4.783553183246087
23,0.7189571009258848,0.1872511510083242,-1.3921655964937956
23,0.19511105700527426,0.24340590731486672,-1.513781609993959
23,0.2013441148805345,0.20501714282007327,-1.48196419591872
23,0.05183563772157562,0.5247039813095573,-1.821355191011058
23,0.26725795603779595,0.22491898914376546,-1.5259249182743442
23,0.04712082137353423,0.32213054642253464,-1.626792224587385
23,0.00740479178650925,0.20169706950002944,-1.5214540195553654
23,0.17125696458590306,0.18898023587063473,-1.5030954216826662
23,9.999992331107824,0.03954606446214029,-1.3373420433611742
23,6.094526280485001,0.5197090457890056,-2.253860297217557
23,0.10985135377459065,0.2836500129929966,-1.5869823586819338
23,0.000100002119300029,0.8156942336634417,-2.1067667597898887
23,0.1755777473075539,0.1526267685958632,-1.4645707977972386
23,0.07495973890027659,0.37321825720661916,-1.6862028601530918
23,0.31062861747178466,0.18071649657109823,-1.4394311805914133
24,0.00010001593182568786,0.010070270740330843,-4.999966588839092
24,0.00010000035531508382,0.01006153525650966,-4.9999793322562756
24,0.00010001609202398142,0.01006959679160876,-4.999966132498967
24,0.00010000057491188236,0.010062860832741037,-4.999967827998467
24,0.00014909866703343783,0.010063559356193708,-4.999999998402749
24,0.00010001537602400846,0.01006497904751401,-4.999957216496594
24,0.00010001550851930916,0.010074429160178115,-4.99996600243997
24,0.00010000000090132816,0.010064676979822032,-4.999966392620942
24,0.00010000637587047787,0.01006115444459953,-4.999958581290638
24,0.0001000236514832625,0.010082241704428271,-4.999966147244988
24,0.00010001031637514105,0.010064763830826171,-4.999958976743571
24,0.00010000150513884851,0.010063264932592884,-4.999971794748303
24,0.00010001537602400846,0.01007046461496762,-4.999965979785759
24,0.00010001633084233424,0.01006423447364204,-4.999956939031906
24,0.00010001595405047925,0.010076004234323921,-4.999966615327788
25,0.00010000008267371701,0.010060063295169787,-2.4180373590681032
25,0.00010000223347260827,0.23701493576826824,-2.579962161811793
25,0.00010000003181712214,0.34795199808507604,-2.664042521131346
25,0.00010001025864781306,0.010065069838394943,-2.301385084023489
25,0.00010000120045856795,0.37687723069492696,-2.755189294346376
25,0.00010000243536581467,0.2011113725503913,-2.4384765739208425
25,0.00015960801377939274,0.010065445891738377,-2.241575827795944
25,0.0001000017497611218,0.041010748714926396,-2.272023676069495
25,0.00010000150513884851,0.07979550107868588,-2.290549295514685
25,0.00010001638649419648,0.09513778863519701,-2.3155024814149128
25,0.00010000222594784244,0.113042984476965,-2.347759919322179
25,0.00010001508674977513,0.01006524508423491,-2.2510398387003945
25,0.00010000021959679853,0.10236118467387172,-2.3577315671833383
25,0.00010001031637514102,0.062371354668812676,-2.3485275300215895
25,0.00024859605758788624,0.010000000087177998,-2.175132539260691
26,0.0001000166922456189,0.4737483212571852,-3.9671070549308403
26,0.00010000149427327413,0.3730489941014411,-3.7009200289325204
26,0.00010000070647007061,0.31108975445886283,-3.802644929107025
26,0.00010000326345082599,0.8683029592894053,-4.066322955409565
26,0.00015960801377939274,0.010065445891738377,-3.384234217634688
26,0.00010001669224561887,0.13169038927208424,-3.5243320549866772
26,0.00010000149748087725,0.7027953186005391,-4.081233120866029
26,0.00010001424507224057,0.2223063455381196,-3.59693635474525
26,0.0001000163609747049,0.0695671608083907,-3.354286253962032
26,0.00010000083885819179,0.13773009256631663,-3.382754314176505
26,0.00010000167874449632,0.38591691120508054,-3.706999589021518
26,0.0001000030841443247,0.7456207675517581,-4.131751143958959
26,0.00015960801377939274,0.8262907439759499,-4.212576922992926
26,0.00010000074509648957,0.010065066392855936,-3.2403025543028585
26,0.00010000667502145494,0.415272889387203,-3.66391880753125
27,0.00010001626640306504,0.0100653783530019,-2.4009835543243576
27,0.00010000458585797728,0.010056728261392828,-2.3864760669549243
27,6.77066227871415,0.674270142112571,-3.168921420749673
27,0.00010001644711202472,0.010065417098183763,-2.377082917865294
27,0.00015960801377939274,0.010065445891738377,-2.36199126765137
27,5.660614234215423,0.7112477106058774,-3.2153634729456977
27,0.00010001025864781306,0.22155840192356915,-2.584167093209724
27,0.00010000061522271929,0.6024574642106011,-2.9922709025282543
27,0.00010000637587047781,0.0517981748357079,-2.402238518571173
27,0.00010001576811880558,0.010065273209169966,-2.339905201437944
27,0.00010000394050466319,0.01006490744278027,-2.361204487096851
27,0.0002829740533376525,0.010000578917837205,-2.335336229723483
27,9.999999700469806,0.020215304585721364,-2.5797273695843805
27,0.00010000237487779219,0.3101079998351823,-2.6971726449182922
27,0.00010000288188883882,0.178013493046713,-2.5883715318722462
28,4.198088333958816,0.34133077513963933,-2.5705302156255874
28,0.9120704856095856,0.7732742225078693,-3.0352648645192155
28,1.1844293659508625,0.6230848299476642,-2.885229286013931
28,9.999999996050812,0.22539337179159563,-2.467482040178512
28,2.672512323991186,0.40104828625884675,-2.6667843854274014
28,0.38998889284879934,0.8074554849120372,-3.0427116451533167
28,3.9875276890344513,0.31361483684349467,-2.5632198146021508
28,8.651452628597978,0.21940418071532453,-2.445291614753435
28,1.3981748083799252,0.6049626825822065,-2.922764362241674
28,9.999999999871317,0.1795538414258481,-2.4588476344877255
28,8.243442754605997,0.21654671770554051,-2.475469119764508
28,0.6120017624420014,0.9459811937547515,-3.2063884462622156
28,2.5180678684340534,0.39020963276524895,-2.6298886254315454
28,9.999999998425018,0.17645471819252356,-2.5430090231479077
28,9.999982705102619,0.15663979022876579,-2.444790490124208
29,0.00010000295497092022,0.4340232305997236,-4.605180071309711
29,0.00010001019683515526,0.13539228243778287,-4.352930857761383
29,0.00010000243536581468,0.4513298258686139,-4.722309455996944
29,0.00010000272631557723,0.0404577661414438,-4.3536111991346935
29,0.00010000243536581467,0.532531566620672,-4.844163999038915
29,0.00010001634316945333,0.11681849132422183,-4.19041681947893
29,0.00010000180765872756,0.34468753042776323,-4.670727425014266
29,0.00010000260560570951,0.3301877060043723,-4.776623772600362
29,0.00010001557450700188,0.17813201063624504,-4.604159368342156
29,0.00015960801377939274,0.010051959209699984,-4.521221178113859
29,0.00010001537084822296,0.1395475171390196,-4.587833004877694
29,0.000100010258647813,0.5022023518062696,-4.924060850695761
29,0.00010000534700988386,0.14476369296911357,-4.492014054610616
29,0.00010001588334353819,0.04325495086149038,-4.500172968420186
29,0.00010001423226327903,0.015144581907409856,-4.139082649711293
30,0.00010000443557084621,0.5510960586861752,-4.885938500299554
30,0.00010000078391260084,0.26032968639236537,-4.201280580020395
30,0.00010001537084822296,0.17494796961634576,-4.2078300930418555
30,0.00010001582072134815,0.010063074831132909,-3.804232047671605
30,0.00018654032642117068,0.010005474858481772,-3.5836450100943438
30,0.00010000261335182558,0.5762175241893923,-4.567657783126055
30,0.00015960801377939274,0.010065445891738377,-4.999938378874018
30,0.0001000000454633702,0.010039544766404873,-4.99994713529321
30,0.00010001025864781306,0.14067960186981426,-4.817351663419719
30,0.00010001423971149739,0.010058358187369852,-4.6315625468420665
30,0.00010001026150891696,0.010064960041094462,-4.999952294253632
30,0.0001000024057308039,0.3181249822025507,-4.811444169013688
30,0.00010001031637514105,0.06662582925744243,-4.973919973387497
30,0.00010001669224561887,0.010039538596487381,-4.920250388486929
30,0.00010000088823207279,0.010047242275185289,-4.513258960938128
31,0.0001000003690857373,0.49482119380137507,-2.1345342579094186
31,0.00010000388085595652,0.1561146417419319,-1.8007054565899037
31,0.0001000032123506447,0.4447928474111243,-2.0601386138520175
31,0.0001004001272337363,0.15426848444295452,-1.8050616182964883
31,0.00015960801377938594,0.010065445891738377,-1.7161285264318697
31,0.00010000243536581467,0.11210598156271867,-1.7593468145306834
31,0.00010000642810929636,0.23150196952454247,-1.9800303219762156
31,0.00010005199250550528,0.010062866027803898,-1.7217970087328074
31,0.00010000892459736146,0.028400311034688437,-1.7388845410592693
31,0.00010013435076742219,0.010066448747963254,-1.694589612955593
31,6.898432333561766,0.45404585081141524,-2.4315539415908884
31,0.0001000030314422771,0.3785820324974678,-2.0824531485790465
31,0.00010000997735970651,0.2880706865157216,-2.033475718293053
31,0.00010000266522387335,0.15949408197015105,-1.8890737008863134
31,0.00010000909373500001,0.010063460316908628,-1.7599750588381031
32,0.0001000022986603208,0.4519924444735564,-2.4398800418636877
32,0.00019745181065306317,0.01000053740101177,-1.5794773854991573
32,0.00023959447581352572,0.010000069616335485,-1.787730690478075
32,3.521019095862635,0.010000000059239126,-1.9595208896825704
32,0.0001000016578703483,0.45887719541789934,-2.308458768116611
32,0.00018299757220439786,0.010003584255880296,-1.9769658214259402
32,6.825667418650146,0.010000000001550324,-1.9585652913253546
32,0.00018382259195934183,0.010000621107709976,-1.8712685801754454
32,0.00010000102784708699,0.3679844178499443,-2.431972338997058
32,0.0001000037959743069,0.010065075897830468,-2.084270993169475
32,4.539549163381754,0.0100000000021996,-1.964324865128444
32,0.00010000204258635173,0.19613364216502188,-2.2060182180304175
32,0.00010001669224561887,0.010065038903998758,-2.0097096597779296
32,0.00010000222527541349,0.16290163013430395,-2.2137131013667375
32,0.00026668292195162227,0.01000000024436288,-1.8141473913533617
33,0.00010000637587047781,0.0548921207272552,-1.6198909171077795
33,0.00010000136570859631,0.48095232923730774,-2.035114056580944
33,5.777995328894717,0.3619140055675816,-2.0222061956979975
33,0.00010111810362139876,0.07709042342342207,-1.6156241118174735
33,0.00010000123140649189,0.5883289919015663,-2.128836035985943
33,0.00010001582827217156,0.010064928130266507,-1.6195642994544228
33,0.00015960801377939274,0.010065445891738377,-1.5970881956828529
33,0.00010000046541437672,0.1289833558295697,-1.699970733054154
33,1.4502233585787683,0.9999999999525513,-3.0531955246721023
33,0.00010002364256224351,0.024630799372012353,-1.549764695311633
33,0.00010009448961817156,0.010006862461917839,-1.5464458849677687
33,0.00010001569996376166,0.13704434389241804,-1.6978057107337576
33,0.00010001669224561887,0.167866836472682,-1.7537933168066644
33,0.00010000637587047787,0.010066130622278657,-1.5737348982579626
33,0.00010000394050466317,0.010065684373725146,-1.6125472874857936
34,0.0001000013577545364,0.010050483698002745,-4.999966751513115
34,0.00010001031637514104,0.010071338639188758,-4.9999393046556575
34,0.0001516043653724759,0.010064188216183469,-4.99999999858939
34,0.00010000039210195002,0.01004513954662706,-4.99994596189255
34,0.00010000243536581468,0.010064673006418879,-4.999951185072157
34,0.00010001031637514102,0.010065190719517957,-4.999941855146512
34,0.0001000236514832625,0.010080521914034447,-4.999966594562698
34,0.00010001031637514102,0.010068697664604867,-4.999955642048319
34,0.00010001031637514102,0.010072659163728882,-4.999964759866003
34,0.00010000524249794652,0.010064088876926645,-4.999942023160538
34,0.00010000155650270743,0.010062387925315141,-4.999957167996469
34,0.00010000243536581468,0.010062081268400401,-4.999936263220922
34,0.00015960801377939274,0.010065445891738377,-4.999935736325094
34,0.00010001026150891696,0.010064596661115794,-4.999930560817998
34,0.00010001026150891696,0.010070053588302845,-4.9999369968385725
35,0.00010001537084822296,0.14338047830945777,-2.8083163144540477
35,3.740865574177965,0.4594552303129587,-3.1333847338371457
35,0.00010001669224561887,0.334616046221392,-3.024924073495548
35,0.00010257654065614849,0.3694399693725446,-3.0756671722635893
35,0.00010000637587047787,0.05422029827048804,-2.780211578765718
35,0.00010000237056641929,0.26396915680152033,-2.950469289742669
35,0.00010000024762641204,0.3184399104022563,-3.0700165207511905
35,0.00010000336898085172,0.19025092711960015,-2.86460271363142
35,0.00010000021959679853,0.613357693434408,-3.313718193976378
35,0.00010001025864781306,0.30343763916438976,-3.045038765143091
35,0.00010001537084822296,0.10974105766537032,-2.778959771650727
35,0.00010001275627177138,0.010051545545232288,-2.6101606424207957
35,0.000100010316375141,0.11267278631754217,-2.8188396417786548
35,0.00010000366083993728,0.32043606183013956,-2.944765203985864
35,0.00010000000090132816,0.39716973788899457,-3.0101532225063923
36,0.000100011869973919,0.010064003483270691,-1.7041470758668804
36,0.00028478712312894557,0.010000635133606451,-1.818315156257958
36,0.00010000139036480814,0.01006499129308495,-1.8223587254074773
36,0.00010000243536581468,0.010065405251052406,-1.8545134466008624
36,0.00010001669224561882,0.21216013033296707,-2.0728841668534903
36,0.00010000408078850742,0.010062016914792476,-1.8428763613226247
36,0.00015959214869171762,0.1538470632754371,-1.968545362194783
36,0.00010000129493463073,0.13502196229126642,-2.0025118883290967
36,0.00010001669224561893,0.010064841200706078,-1.8593091872063572
36,0.00010000036391355689,0.06908325972666517,-1.9105149431038815
36,6.858341501528796,0.010000000054096526,-1.8371479950493823
36,0.00010000150513884851,0.3012206413358024,-2.211502083370009
36,0.00010001555916799306,0.09991355688407463,-1.917981959102311
36,0.00010001025864781306,0.11868326810530805,-1.9829218300408396
36,0.00010000296672836574,0.07727631040840413,-1.939192353172967
37,0.00010000269863741528,0.053917999322388485,-1.5849374188005214
37,0.00010000081508471617,0.010065131349981216,-1.5227383715798848
37,0.00010001026150891694,0.010064777838054048,-1.583963565295018
37,0.00010001315117131373,0.3445625631125064,-1.9497440204385716
37,0.00010001537602400846,0.010065289098026975,-1.5867833498228658
37,0.00010000105088280086,0.705145703083994,-2.3085993744570343
37,0.00010000093022696617,0.4854024402923546,-2.0934661681272138
37,0.00010000063564163817,0.13930885325843825,-1.7415888356183031
37,0.00010000229787281617,0.8558136052185294,-2.420855442434471
37,0.00010001627753146919,0.16140144516254407,-1.7264403157387176
37,0.00010000146570407244,0.6658537160618611,-2.271494057237605
37,0.0001000015814663905,0.25734695479182224,-1.8342866991332678
37,0.00010000350314723244,0.29258499866524124,-1.896895289756307
37,0.00010000271950000005,0.34316111225440743,-1.9521124446415612
37,0.00010001546029455346,0.3247775589963148,-1.9706937162523788
38,0.000100010316375141,0.07106103607836127,-3.2902931895018113
38,0.00010000289503350148,0.01005804939288401,-3.2917028524937706
38,0.0001000014453962075,0.2642063191553809,-3.2688169002580203
38,0.00010000006240218145,0.2627563201255497,-3.758203507835388
38,0.00010000126553181678,0.05819690359971435,-3.4913233997114483
38,0.00010000128372014894,0.010022701693292745,-3.312646221094337
38,9.999999999990004,0.010056890131446916,-3.0505981650086973
38,0.00010001426352437744,0.01005207149339565,-3.213540980773772
38,0.00010000175610787032,0.19312088581035228,-3.068265392725649
38,0.00010000350388766148,0.06978285556261095,-2.958340897079838
38,0.0002882318035481822,0.01000081058754234,-2.9275636721727967
38,0.00010001669224561887,0.14507295457902505,-3.4690921414104263
38,0.0001000004362013867,0.3809536297712558,-3.2349508231249895
38,0.00010000394050466317,0.010065436577222633,-3.053276006725301
38,0.00010000343784366441,0.010065291961274446,-2.8853613758908807
39,0.00010000637587047781,0.27203245890896693,-2.7415848492595907
39,0.00015960801377939274,0.010065445891738377,-2.4598717732604864
39,0.00010001537084822296,0.3848619682258811,-2.8103848027513147
39,0.00015960801377939274,0.010065445891738377,-2.459374849875831
39,0.00010000377190622225,0.24335694704302993,-2.7250547143730968
39,0.00010001027873712966,0.18575326259253822,-2.702369989676054
39,0.00010000027347785288,0.2525374931642698,-2.786792379752855
39,0.00010001537084822296,0.1405573536137082,-2.561585126297205
39,0.00010000876139698529,0.010068329927354945,-2.4550426753664323
39,0.00010000062921598887,0.10995450928100267,-2.6560196450445392
39,0.00010000214654370508,0.3721045479100933,-2.8849203909637784
39,6.8479237025422774,0.5992742588470226,-3.212877114328599
39,0.00015960801377939274,0.010065445891738377,-2.5934819433130096
39,0.00010000156177220133,0.3513107013415773,-2.9386742707972964
39,0.00010000107154710126,0.4153729539150333,-3.064430391339134
40,0.00010000912629967846,0.010068154527180264,-1.8571830616499836
40,0.00010000386052029194,0.7034086892614664,-2.605862539463033
40,0.00010001537602400846,0.01009155179161315,-1.9431413784932094
40,0.00010000243536581468,0.010064101310690446,-1.8840281147885878
40,0.00010000204861430011,0.3736404064946183,-2.2439266781133282
40,4.051143615307215,0.8392282212510206,0.8995525458631486
40,0.00010000142786092342,0.3333550574800754,-2.265006564138314
40,0.00010000391578293954,0.12262715225418977,-2.0067290330622107
40,0.000100010258647813,0.22906224332174682,-2.114458568131662
40,0.00010000150513884852,0.25892826033522615,-2.1770789855268755
40,0.00010000637587047781,0.11328540522095024,-2.039937486852004
40,0.00010000018373915997,0.21349957580597181,-2.10078787762967
40,0.00010001026150891694,0.010086355895966603,-1.942666197386921
40,0.00010000048796858743,0.26261801426843956,-2.2028446152193855
40,0.00010000204411637377,0.34837419402597375,-2.2440261482878436
41,0.00010000035531508382,0.5298627168337658,-1.8987621798664607
41,3.979602711870881,0.6650433780670606,-2.686185054998911
41,0.00010001632175777659,0.38700854485608654,-1.827184701859142
41,0.00010001537084822296,0.3123839012501137,-1.6342501161965888
41,0.00010001669224561887,0.3777936910554356,-1.7798065849093399
41,0.00010000135938312468,0.11266219469223614,-1.5505106378341944
41,0.00010001610718009451,0.010067359409510257,-1.449220965053956
41,0.00010001669224561887,0.010178420494522175,-1.5094092299316135
41,0.00010000430231632627,0.1222183385840292,-1.5962360886080396
41,0.000100009782527984,0.39387527153884166,-1.8421187998107962
41,0.000100007049045484,0.33149578280970676,-1.8369888622105637
41,2.951533778390829,0.26172886364051845,-1.6869694325965379
41,0.00010000297296248209,0.771836015843432,-2.175185572646472
41,0.00010000897811693887,0.07464763215408388,-1.5150342688502496
41,0.46681616252639646,0.6075643785079186,-2.0737018260630107
42,0.00010000168187043449,0.010045746133177597,-3.1934403440472354
42,0.00010000150513884851,0.505255140530192,-3.8768414635130344
42,0.0001000015343683943,0.45114353548564307,-3.5174882290160774
42,0.00010000275285794382,0.7889528124171964,-3.904678679188986
42,0.00010001031637514105,0.07595925941714546,-3.266600454307711
42,0.00010000295804338269,0.2123871650298263,-3.23451360355464
42,6.099576151395036,0.010000000021369082,-3.0664717157848345
42,9.999999999990004,0.010052130999237753,-3.2221768724077045
42,0.00010001669224561889,0.01005268576952405,-2.9127623675883156
42,0.00010000106224105845,0.30320541652070615,-3.5287291798080025
42,0.00010001669224561876,0.031165597794387833,-3.137224507721944
42,0.00010001663069935193,0.05349571609197783,-3.0430183713805787
42,9.999338936997177,0.010066398263278766,-2.8506825596331926
42,0.00015960801377945533,0.05029552939479405,-3.1989982795862466
42,0.00010001154777834027,0.010033234906215499,-2.984533772460151
43,9.999999998694527,0.361455944686508,-3.207070567739497
43,9.999999994464426,0.5058934337387042,-3.406900408746229
43,6.69635022528023,0.569470650678182,-3.522748884749547
43,3.2798738925527635,0.8788805101548179,-3.801731747160642
43,9.3882958947778,0.5204689395112748,-3.4347128470739903
43,7.465493074486227,0.5748241061201759,-3.560849731330557
43,8.421474126591352,0.5720386835973298,-3.6556906069420623
43,9.233822225193656,0.475566186909148,-3.324994518439356
43,4.298272544211998,0.6978802452629699,-3.5708736119094078
43,2.5348684556303662,0.8387859587790404,-3.620373142502743
43,3.994256393776983,0.7646834519221342,-3.655948120798266
43,5.054112317365891,0.6473820981887888,-3.423820840668694
43,2.7485208521232587,0.937355122572243,-3.8182074000711244
43,8.8372951621757,0.4956665255686021,-3.3144661654495566
43,1.9903863880875012,0.9964903864068384,-3.840235194920111
44,9.99999999456101,0.010068494966160548,-4.999967304460712
44,0.00010001537602400846,0.010064948444947635,-4.999959213614291
44,9.999999983637695,0.010070312199708588,-4.999966131998115
44,0.00010001669224561887,0.010065134939082683,-4.999961017030476
44,0.00010000121907485836,0.010063749014744551,-4.9999691911793835
44,9.999709634176371,0.010065438863384946,-4.999999999708571
44,9.999800948935299,0.010000002262683511,-4.999968163417943
44,9.999999984623976,0.010088745282999122,-4.999966942457465
44,0.00010001031637514102,0.010069293040514368,-4.999967446392474
44,0.00010000879713498536,0.01001794479208779,-4.999967319549345
44,0.00010000071679821664,0.010056024050122235,-4.999968707473653
44,0.00010001031637514102,0.010064515933893398,-4.999959634671868
44,0.00010001669224561887,0.010064909176234194,-4.999955921394991
44,9.999999983307754,0.010072399319756297,-4.999967329473291
44,0.00010000243536581468,0.010063558379554288,-4.99996685092956
45,0.004676084994311133,0.010059370902604042,-2.881425447498805
45,9.99999999362413,0.6707396332363205,-3.691472885903642
45,9.99994039198622,0.836588625191246,-0.6944191412334026
45,0.00010000779916406971,0.017510385822760603,-3.3959877030185064
45,0.00010001591768337185,0.2071448958519058,-3.43329079368318
45,0.00010000172490140917,0.023619563112382537,-3.1183006684319747
45,9.999999725653144,0.010276615450773697,-3.404566251996235
45,0.00010000283889335221,0.6294262109496602,-3.9757286329000134
45,0.00010001061732012053,0.05608943091609771,-3.5183508276948054
45,0.00010000637587047781,0.5245533045972249,-3.821376090967037
45,0.00010000205556379583,0.35960129595078805,-3.75833210773356
45,0.00010001537084822296,0.22927578933669363,-3.5129881571640125
45,9.993165738929658,0.6817448592439885,-3.7431774588176108
45,0.00010000345538848,0.11699861238657945,-3.4421284083210546
45,0.00010001537084822296,0.018165998732223708,-3.337524915414684
46,0.0002999645152159351,0.010003867821594084,-4.563277400908291
46,0.000100010316375141,0.1583851282023146,-4.828600556200222
46,0.00010001031637514102,0.45686186849332994,-4.9684156157937025
46,0.00010001567798656832,0.010065282699909904,-4.497776638502738
46,0.00010001025864781306,0.14825556356672515,-4.625670357298118
46,0.00014081983043040208,0.010050377155331932,-4.522655260212268
46,0.00010000232392595919,0.3412795190186086,-4.925744957345715
46,0.0001596080137793443,0.023219021431521897,-4.553871005818235
46,0.00010001565624528431,0.2271862701964013,-4.861775084678118
46,0.0001000047254140391,0.215831992756942,-4.693400691040783
46,0.00010000129268720358,0.010064501875531281,-4.811945989636659
46,0.00010001669224561893,0.2852137047933846,-4.878990906660548
46,0.00010000334936931614,0.24837017369346903,-4.6926366532293855
46,0.00010001662479815234,0.010065428225975141,-4.663165390542699
46,0.00010000127399042801,0.010061050853139799,-4.999937403847457
47,0.00010001025864781306,0.17418401395973665,-4.38026423127278
47,0.00015960801377956635,0.010065445891738379,-4.589030814134733
47,0.00010001669224561887,0.01006389183982545,-4.35188747927172
47,0.00010001644626047738,0.28762439680397567,-4.601632178341453
47,0.00010001031637514105,0.1430314684881827,-4.40563482742329
47,0.00010000200074555582,0.23496071532109963,-4.572875251164505
47,0.00010000039821432996,0.6380596149185146,-4.903943299350486
47,0.00010000067135872098,0.6558687812269294,-4.930388341630251
47,0.00015960801377939274,0.010040009366439145,-4.756550713339866
47,0.00015313465822786571,0.010000002601879103,-4.30626390272735
47,0.00010000091310396621,0.108489207701639,-4.21520453986737
47,0.00010000109522322311,0.36116441942638833,-4.59606089411178
47,0.00028989622196577767,0.010002786159658623,-4.419999855546393
47,0.00031437116774753497,0.010001315080178395,-4.06362077622448
47,0.00010001537602400846,0.010049684440559299,-4.200383226274071
48,0.00010001543183978955,0.010072005817111731,-4.9999662368076505
48,0.00010000637587047787,0.010064979501528884,-4.9999623545759775
48,0.00010000373886438036,0.010063225557196125,-4.999963974387068
48,0.00010001537602400846,0.010071565075614972,-4.9999661919725815
48,0.00010000381297523106,0.010066619639000627,-4.999967079426577
48,0.00010001560503540674,0.01007432778467342,-4.9999674876038736
48,0.00010001026150891696,0.010067907082606251,-4.999966753142051
48,0.00010000544153331268,0.010063895125287796,-4.999962973931864
48,0.00010001557450937574,0.010064849491227287,-4.9999513283241495
48,0.00010001537602400846,0.01006437556548717,-4.999954515072864
48,0.00010001665166513011,0.010069412370737947,-4.999966736883066
48,0.00010001609556656342,0.010070146210574242,-4.999966106491611
48,0.00010001026150891696,0.010078367287494106,-4.999966777930913
48,0.00010001537602400846,0.01006498117374331,-4.999956936367772
48,0.00010001537602400846,0.010068886307760018,-4.9999658245039456
49,0.00010000149309981386,0.16647242335669288,-2.049246567469373
49,0.00010007769738377135,0.25807810235565504,-2.202985424103159
49,0.00010000331808840197,0.22124502646089475,-2.1708995448421327
49,0.00010000847444782438,0.11800560782209728,-2.040435519350656
49,0.00010000157079673562,0.41072318413963055,-2.29509579370671
49,0.00010000214182322066,0.4756727098450392,-2.3868952448365093
49,0.00010000137090453466,0.01005058425079905,-1.9074556856426568
49,0.00010001006014821102,0.25208018810295046,-2.185623946306438
49,0.00010000123601666951,0.5780809720233165,-2.479408356001214
49,0.00010001031637514102,0.23506152521518384,-2.151510619024214
49,0.00010000348768492471,0.18750274698553498,-2.0573770163999496
49,0.00010128752270732308,0.05465371475315031,-1.9671278099908258
49,0.00010001640816386715,0.010017454670833835,-1.9265657512240284
49,0.00010005473002627764,0.01000057352172424,-1.8767429643397777
49,3.971481851362709,0.0696964787034766,-1.995612941132904
50,0.00010000637587047781,0.18691967897939532,-1.7678431605033365
50,0.00010001537084822296,0.16039994878923686,-1.6778777106838811
50,0.00010001556294178066,0.07718841298031041,-1.5546309457811267
50,0.00010000243536581467,0.13710702814612466,-1.6458803343163495
50,0.00010000120792340032,0.24615754767649178,-1.7109297997670787
50,0.00010000229263426255,0.6245610642938103,-2.0967701501310656
50,0.00010000990738826817,0.38974644306495343,-1.914450326387516
50,0.00010000107580676205,0.5679102841494437,-2.0507457179263198
50,0.00010000028823236678,0.04071268028945447,-1.5507423249892343
50,0.0001000161008836824,0.3206071476999016,-1.8733314654790418
50,0.00010001669224561887,0.14703209559067087,-1.6490922830742012
50,0.00015960801377939274,0.010065445891738377,-1.515219076994563
50,0.00010000050252892424,0.1464682253093839,-1.6402086362355444
50,0.00010000451601542684,0.10021424951674957,-1.5706377505633582
50,0.00010001475505668687,0.01006072087649431,-1.4757485529424699
51,0.0001000083314013068,0.010059778062390851,-3.9175001229454556
51,0.0001000035278163363,0.1698488495369885,-3.9763069329063123
51,0.00010000544078520951,0.2606269567711743,-4.238147972357517
51,0.00015960801377939274,0.010065445891738377,-3.9432479944618697
51,0.00015960801377939274,0.010065445891738377,-3.8764495885645944
51,0.00015960801377939114,0.5475263012802354,-4.571281706629241
51,0.00010000637587047781,0.07194028404625168,-3.987659912761236
51,0.00010001031637514097,0.052076716135355285,-4.03823242832371
51,0.00010001334688198293,0.3377736072158629,-4.402834563661172
51,0.00010001669224561887,0.1370552549899073,-4.040270267246871
51,0.00010000216192678884,0.010048552575595945,-4.035893137711492
51,0.00010001669224561889,0.134173620367453,-4.092374606385568
51,0.00010001562486157116,0.16218020435375688,-4.289179361071658
51,0.00010000637587047781,0.5278788457564366,-4.447410481837001
51,0.00010000341263158917,0.1987224435056526,-4.164265549144117
52,0.00010001610832181368,0.39621062203938484,-4.7267352650730485
52,0.00010001026150891696,0.1702262023064114,-4.555472233891925
52,2.6135076368841563,0.5970891634210976,-4.89890937721736
52,7.726546624038338,0.4243950466776651,-4.728753558360596
52,0.0001596080137793443,0.31498573014988485,-4.5268110861690465
52,0.00010001026150891694,0.010054510483416181,-4.194181100378636
52,1.768470790351173,0.5556861512338018,-4.854513789770075
52,0.00010000371739636303,0.2301993149183663,-4.31465393082789
52,0.0001596080137797884,0.10440784545567845,-4.228892266178986
52,9.999999998641648,0.19726897512869732,-4.483190170036442
52,2.8975454943483316,0.46430359153913553,-4.6723674616584185
52,2.170177406332816,0.6442617713700999,-4.909722080118456
52,1.6699972636146496,0.5890042081591421,-4.857572449159549
52,1.172222939479028,0.7492012207702533,-4.823800050026678
52,9.82846672465435,0.1264779169566406,-4.243161388520788
53,0.00010000329263230763,0.26365693105211285,-1.9480417332790794
53,0.00010000142245037815,0.23981866056373255,-1.981185094320029
53,0.00010000821257538585,0.2787054811467994,-2.124198484374491
53,0.00010001537084822296,0.05264534370832907,-1.8462598999483828
53,0.00010000498407145773,0.010052257598329247,-1.8771634283809504
53,0.00010000198342758788,0.011195476301296836,-1.8614868094161618
53,0.0001000028012797518,0.2999390658362418,-2.1330343291794684
53,0.00010000203228243466,0.010026063390152471,-1.8040017250403915
53,0.00010000330582154976,0.24186205705278654,-2.05977962606505
53,0.00010000146479142682,0.30268151927803144,-2.0857450430573143
53,0.00010000065715460972,0.010063809500069345,-1.7859798486807839
53,0.00010000081588050933,0.16879540970302812,-1.973672210780406
53,0.00010000021959679853,0.5034492437711144,-2.282122454421996
53,0.00015960801377939274,0.010065445891738377,-1.7694782225726826
53,0.00010000862129312939,0.41983496940106024,-2.1525343778634936
54,0.00010000079906483342,0.3287769843207493,-3.009244102436209
54,0.00010000303316674904,0.23111356511292042,-2.978980070248605
54,0.0001000165370442954,0.010065303995968089,-2.640469526856189
54,0.00010001308868540481,0.15806144678746964,-2.845087713531603
54,0.00010000014664910347,0.5268877558193579,-3.1673593156873454
54,0.00010000158589885594,0.19138639111736555,-2.806288748144755
54,0.00010000243536581467,0.1530674612363425,-2.7853252053156754
54,0.00010000305533099959,0.010066631958370128,-2.668737996860454
54,0.00010000473171122002,0.010063578620641937,-2.6944529740339163
54,0.00010001086922633624,0.4735828490274298,-3.0949350335225883
54,0.00010000140041823891,0.3585913522317234,-3.0264224734242413
54,0.00010000185017845653,0.9507241268140671,-3.555345037110326
54,0.00010000148832256978,0.0406653735135754,-2.6682293674303716
54,0.0001000014043664788,0.31631765120164823,-3.0073864606363583
54,0.00010000071587326092,0.11142921756342468,-2.7729836220923727
55,0.00015960801377956635,0.08434071845140538,-4.489170303996837
55,0.00010001031637514102,0.010067465585316824,-4.177679259326784
55,0.0001596080137797884,0.018500332416009038,-4.3257714012039505
55,0.00010001602204447944,0.17766773436598843,-4.427580990315948
55,0.00010000145853702598,0.1821943770274063,-4.373607282051619
55,0.00010001537602400846,0.12153793443076531,-4.398007598365025
55,0.00010000076171789463,0.20982547843557917,-4.409460043137658
55,9.999999984629152,0.34396307816276195,-4.952847223541916
55,0.00010000023963873485,0.13404228172986832,-4.413871992313968
55,0.00010001025864781306,0.4077767829480474,-4.827062184034721
55,0.00010001537602400846,0.17887620971571047,-4.646472733596499
55,0.00010001540441176781,0.15195011193483593,-4.58792317380526
55,0.0001596080137797884,0.05809385490452211,-4.549677812370756
55,0.0001596080137793443,0.04543745320257116,-4.400930460832521
55,0.00010001537602400846,0.17529780130376196,-4.720934830212513
56,0.00010001241669523254,0.015688402541025305,-2.723165620484011
56,0.00015960801377939274,0.010065445891738377,-2.744700014097346
56,0.00010000011653194222,0.3902297562576378,-3.106663872167377
56,0.00010000104415174943,0.3374064403565263,-3.0407574414338647
56,0.00010001669224561882,0.21678030503055462,-2.963433406262556
56,0.00010000307930163661,0.3002573015549534,-3.0221681572139225
56,0.00010000087571613236,0.1487405170011767,-2.8911149044761904
56,7.521061906490863,0.720187139012479,-3.5213837627908595
56,0.00010001669224561889,0.010065366650943935,-2.6891403566318726
56,0.00010000386757173495,0.14953349194102503,-2.8908222554443452
56,0.00010001669224561893,0.1489121243898064,-2.8939290710546426
56,0.00010000025437145454,0.4832871995952193,-3.1680742571424214
56,0.00010000057491188235,0.010065198883408275,-2.707792864709232
56,9.999999999998286,0.6267103276687466,-3.363017623746111
56,0.00010001537084822291,0.07181398847576059,-2.768743562966408
57,0.00010001387708413514,0.24576825756960619,-4.651415056564239
57,0.00010001548356938268,0.5623205249687804,-4.9677808448206
57,0.00010000124955946999,0.10282955155182665,-4.755907138409222
57,0.00010001669224561887,0.12489494118592111,-4.705614757448941
57,0.00010001583359548768,0.19931907241174937,-4.6608990317474195
57,0.00010000373201792044,0.10526169453365956,-4.662824266317437
57,0.00010000178412429342,0.3100312735334453,-4.877977603995976
57,0.0001000166922456189,0.3895717380557447,-4.981942868533978
57,0.00010000313932493149,0.30220645573889243,-4.860027605085089
57,0.000100010258647813,0.4189849399353727,-4.924983489564591
57,0.00010000150513884851,0.34280985357791943,-4.851446654121861
57,0.00010000269775740235,0.2785982979402344,-4.741938918171666
57,0.00010001025864781306,0.1417961842146156,-4.5037094229150085
57,0.0001000004634226028,0.28553104761154346,-4.855090238925264
57,0.00010000081100970378,0.39763385874356194,-4.964046614126113
58,0.00010000180980846348,0.2836085785284704,-2.3363777882585324
58,0.00010000282925424478,0.43998527586713043,-2.5228839726908197
58,0.00010001026150891696,0.047492206181494974,-2.1957615670773527
58,0.00010000325887251523,0.5311605036528018,-2.728108284030313
58,0.00010000756013077333,0.1795720189726729,-2.3456899086574787
58,0.00010000331242743647,0.716107068926005,-2.8846072754226992
58,0.00010001345762366708,0.011672261167169705,-2.227218918775964
58,0.0001000017243080454,0.7126774169729808,-2.9726771619980394
58,0.00010001669224561882,0.1005966074266082,-2.4653332020724577
58,0.00010001537084822296,0.2284342106022439,-2.5168058404771214
58,0.00010001579824009956,0.010071713167250687,-2.298420499335668
58,0.00010001537084822291,0.2506632008707896,-2.504429686513686
58,0.00010000054674541288,0.3813439843273385,-2.643618978007721
58,0.00010000048413634686,0.32799849072086035,-2.573325174113847
58,0.00010000176007583575,0.4853860446337745,-2.8159888983443775
59,4.41037468773506,0.8300630025657983,-4.34575614783458
59,5.687174873012201,0.6073433124558529,-4.167987666235055
59,6.5851042728085885,0.5870049613140951,-4.17385351141072
59,2.503853615575525,0.8893974772499185,-4.458224296201685
59,4.606787730731889,0.7065770372140167,-4.305692918662523
59,9.99999999193104,0.4491825245404293,-4.029423857171287
59,9.477613311819137,0.4548496951222858,-4.032014656100336
59,3.5166599959972396,0.77322816260224,-4.340070946493877
59,9.999998076306426,0.4385731945208347,-4.0605274212613125
59,9.999999997708581,0.19677916457992772,-3.8089335507380073
59,2.4749363584060724,0.8748794155004384,-4.43681867897094
59,6.0047147497891675,0.505612419931735,-4.08855544366875
59,7.513707841799365,0.566545186129464,-4.134521040561876
59,9.999999974684853,0.21315127789491325,-3.769345011515915
59,9.999999994228942,0.37749005709481404,-3.9539882008740466
60,0.00010001566379783014,0.010069822093041355,-4.980357744420807
60,0.00010001669224561887,0.01006699684913194,-4.999948223599422
60,0.00010001031637514102,0.010065325568955796,-4.999937033456589
60,0.00010000946132988643,0.010068088858682113,-4.959998203684695
60,0.00010001631589073861,0.06324963001496094,-4.899017566005769
60,0.00010001272290044602,0.04221259720333198,-4.872110823365457
60,0.00010000243536581468,0.010064957399811858,-4.99993436411476
60,0.00010001031637514105,0.010069470987904592,-4.999966859541266
60,0.00010001669224561887,0.010065141675911863,-4.999953592416804
60,0.00010001011799751767,0.010064116509834728,-4.839433513493492
60,0.00010001026150891698,0.010064832511097995,-4.999940657615672
60,0.00010001031637514102,0.010067486324409233,-4.999964531546189
60,0.00015298568497349604,0.010000003395887138,-4.999938697583972
60,0.00010001537602400846,0.010065198901796881,-4.99992155884807
60,0.00010001026150891694,0.010074547633488846,-4.99995085333046
61,0.00010001128515526063,0.010068907306644843,-4.74486690867304
61,0.00010000426317319371,0.010066976563309911,-4.950965099547791
61,0.00010001504348668714,0.02589255228290609,-4.750456755012441
61,0.00010000243536581468,0.010063813959032783,-4.788746645792799
61,0.00010000973506347313,0.35640007500337423,-4.92865490414331
61,0.00010000243536581467,0.20637296050011603,-4.949926983251226
61,0.00010000292682172163,0.4797516798456126,-4.943721649980005
61,0.00010001669224561887,0.010065138984339136,-4.8783853872468
61,0.00018424029812996593,0.010039361924909326,-4.867271765519927
61,0.00010000294110973158,0.010024537993108845,-4.9719339292662
61,0.000100010316375141,0.20498108899809445,-4.986898628536775
61,0.00010000130716183994,0.0100603356762298,-4.978009566145974
61,0.0001000069588953404,0.01006826650566389,-4.9936310461689635
61,0.00010000340403700783,0.010065059969779829,-4.969221270842415
61,0.00010001608134461576,0.010064886384319663,-4.926413976101988
62,9.999999989738491,0.010070439577518624,-4.999966966599203
62,9.999999996748501,0.010067639886429183,-4.999966461512665
62,9.99996564765715,0.010055945397508271,-4.9999999993482565
62,9.999999984623976,0.010064570243894923,-4.9999540509309375
62,9.999999994764288,0.010068775785275905,-4.999967033266574
62,9.999999984623976,0.010065053798092957,-4.999956678670858
62,0.00010000004753793108,0.010061090472546708,-4.9999911301888895
62,9.99999999646818,0.010065336168876962,-4.999963375984725
62,9.999999984623976,0.010064657156835244,-4.999954492983318
62,9.999999983713431,0.010064945163217645,-4.999962649825991
62,9.999999984623976,0.010064223009717384,-4.99995873328938
62,9.999999999366434,0.010056754167249984,-4.999977483849147
62,9.999999989683625,0.010064921717077334,-4.999963924110818
62,9.99999999362413,0.010060631624107143,-4.999961857205283
62,9.99999999362413,0.010067907781217359,-4.999967209772958
63,0.00010001025864781306,0.25037296168686046,-2.614200457285179
63,0.0001000054137134591,0.010062438499989237,-2.2714296461506644
63,0.00010001031637514104,0.010065428331247635,-2.2251337984810564
63,0.00010000211264318742,0.015240550129274255,-2.251117186558698
63,0.00010000243536581467,0.0306959675089967,-2.336221087823645
63,0.00010001669224561887,0.214062166975102,-2.4803584656355584
63,0.00010001573927389022,0.1766003771680517,-2.5599926509735065
63,0.00010000259482232584,0.2817377450741382,-2.5738149104088324
63,0.00010001391007566878,0.010057306990388764,-2.331067675707381
63,0.00010000060807561917,0.394106344742045,-2.746676454629519
63,0.00010000150513884852,0.21272958977530607,-2.484951042575293
63,0.00015960801377939274,0.010065445891738377,-2.402278228457771
63,0.000100010316375141,0.07358153124814386,-2.424524949607812
63,9.407445292386901,0.010000000044841098,-2.405562296902627
63,0.000100010258647813,0.044985434936032624,-2.3759952171199963
64,9.99999999999933,0.29094981391485286,-3.8098030140055097
64,9.711241356463894,0.358323526461017,-3.8003882247596477
64,4.843317503293872,0.47396652873030864,-3.989480628829604
64,0.00010001635397563404,0.842052377634441,-4.279106146306794
64,2.7939578312982207,0.586838325758735,-4.0240885444492935
64,9.869512036981995,0.3132785586824104,-3.7559233787446877
64,9.904604389685183,0.3253467868627422,-3.8262344281595975
64,9.998489237354319,0.3586609930596871,-3.9754289834637624
64,9.999999989110302,0.3292413359710022,-3.8692045305872362
64,2.6572902257092776,0.7835930495139811,-4.629598274861527
64,1.523163530291378,0.7924181589278355,-4.325193689936479
64,9.029441403668871,0.3554254579695546,-3.929877690415591
64,1.305334640164836,0.9298309183333529,-4.49375178478997
64,8.106335463931519,0.38828352695471313,-3.8952076290162165
64,6.338418254193507,0.409543357656121,-3.953088451940159
65,0.00010000125670680778,0.010038149423520135,-1.9188373164061752
65,9.999999700469804,0.03229208594331753,-2.1863237899809307
65,0.00010000061906567557,0.029596994531866566,-1.9445165374793585
65,0.00010000243536581467,0.25346976101836644,-2.291419108004392
65,0.00010000243536581467,0.47673676465747017,-2.4999470006209648
65,6.92201703366327,0.01000000000186743,-2.0195900748477498
65,0.00010001026150891696,0.010064942632514806,-1.9638713444497387
65,0.00027492202793179667,0.010000880503674122,-1.9935116863768125
65,0.00010000166552545627,0.19526836433356923,-2.151577355563055
65,0.00015960801377939274,0.010065445891738377,-1.9383544390103125
65,0.00010000098666627588,0.07383988889434165,-2.0025985452788766
65,0.00010000990719922617,0.3606067884512759,-2.313015814603046
65,0.00010000085033602725,0.06842413157097968,-2.037857129620476
65,0.00010001669224561885,0.5677293794042763,-2.4815439106046218
65,0.00010000031441421,0.5240317680278065,-2.4270277399142097
66,0.00010000637587047781,0.07510076377522214,-3.3448342511155302
66,0.00010000000090132816,0.11482677265467599,-3.251143803231316
66,0.00015960801377939982,0.15880317298382685,-3.3787796676547015
66,0.00010000544058357959,0.024307648488180282,-2.816617173578415
66,0.0001596080137797884,0.04662218772554347,-3.033959177078851
66,0.00010000153797000628,0.6049160862756385,-3.9141703040948763
66,0.0002370304510576974,0.010003972625206263,-2.988947745843494
66,0.00010000252094322875,0.010008979831240671,-2.7277083832403863
66,0.00010000294000405743,0.2498954644587578,-3.1793701301708106
66,0.00010001669224561887,0.1407090272677865,-2.9361329035636743
66,0.00010001025864781306,0.08038888241151054,-2.8012318204649107
66,0.0001000007803813573,0.024450794827537644,-2.8361192409688356
66,0.0002596352767630095,0.010000000082284135,-2.811962243635016
66,0.00010000056432753042,0.24048025017700086,-3.264277153391415
66,0.00010000031263827159,0.18645073126475595,-3.1493808929169047
67,9.999999983307754,0.010064887421656999,-4.999958902335563
67,9.999999998649892,0.010058867545374191,-4.999973963092788
67,9.999999984623976,0.01006468804305085,-4.999958059472674
67,0.0007954120201201103,0.010035135041938228,-4.999999999195162
67,9.999999993463325,0.010071805087074689,-4.999965913777032
67,9.999989157840746,0.010062124346497853,-4.999999999313354
67,9.999999989683625,0.010072532163530127,-4.9999672635691095
67,9.999999996059495,0.010064829220606369,-4.999965523090752
67,9.999999984623976,0.010064648965555032,-4.999957202546301
67,9.999999984623976,0.010081192912078174,-4.999966365662459
67,9.999999996059495,0.010062126702623181,-4.999965044669063
67,9.999999984623976,0.010077315827070108,-4.999966611163256
67,9.9999999999991,0.010059757766840267,-4.9999671555815635
67,9.99999998380659,0.01006900580277802,-4.999965923973631
67,9.999999984623976,0.010085920742666664,-4.999966133646231
68,0.00010000005064778839,0.3448293107649528,-2.2975934928073873
68,0.0001000015605303335,0.3781642683724221,-2.3488107117397155
68,0.0001000104780820711,0.01006260671460557,-1.9803383920002016
68,0.00010000342916103539,0.021377036651335297,-2.0289790787211857
68,0.00010001669224561893,0.13515021634021704,-2.1405246133095646
68,0.0001000102444988948,0.01005858590828582,-1.9572840630205237
68,0.00010000342674991715,0.05794165191034595,-2.2039351303914736
68,0.00010000840851028591,0.010056672714071539,-2.0708258123382053
68,0.00010000150513884851,0.2626426214042485,-2.4193645791342244
68,0.00015780094285635488,0.010065294633750806,-2.0599327758937793
68,0.00010001599954626288,0.09625398435377244,-2.1205313008476834
68,0.00010000300600510707,0.010065304646259021,-1.9884536399547064
68,0.00010000277145328695,0.547966858867843,-2.504956196755514
68,0.00010000312878620478,0.3066176267077525,-2.38187680982857
68,3.819721915899926,0.39311331455638854,-2.4433159411619605
69,9.999999933086059,0.013311078855455245,-4.961232897087409
69,0.00010000394050466317,0.16104707918945552,-4.634950096405645
69,0.00010001669224561887,0.09080024634124516,-4.591960017249776
69,0.00010000124227912244,0.036068662089748814,-4.714737589223543
69,0.00010000394050466317,0.010065590221670797,-4.734908455424959
69,0.00010001031637514104,0.14576110515907809,-4.798624411173336
69,0.00010000637587047784,0.17078159867273449,-4.839678104983841
69,0.00010000150513884851,0.22968703120078865,-4.760691058950136
69,0.00010000003211202646,0.06849277168164797,-4.846751558202991
69,9.992429266527912,0.3632036780220082,-4.99990052960404
69,0.00010001639420801462,0.1968934250633298,-4.802126905668888
69,9.99994039198622,0.3329773655934877,-4.980968305607772
69,0.00010000023151363654,0.25200233827110546,-4.9959540346882525
69,0.00010004370086637879,0.17763261000296907,-4.926540891278145
69,0.00010001031637514102,0.15183054411804073,-4.939199834303946
70,5.2950255327056395,0.7756751616273547,-3.8823359036373533
70,8.090615035897425,0.6250515501006633,-3.7392903388138983
70,6.698439155431483,0.749884414723064,-3.935634760775045
70,5.2357025314918735,0.8219981071412091,-4.024008741264851
70,3.6066179148417303,0.8987238345245792,-4.003917890398419
70,9.909347935346032,0.5503336957945109,-3.693539775839473
70,3.4280725220541672,0.9999999999999851,-4.154429360838553
70,9.999999999732118,0.4117418693016528,-3.4956166757965375
70,7.81442571394271,0.6070472932092442,-3.755708936257228
70,3.837295846396716,0.919801713001823,-4.065112576914576
70,4.020304889345228,0.8494455473892623,-3.935710521734087
70,8.82982388440688,0.5676554144380666,-3.6413828145638116
70,7.647447658813217,0.6218808818886902,-3.7041361753946074
70,6.373238536801103,0.6898001852151497,-3.7754788223311833
70,9.999999977118797,0.2529602172140442,-3.3617043019726336
71,0.00015960801377939274,0.010065445891738377,-2.587914979538724
71,0.0004691508897564216,0.5933584996860342,-3.2124002956976905
71,0.00015960801377939982,0.023945965174858693,-2.6161271395312924
71,0.00010000162041150632,0.1456115060637076,-2.70849798204051
71,0.00010000021794182263,0.3708987966939718,-3.0030690091254133
71,9.063959177149412,0.010000000002001961,-2.6668726943468894
71,0.00010000000090132816,0.8328112195849625,-3.597235352773489
71,0.00010000299983597265,0.37482660278308483,-3.155373654200777
71,0.00010000265273469538,0.02155948117094473,-2.8337827178910944
71,0.00010001006518448269,0.01006206760322281,-2.7313640690465966
71,0.00010000244481131732,0.010062175572916629,-2.687726376051948
71,0.00010001900364321628,0.010063491783178257,-2.7594743107012087
71,9.027862034548662,0.010000000032156417,-2.7168252198318874
71,0.0001000085248702754,0.168817739694618,-2.984958318742054
71,0.00010000020231741444,0.21688977907814894,-2.8759452284555524
72,0.00010000154752264401,0.33909644045740817,-2.5713191650429237
72,0.00010000289393851061,0.025024480112890084,-2.266336778642503
72,0.00011037905411397972,0.010000001773446612,-2.4210235348142173
72,0.0001000004137112804,0.19731098921584275,-2.3422995955766104
72,0.00010000379140280167,0.5449941181825291,-2.6743170889936603
72,0.00010001026150891696,0.01006533301225168,-2.125726309156409
72,0.00010000126392137334,0.01986278887962613,-2.277533993623747
72,4.162079299123715,0.010000000014890624,-2.2791711451673655
72,0.00010000047877188621,0.29578681619587155,-2.673517613512554
72,4.498051052220347,0.010000000010634896,-2.318064305720798
72,0.0001000021015248124,0.6190746712335724,-3.000655812897751
72,0.00010000038795515118,0.268970021338927,-2.4809836095442854
72,0.00010000308032814152,0.23865026205123682,-2.6459902954331174
72,0.00010000658716209418,0.010063976698310708,-2.3762873606004327
72,0.00017432021424128077,0.01000195032987713,-2.406767960353548
73,0.00010000541007964739,0.13273308641788473,-2.822169317444013
73,0.00010000201102716481,0.010052436556621825,-2.75822863378769
73,0.00010001669224561889,0.17220986910950736,-2.952541260177701
73,0.0001000034489532916,0.15454376067957998,-2.8994300592292586
73,0.00010000125264055279,0.27667235224001274,-3.061327376490403
73,0.00010000243536581468,0.16076087769396555,-2.9287567691225016
73,0.00010001302562857048,0.010062709971761244,-2.95275405072284
73,0.0001000004528359228,0.010062168953024087,-2.731545633725135
73,0.00010000397163285055,0.013569418547938526,-2.7428612193292
73,0.00010001669224561889,0.1599006011848359,-2.899764613802786
73,0.00015960801377939274,0.010065445891738377,-2.827507011850152
73,0.00010000288391119529,0.29384978265614736,-3.0948116908460563
73,0.00010000196771699759,0.15902701619931456,-3.06019298212352
73,0.00010000832268508496,0.010049286635210812,-2.7222519567182437
73,0.00010000263360849592,0.6161835148741315,-3.442986759237727
74,0.00010000079576499355,0.0100619537182956,-2.586744947277074
74,0.0001000037757965365,0.3010044637481671,-3.161348057434952
74,0.00010000099667228902,0.47953858497853724,-3.349829636451799
74,0.00010000169938372345,0.08820710727951855,-2.9417540424979096
74,0.00010000247031146658,0.48518763307264295,-3.363155003098809
74,0.00015960801377939271,0.010065445891738377,-2.910798072089467
74,0.00010001388630484178,0.01006268002269943,-2.924470135455913
74,0.00010001025864781306,0.18934732436220456,-2.977562261038927
74,0.00010000243536581467,0.14153653314193995,-2.943009472645686
74,0.0001596055274961101,0.01006400415401147,-2.7635461103578467
74,0.0001000058529652734,0.28799728417157916,-3.0450652618432223
74,0.00010000132919246404,0.052637231372388855,-2.877038432594228
74,0.00010000150513884851,0.010065131242675879,-2.792895768909904
74,0.00010001542109850646,0.01006542069896415,-2.835384932366657
74,0.00010000087692272887,0.4001732753741319,-3.1598508037962767
75,0.0001000000011206721,0.07640465412590222,-3.9989279764551124
75,0.00010000226501883909,0.18021832304822508,-4.191792505251287
75,0.00010001031637514102,0.0575042357211586,-3.531104960606362
75,0.0001596080137793443,0.03718317875070832,-4.1050010724291806
75,0.00010001537084822296,0.10310888674446156,-4.304032240701964
75,0.00015960801377956635,0.07013688213436402,-4.389939157444627
75,0.0001000004214515168,0.01006217247676404,-4.232387890914124
75,0.00010001633431910471,0.3529249345777675,-4.48704959271263
75,0.00010001545316945808,0.33320813792340415,-4.479753073410073
75,0.0001596080137797884,0.07024953248269561,-4.674125100263706
75,0.00010000419307085667,0.4337888331979894,-4.5733425688347795
75,0.00010000276823570309,0.23888380062464748,-4.670380420940405
75,0.00010000637587047781,0.3241267463319531,-4.869342556291673
75,0.0001596080137797884,0.06809773348491108,-4.39887795736751
75,0.00010000148860884745,0.1932651043089225,-4.385020826729641
76,0.00010001669224561887,0.010065422267402408,-2.0583382335826754
76,3.7655124848229056,0.010000000082265346,-2.0121159246396276
76,0.00027528075053302736,0.010000806652288249,-1.991716133202974
76,0.00010001669224561893,0.36802651611874115,-2.3691303055114212
76,0.00015780000172938566,0.010000002413551779,-2.0023404427275153
76,0.00010001537084822296,0.013601531092109462,-2.0593441430649495
76,9.999999999990004,0.010047922179718545,-2.0434059462633956
76,0.00010000223709733067,0.05713318054825505,-2.10073072799558
76,0.0002661928473384399,0.010001049445636798,-2.077072027190986
76,0.00010000150513884851,0.21014800528642955,-2.262743801611754
76,0.00010001031637514102,0.010065379355534677,-1.9310643081616696
76,0.00010000427708753358,0.38673091228710704,-2.365700433966912
76,0.00010000239012272243,0.6775414860822547,-2.6587328713568055
76,0.00010000356168752051,0.01006470518694473,-1.9766252145779941
76,0.0001000139216895684,0.010061265191664066,-2.030276613776228
77,0.0002004218866348293,0.010000755530600383,-1.6529311295919893
77,7.583810182866966,0.010000000069737575,-1.730331174622189
77,0.00010000240274869336,0.18065579243449648,-1.8872994856031917
77,0.00010000200008971174,0.41034656655417856,-2.090990875829349
77,0.00015960801377939274,0.010065445891738377,-1.7028782321205587
77,0.00015960801377939274,0.010065445891738377,-1.6238594449614794
77,0.00010001025864781306,0.027396535646445286,-1.7232188221184632
77,0.00015960801377939274,0.010065445891738377,-1.678606772821729
77,0.00010001549369606771,0.08488678071749457,-1.7520433931984956
77,0.00010000169699515214,0.4002525455891358,-2.079507679757578
77,0.00010000264103302787,0.30499842361400614,-1.9191587088491096
77,0.0001000032864458018,0.010057111431570188,-1.6398651959857315
77,0.00010000150513884851,0.47235455976625473,-2.232854780125528
77,0.00027005794815797816,0.01000036196792975,-1.6218706871697532
77,0.0002873584356151814,0.010000977480733406,-1.66556413889522
78,0.00028853766948125847,0.010000232763543159,-2.388885283603624
78,0.00010000186041580099,0.3915266296181621,-2.9103794171263284
78,0.00010001093415204965,0.01006489720187431,-2.6510714341632284
78,0.00010001031637514102,0.08472542173048692,-2.549006790664683
78,0.00024751890754337125,0.010000761939864926,-2.4835118428307887
78,0.00010000637587047781,0.06256828700628145,-2.702785001883623
78,0.00010000336760538551,0.010064297871243685,-2.485625441328611
78,0.00010001031637514102,0.010065305605577932,-2.4277064315187435
78,0.00010000152257041245,0.14986885495466254,-2.5433697349124307
78,0.00010000226296771897,0.5638354521821375,-3.0145497239325154
78,0.00010001669224561889,0.010065426752281083,-2.4393870246131026
78,0.00010000376437353003,0.05524728997300043,-2.5368686354496983
78,0.00010001723177686467,0.010062989997431293,-2.4823373140392255
78,0.0001000125635085049,0.010059858456574021,-2.358573400581476
78,0.00010001537084822291,0.23121246900721734,-2.67643193310791
79,0.00010000379815375504,0.4265497631321513,-3.0260691155488213
79,0.00010001669224561887,0.09819663351303257,-2.7515055510915905
79,0.00010001537084822296,0.146229867411737,-2.739163602734455
79,0.00010000243536581467,0.22303388342193411,-2.8636396427893733
79,0.00010000129811015307,0.15546758520790618,-2.7998192754904676
79,0.00010001647212217374,0.35498506749894176,-2.9983569479974137
79,0.00010000057491188235,0.18729143671298007,-2.803421747335021
79,0.00010000156845952042,0.9283388060870408,-3.5144535565966515
79,0.00015960801377939274,0.010069994487181658,-2.719093610533287
79,0.00010001031637514102,0.22629686791478795,-2.869362020640986
79,0.00010000150513884851,0.021756843850242045,-2.7230331449605356
79,1.6739374668658724,0.6920881003172328,-3.348319682034919
79,0.00015960801377939274,0.010072560341941662,-2.6187416337040466
79,0.00010000236303020001,0.5540620375548728,-3.163922846257892
79,0.00010000173194394874,0.26058031850407026,-2.705784298819062
80,6.136543346605638,0.4436497884819784,-2.629950807589801
80,2.3916265825846974,0.4282586714304671,-2.524292610773028
80,9.999954428042034,0.2137600123940931,-2.2522617789680277
80,1.4685917943807452,0.5877260070704164,-2.63633522080589
80,0.00010000268629487635,0.5963120913311685,-2.7436787561804334
80,9.416505657204526,0.2246080928127594,-2.2744731607150652
80,9.999999999999266,0.18348143195677757,-2.2281484285954827
80,8.685928064369998,0.34234633312626106,-2.4273063381401
80,9.999999999982537,0.19699736108146967,-2.2582306738353655
80,2.139002456975546,0.5345897414034456,-2.668007651990622
80,9.999999999998629,0.19633714731298135,-2.1581253521717
80,3.078935699509267,0.3734901524720124,-2.3844440457611027
80,7.804008522959726,0.23841566101425596,-2.290855420252019
80,4.068364519635843,0.3612363286863322,-2.4640474221361104
80,6.516969036861657,0.3204145707972104,-2.4580735105643927
81,0.00010000243536581467,0.010062557344983352,-1.9059541474170536
81,0.0001000159460035465,0.23611545237367812,-2.2786361806802535
81,0.0001000007412907607,0.010051031029942705,-1.9994048703225786
81,6.233633639994426,0.010000077634619187,-1.61747755076684
81,0.00010000124789815622,0.01006468235920427,-1.9835589558824374
81,0.00010000637587047781,0.12345180729646404,-2.159556215336914
81,0.00010000045766364097,0.5055204598157552,-2.4667316973591804
81,0.00010000243536581467,0.23093592355410178,-2.2536181494452916
81,0.00010001020997983865,0.010068836309704003,-1.9939375966938662
81,0.00010001219680353713,0.12385413606972467,-2.1675441577976087
81,0.00010000150644216912,0.7532306664710195,-2.8064294293639063
81,0.00010001374074332202,0.1371802231293671,-2.1660678270388343
81,0.000100010258647813,0.1880307000861509,-2.1874641786922604
81,0.00010000290442314455,0.25467486808677303,-2.2785402911406294
81,0.00015960801377939274,0.010065445891738377,-2.016029381204508
82,0.00010000150513884851,0.05205766559471716,-1.8609705992665664
82,0.00010001618266819722,0.08320861404518394,-1.921856716366081
82,0.00010000170080604859,0.1739827119831599,-2.014336760540016
82,0.00010001537602400846,0.03181163025106718,-1.8737760212814014
82,0.00010000210417058532,0.2890322451028403,-2.1205263183972307
82,0.00010001537084822296,0.2134987874665137,-2.0332062775294073
82,0.000100010316375141,0.17386967164540665,-2.000543279680788
82,0.00010001537084822296,0.25515229744430373,-2.0990963559176343
82,0.00010001385215089236,0.23418775282624152,-2.0707382402321706
82,0.00010001537084822296,0.07690330482221108,-1.91955450780604
82,0.00010000637587047781,0.18937548306460764,-2.009892731098196
82,0.00010001025864781306,0.3992751250633717,-2.243215028462342
82,0.00010000287025504508,0.32640312173086156,-2.140177974613782
82,0.0001000069440493135,0.26376413842680796,-2.104312168107922
82,0.00010001537084822296,0.23305249107526033,-2.097907139029206
83,0.0001000000688558737,0.27090665862789287,-2.17580040680465
83,0.00010001198589046047,0.010062136297106838,-2.079501178304444
83,0.00010000129756086933,0.2649358654849597,-2.301787797328925
83,0.00010000000007621703,0.44069629740759025,-2.470565923068953
83,0.0001000000453519878,0.33955635259004624,-2.3701924124457414
83,0.00015960801377939274,0.010065445891738377,-2.010521758198698
83,0.00010000343304360321,0.12991381077012845,-2.08986249461314
83,0.00015960801377939274,0.010065445891738377,-1.9198583966320744
83,4.019178625420182,0.010000000165849074,-1.981733102394503
83,0.000100000731891835,0.3479762846663773,-2.2954810339348684
83,0.00010000162768944794,0.30098427461391636,-2.2544604255443947
83,0.00010000102386622644,0.22426679075795083,-2.180015099266005
83,0.00010000637587047787,0.010065090988372896,-1.9770053261180025
83,0.00010000186827142539,0.010060922828636666,-1.904976755253618
83,0.00010001537084822296,0.07776736978558638,-2.039584823119562
84,0.00010000084484240576,0.1412444214150971,-1.8171632435316818
84,0.00010000350537717068,0.28560705875555087,-2.5027903932206974
84,0.00010000918419425864,0.41299326509357037,-2.67105544232929
84,0.00010000172532809569,0.13370271884454119,-2.412561558562097
84,0.00010000233638663885,0.5775392528387359,-2.815003037851235
84,0.00010001026150891694,0.010064667456889114,-2.2241266111869957
84,0.00010000531794437371,0.010065433168441804,-2.2393647471471754
84,0.0001000020935012099,0.9917253068505112,-3.1825624635842407
84,0.00010001557876626865,0.02614914108923221,-2.2603159403450426
84,0.00010001655635856292,0.1119174550395783,-2.3618265131227214
84,0.00010000394050466315,0.12569807343688644,-2.5250727485652193
84,0.00010001669224561887,0.010065368934928265,-2.2963641320736836
84,0.000100010316375141,0.16320607748617239,-2.495412179088739
84,8.439189299458134,0.010000000025084693,-2.38268763902748
84,0.00010000295840815354,0.4363941442279814,-2.633094743491084
85,9.879252887149951,0.36694308702070894,-2.60377841248973
85,7.339680057778494,0.30722696476657685,-2.5390560622545606
85,3.248215617994768,0.40333792687626274,-2.6090462854267065
85,9.99999998682631,0.14454703342168665,-2.375869419932896
85,9.999999997564634,0.21623872638130578,-2.4831361012506044
85,3.0587421753822883,0.40897276611398714,-2.634144246931645
85,4.420310061779676,0.3649992404644553,-2.6026311553081567
85,2.7903327318861146,0.4329450709932421,-2.668568194876157
85,5.479995177699131,0.3800290506873605,-2.6632580188286683
85,4.985713213541867,0.3318909881960898,-2.586525297384536
85,9.999999983396158,0.21025813587603936,-2.4463865051888534
85,4.336089850532574,0.3230277874715745,-2.614067789539833
85,1.2459822120599124,0.6215150629038126,-2.800125281386388
85,7.676631302211046,0.2382029873719818,-2.4516521271331024
85,9.999999984629152,0.19670027984489474,-2.4910084089194635
86,0.0001000111290421209,0.01006920407636379,-2.6633720524797155
86,0.00010001052917660808,0.2773569060563731,-2.8588806706584795
86,0.0001000025587655943,0.24312697168567124,-2.8813205536742887
86,0.000100010316375141,0.15238821638420505,-2.7449527162587963
86,0.00010000273881342675,0.5110691374682164,-3.2021826007176
86,0.00010000223647386522,0.6425261754731311,-3.3454192768280886
86,0.00010001815861535837,0.010062513990341474,-2.697480793012778
86,0.00010000216732051273,0.027512014912087497,-2.6116125513320183
86,0.0001000002806650517,0.3065702036406927,-2.8756280833795853
86,0.00010001026150891694,0.010065072011147638,-2.6197007598495716
86,0.00010000112289325327,0.4095556811553109,-2.9596533141146715
86,0.00010000343104022569,0.4001865436327778,-2.9942320904979867
86,0.00010000010571242286,0.010063983119156492,-2.533575032975571
86,0.00010000327566992779,0.21570888566303525,-2.8727908774841437
86,0.00010000112425741414,0.5685326002293847,-3.199295034184134
87,0.00010000071492138543,0.2139863608885635,-2.8656184776406217
87,0.00010001031637514105,0.010067711513818306,-2.7409566591501604
87,0.00010000957189191147,0.23124339053184523,-2.9578090048748704
87,0.00010000345055055692,0.11156938658079116,-2.6749301710736213
87,0.00010000637587047781,0.15494618409824176,-2.7357324452508918
87,0.00010000060285383482,0.010061375759446295,-2.6924542128198623
87,0.00010000637587047781,0.17206720968226255,-2.753740606216464
87,0.00010001537084822296,0.39714310475509607,-3.003817102495246
87,0.00010000084905309589,0.3804291563433816,-2.951271812047921
87,0.00010001031637514102,0.010065363361612,-2.569859165289654
87,0.00010001100002644532,0.46028231218315857,-3.078557190424717
87,0.00010001669224561887,0.010065220573444666,-2.683002638409741
87,0.00010000490294216949,0.2790798954487232,-2.898692993421409
87,0.00010000296605609476,0.010065895595721266,-2.7287490426762124
87,0.00010000243536581467,0.19162865177291252,-2.7938092950731934
88,0.00010000243536581467,0.2572838306376797,-2.840611412234439
88,0.00010000158011752187,0.14583823956465877,-3.138856205776818
88,0.00010001553531112633,0.1600995386534219,-3.056540317381922
88,0.00010001248978619212,0.17753881329308077,-3.0977683671021974
88,8.859811015209194,0.8177475393380904,-0.6210699313378164
88,0.00010000060397504068,0.5957206927849881,-3.554681171077824
88,0.00010000727691214787,0.22777916513105137,-3.230149197686902
88,0.00010000243536581468,0.47428132547505153,-3.5234423582984866
88,0.00010002364256224351,0.1337191662569647,-3.0758551512025596
88,0.00010001644938139085,0.3579833906406091,-3.2226807185406137
88,0.00010000065741002893,0.3648867717150442,-3.408568110888989
88,0.000100010258647813,0.5913952799192703,-3.47619853346603
88,0.00010001355494662842,0.01006503855176123,-3.012818381067562
88,0.00010001625811250606,0.03792459579587506,-3.0269812511911933
88,0.00010000180917553813,0.27688510948012274,-3.2518586624532273
89,0.00010196151768229998,0.2658324621227868,-2.492937470596892
89,0.00010000186818330467,0.767475405707078,-2.9810362815870515
89,0.0001002995301941736,0.01005114280153202,-2.2704721060790494
89,0.00010000394050466317,0.11964092628008137,-2.3417189032869405
89,0.00010001254357705562,0.24619006366886795,-2.5377058036695233
89,0.018761077892692123,0.09751562116668175,-2.3151180797971156
89,0.00010000001980103098,0.7848249172037042,-2.9863571582786945
89,0.00010000359792753028,0.2037451497957012,-2.436528397078742
89,0.0001000038265818241,0.11972932740391903,-2.276838326710477
89,0.00010018511984065613,0.01000373578479812,-2.216830606982706
89,0.00010299830182350897,0.029573820661155,-2.193075384743112
89,0.10221834253383276,0.2558475906712256,-2.3804573254763413
89,0.0001000113345467844,0.010068919878808001,-2.2243736733403523
89,0.00011941778585947832,0.04843597321545238,-2.2446555593675788
89,0.00010001031637514105,0.09846912161144077,-2.3084234269268573
90,0.00010000349388318738,0.9509172822735185,-2.8649733773767703
90,0.00010001537084822296,0.0296176840119941,-1.9514965268630742
90,6.294559043022425,0.37251426278906163,-2.4348605683418656
90,0.00010000211704426639,0.2953768938808232,-2.275694682002504
90,0.00010000067023812195,0.37979079411556654,-2.309861030627247
90,0.00010000254335175898,0.010064156078815124,-1.9392799738003088
90,0.00010000051091004297,0.39331465133971005,-2.425911444054117
90,0.00010000084996664838,0.469440162182082,-2.5274212193788106
90,0.0001000021342311869,0.44111724018718773,-2.449749787916461
90,0.00010000258711840005,0.1664221982558998,-2.155579146753487
90,0.00010001669224561887,0.01006539380503257,-1.9898891150476496
90,0.00010001669224561887,0.010065283785353615,-2.0301104487043675
90,0.00010000637587047787,0.01991565463548403,-2.1477196166378576
90,0.00010001537084822296,0.5365175876710293,-2.5508522129396822
90,0.00010000157537898324,0.016320188408122015,-2.0139846517786824
91,0.0001000025089686718,0.6259845191895118,-4.879534701582911
91,0.0001000069852771256,0.17791392734697914,-4.557189550026805
91,0.00010000005326025143,0.5279556179698437,-4.867849898906639
91,0.00010000243536581468,0.7032354729081131,-4.8965414552728745
91,0.00010000928947102221,0.010066512569771367,-4.386768792306451
91,0.00010001025864781306,0.16144636393719294,-4.473045485090488
91,0.00010001669224561887,0.2269643220343045,-4.404157352995053
91,0.00010001669224561889,0.29261992869877523,-4.697983561003264
91,0.00010000538472800717,0.0946607723684395,-4.444882119676276
91,0.0001000103001368084,0.3675085947336878,-4.650105746466972
91,0.00010000637587047785,0.010066315687651421,-4.288592138564035
91,0.00010000308975572274,0.01006649822781359,-4.2670027425727035
91,0.00010000243536581468,0.3240978105284089,-4.496330193468818
91,0.00010000148866793254,0.6751419028891177,-4.971031880334402
91,0.00010000154990845537,0.010639381155595583,-4.4313676152784724
92,0.00010000367091189251,0.010067201466646029,-4.999968771771107
92,0.00010000534606614516,0.010064338336901284,-4.999961932654023
92,0.0001000053543702096,0.010065400508540432,-4.999960984641418
92,0.0001000003865687585,0.010042933894911692,-4.999960345156965
92,0.00010000168067248979,0.09987426478239596,-4.813778623288996
92,0.00010001026775953713,0.01006458884819724,-4.999952069643339
92,0.00010001031637514102,0.010065442212405563,-4.999949549378501
92,0.00010000637587047787,0.010068180804504827,-4.9999396710875414
92,0.00010000150513884851,0.01006465912321395,-4.9999489109233055
92,0.00010001026150891696,0.010067959965973195,-4.9713792107979655
92,0.00010001669224561887,0.010065971993600546,-4.999962678392145
92,0.00010001537602400846,0.010064325160797652,-4.9999496882362315
92,0.00010001537602400846,0.010064360773203378,-4.9999550367950025
92,0.00010001537602400846,0.010069776549042744,-4.999966931613663
92,0.00010000082663497083,0.04962681473466006,-4.889493731324139
93,0.00015960801377939274,0.010065445891738377,-1.4012438843429165
93,0.00010001114308306737,0.010059922565114976,-1.436982281415075
93,0.00010000534693974396,0.33048877204057486,-1.7148404498071708
93,0.00010000217063588725,0.191201214196612,-1.5950926613322147
93,0.00010000183038573987,0.08779126309892993,-1.4627078819594705
93,0.000262768038524149,0.010000437538877537,-1.396246213543123
93,0.00010000024836809327,0.3592816535521562,-1.669989001779946
93,0.00010001025864781306,0.06560801157696643,-1.5076998145183467
93,0.00010000123562633362,0.2973032097372389,-1.7849507991361586
93,0.00010000011934498289,0.010059726147692615,-1.4144084585745493
93,0.00010000001355296179,0.22680910135846166,-1.633899377189095
93,0.00010000108960331787,0.5169231012745161,-1.836415043229795
93,0.00010000077120723683,0.2147207268226669,-1.5734943231306158
93,0.00010000036711159688,0.06636536399350258,-1.466700368544834
93,0.00010000000090132816,0.19793307924769563,-1.5951607473736085
94,0.00010000039281399852,0.0100480215460117,-1.3054463791611741
94,0.00010001031637514097,0.020152881967983795,-1.3025696452636046
94,0.00010001537084822296,0.029990190562583074,-1.3342393690825363
94,0.00010000076000982265,0.01005154907731002,-1.351423062143018
94,0.0028442090116416524,0.0100000000319087,-1.3045478897411866
94,0.00010001570221522039,0.01006539319204602,-1.3214609678933533
94,0.00010000748831047763,0.5294786102251383,-1.849616960036331
94,8.967508243695693,0.8912041583475743,-1.371587336624237
94,0.00018805003459174447,0.01000039663745372,-1.3392006718516773
94,0.00010000279184149561,0.2807523216384311,-1.6256538215205751
94,0.00010000311659713732,0.07042532441762198,-1.4483840529003227
94,0.00010000301133590198,0.11508465284920476,-1.50782938687574
94,0.00010001669224561882,0.06314775162822642,-1.4105531705233676
94,0.00010000088586479396,0.19975798174023693,-1.5650064288742125
94,0.0002590244765861095,0.010000471435748209,-1.3944804134189484
95,0.00015960801377939274,0.010065445891738377,-1.7622433647083846
95,0.00015960801377939274,0.010065445891738377,-1.8868480960172964
95,0.00010001626246888422,0.0306317743677529,-1.9016867107164863
95,6.411396177032645,0.010000000011466347,-1.8847022345029347
95,0.00010000326210521049,0.010065402123351622,-1.8795849860809661
95,0.00010001636525016201,0.05460071576011976,-1.9856082525217624
95,9.999999700469806,0.04552137192058506,-2.0838679305531045
95,0.00015960801377939274,0.010065445891738377,-1.9590537517044713
95,0.00010001537084822296,0.12299055705111901,-1.9629069316700998
95,0.00010001617255145351,0.010065439284832438,-1.8355626624618941
95,0.00010000007899565883,0.03456178541070803,-1.8704414101627758
95,0.00010000313874970888,0.010060613720550315,-1.8276149615661976
95,0.00022758788297104466,0.01000051737494358,-1.8594681027139248
95,0.00010001562350868496,0.027811832550021533,-1.8464049705387624
95,0.00010000453193367899,0.010062589745812252,-1.7875431295968256
